Sending 100 txs from 0x92424e4f86201c931ba53eb48619d93244c18e13 via http://127.0.0.1:8545, base_nonce=0, to_mode=sequential
tx 0/100: nonce=0x0 to=0x1000000000000000000000000000000000000001 response={"jsonrpc":"2.0","id":1,"result":"0x89d5ea05d6dd4e0c1536a09784a7ea03a4424e1e9b38e71f301a295218b54c35"}
tx 1/100: nonce=0x1 to=0x1000000000000000000000000000000000000002 response={"jsonrpc":"2.0","id":2,"result":"0x3d41479915ebbf2da11136b32ab05b7bb1d045f1e156307a1a833ad7012423d6"}
tx 2/100: nonce=0x2 to=0x1000000000000000000000000000000000000003 response={"jsonrpc":"2.0","id":3,"result":"0xda2a54bf485f1ae2136c14977bd82ce529d45934e6e826cbf4d18a9b09f65427"}
tx 3/100: nonce=0x3 to=0x1000000000000000000000000000000000000004 response={"jsonrpc":"2.0","id":4,"result":"0xabf740c27ce8d5c72edb8c2c41027533808a04cf299a8d9deaa3369eebae2a8f"}
tx 4/100: nonce=0x4 to=0x1000000000000000000000000000000000000005 response={"jsonrpc":"2.0","id":5,"result":"0x33b221fc4cc439d68075087ce9000fbcf336f9fdff2a0cc179952a23fef61b1d"}
tx 5/100: nonce=0x5 to=0x1000000000000000000000000000000000000006 response={"jsonrpc":"2.0","id":6,"result":"0xe8955560cd9602fb475d941e294d6f36db273bfc83621892d05513376c555272"}
tx 6/100: nonce=0x6 to=0x1000000000000000000000000000000000000007 response={"jsonrpc":"2.0","id":7,"result":"0x6a080fad79bb59be58cc626d99dc908380702485678e5a456503b0039b506999"}
tx 7/100: nonce=0x7 to=0x1000000000000000000000000000000000000008 response={"jsonrpc":"2.0","id":8,"result":"0x7e04fdec0547c049ada23e9186e5d58c40e31be169267aacf30fb970b518168c"}
tx 8/100: nonce=0x8 to=0x1000000000000000000000000000000000000009 response={"jsonrpc":"2.0","id":9,"result":"0x9f93a380ead1ad972f71207eec93174839e6615564adb4319e86538ebde30611"}
tx 9/100: nonce=0x9 to=0x100000000000000000000000000000000000000a response={"jsonrpc":"2.0","id":10,"result":"0x9192ac04af162b20927aa12fa3c0363012be5f6a596ea4eea6bf37d2eb4fb1bd"}
tx 10/100: nonce=0xa to=0x100000000000000000000000000000000000000b response={"jsonrpc":"2.0","id":11,"result":"0xdf413439fdda990573750d839ee649b40c5f966eeeb2e7302551d7faecc5fe71"}
tx 11/100: nonce=0xb to=0x100000000000000000000000000000000000000c response={"jsonrpc":"2.0","id":12,"result":"0xa2604f22012090c47ab5a669f7ad3ce51e3a0e010501b8a1c3ff7317b6358d43"}
tx 12/100: nonce=0xc to=0x100000000000000000000000000000000000000d response={"jsonrpc":"2.0","id":13,"result":"0x9726077500a19d99877ba5296a7c17f049ebbd884a83c94e7901ca709bd8e517"}
tx 13/100: nonce=0xd to=0x100000000000000000000000000000000000000e response={"jsonrpc":"2.0","id":14,"result":"0x4933357639f309e234130d34a55e01b39e4a40c84cd27f84f6dd5678f4029a10"}
tx 14/100: nonce=0xe to=0x100000000000000000000000000000000000000f response={"jsonrpc":"2.0","id":15,"result":"0xe77b77021fb944da38e24476d70a149ff3cc20654903c1b6626f3079da2e1aef"}
tx 15/100: nonce=0xf to=0x1000000000000000000000000000000000000010 response={"jsonrpc":"2.0","id":16,"result":"0x0c10a3ca184d02c6658476592165dab6a3ff70df4d8568d95ed2c3000f37078a"}
tx 16/100: nonce=0x10 to=0x1000000000000000000000000000000000000011 response={"jsonrpc":"2.0","id":17,"result":"0x9a4f6d62d4187b28e5523189c113e477369ed6f75e9cdadd5040a6ea2c856ec5"}
tx 17/100: nonce=0x11 to=0x1000000000000000000000000000000000000012 response={"jsonrpc":"2.0","id":18,"result":"0x476e9ebd42c09158587860863d582cb9d62f921d0e3b89fed47201fe85751614"}
tx 18/100: nonce=0x12 to=0x1000000000000000000000000000000000000013 response={"jsonrpc":"2.0","id":19,"result":"0x52f2a7f1141aaa58f6ddaad058661d0986cde44cdaffa5d33fde927a58975d8a"}
tx 19/100: nonce=0x13 to=0x1000000000000000000000000000000000000014 response={"jsonrpc":"2.0","id":20,"result":"0x670fb77b9f729319bb5119d662c1abcdc956f4de8696e59a8f5a4d3e3bb8c06a"}
tx 20/100: nonce=0x14 to=0x1000000000000000000000000000000000000015 response={"jsonrpc":"2.0","id":21,"result":"0x053f665334761aece839104b2a53034996b26752bb038d64040daa2919b34f17"}
tx 21/100: nonce=0x15 to=0x1000000000000000000000000000000000000016 response={"jsonrpc":"2.0","id":22,"result":"0xf4ffd6d65470469cf8bcd3cb0ed02ed67edc34b21c681f63f3356863cab312d7"}
tx 22/100: nonce=0x16 to=0x1000000000000000000000000000000000000017 response={"jsonrpc":"2.0","id":23,"result":"0x12c22b4d2a9957e93122e042d75eb7ade845f2ec42c7d2896bb4a47ae0042a3e"}
tx 23/100: nonce=0x17 to=0x1000000000000000000000000000000000000018 response={"jsonrpc":"2.0","id":24,"result":"0x5349b56dafaca673d3fc839445245b44a1b1244810a73dba6391dce83a18abc7"}
tx 24/100: nonce=0x18 to=0x1000000000000000000000000000000000000019 response={"jsonrpc":"2.0","id":25,"result":"0x0c9a4b4028814f8e97dd57dd71971b91113649594a297461d9f9c90550c7e28b"}
tx 25/100: nonce=0x19 to=0x100000000000000000000000000000000000001a response={"jsonrpc":"2.0","id":26,"result":"0xc2ab080f3e70486be8c36c9c79cba9c4467666db7432ec9185b2b16e6f3794ba"}
tx 26/100: nonce=0x1a to=0x100000000000000000000000000000000000001b response={"jsonrpc":"2.0","id":27,"result":"0xa9a9013c2c35ff23c96d5f6ff124408244e91520bc6534b1ddf3c2e71e653c55"}
tx 27/100: nonce=0x1b to=0x100000000000000000000000000000000000001c response={"jsonrpc":"2.0","id":28,"result":"0x106fdfc3d7cda9afba0aad9aad194bf8790a297c17605197077a26061b9c052c"}
tx 28/100: nonce=0x1c to=0x100000000000000000000000000000000000001d response={"jsonrpc":"2.0","id":29,"result":"0xf41032c9c2aa055a495fd2aecbaecd2bde036da7b9c081aa1d5c427825450d98"}
tx 29/100: nonce=0x1d to=0x100000000000000000000000000000000000001e response={"jsonrpc":"2.0","id":30,"result":"0x75c8f4253ecf2b87dbcdb9b52a14189801123770cfc016bba55ac71081bd108b"}
tx 30/100: nonce=0x1e to=0x100000000000000000000000000000000000001f response={"jsonrpc":"2.0","id":31,"result":"0x72fa5ba894f857dc037e3d516f174e3c31cfbf904a0d6a86efa03d5daa0fa86f"}
tx 31/100: nonce=0x1f to=0x1000000000000000000000000000000000000020 response={"jsonrpc":"2.0","id":32,"result":"0xfec442a70e145518c7eff521b516a18529395e397b99ffc89caf75f922f64b4a"}
tx 32/100: nonce=0x20 to=0x1000000000000000000000000000000000000021 response={"jsonrpc":"2.0","id":33,"result":"0x5b06b182e63ecbd622609707dd4c0b303079deb3c46c7fdaa7c7cb9fa46aa3ce"}
tx 33/100: nonce=0x21 to=0x1000000000000000000000000000000000000022 response={"jsonrpc":"2.0","id":34,"result":"0x60f8eb61b14be4a41646f7e16cf38fde3bb23fc040daff4e56cc6000f9ae9837"}
tx 34/100: nonce=0x22 to=0x1000000000000000000000000000000000000023 response={"jsonrpc":"2.0","id":35,"result":"0x18eaa0faf015558c1c50f9f9915b8c64105aff661472a03c3c1c180c78c21178"}
tx 35/100: nonce=0x23 to=0x1000000000000000000000000000000000000024 response={"jsonrpc":"2.0","id":36,"result":"0x6fd218ef9fc349adcc3fcf8f569bbb57e25cf703f0d0ff482af7b550101823d1"}
tx 36/100: nonce=0x24 to=0x1000000000000000000000000000000000000025 response={"jsonrpc":"2.0","id":37,"result":"0xc9a5a1310f11788dbb7352521457b8e5adea23ca2eff6aac6bf28ff840b14358"}
tx 37/100: nonce=0x25 to=0x1000000000000000000000000000000000000026 response={"jsonrpc":"2.0","id":38,"result":"0x1e2b61119e485d003ec7b43e558d62f75ffced669a6fb986b96146e2f1c792a4"}
tx 38/100: nonce=0x26 to=0x1000000000000000000000000000000000000027 response={"jsonrpc":"2.0","id":39,"result":"0x0713801d63a8ad58733812413d83ee63e8a24ee16c04eafb80e82b9788dafafd"}
tx 39/100: nonce=0x27 to=0x1000000000000000000000000000000000000028 response={"jsonrpc":"2.0","id":40,"result":"0xbd34fb531425d1a3ea41c68bc203c74edf481fced5d3217394d95bfcc4ed64c9"}
tx 40/100: nonce=0x28 to=0x1000000000000000000000000000000000000029 response={"jsonrpc":"2.0","id":41,"result":"0x522e81e9a2dd83ca397ce8c1c1fed307a7866a607194f63d05928276b7802984"}
tx 41/100: nonce=0x29 to=0x100000000000000000000000000000000000002a response={"jsonrpc":"2.0","id":42,"result":"0x56aaa788ca788d7a029115e97b3263a8b097bf664ac694f331f233bf987b52b1"}
tx 42/100: nonce=0x2a to=0x100000000000000000000000000000000000002b response={"jsonrpc":"2.0","id":43,"result":"0x793bdc512a0489271b493c2e1dd58b158f6dfa8d99dec4985e18de7498ab4a90"}
tx 43/100: nonce=0x2b to=0x100000000000000000000000000000000000002c response={"jsonrpc":"2.0","id":44,"result":"0x0075fbf37bb0f95a237460e777c1b33e94a7cad08dc1cc26276d939680e4a3b8"}
tx 44/100: nonce=0x2c to=0x100000000000000000000000000000000000002d response={"jsonrpc":"2.0","id":45,"result":"0x0ce05e42b8a095123f04bc8f0d4216ef5c937e1ca1b70868cbf19f07a96f2f20"}
tx 45/100: nonce=0x2d to=0x100000000000000000000000000000000000002e response={"jsonrpc":"2.0","id":46,"result":"0x162e6c1aa53262a3c600d08e98115620dead428ab05c2bde86f531dcc6d268ee"}
tx 46/100: nonce=0x2e to=0x100000000000000000000000000000000000002f response={"jsonrpc":"2.0","id":47,"result":"0xafda860d122209b0481bb5f3e4fb2ac4b46d057323ffcfff9acc111c209b6070"}
tx 47/100: nonce=0x2f to=0x1000000000000000000000000000000000000030 response={"jsonrpc":"2.0","id":48,"result":"0x61cdeb5492df786a9f07d2bf85e7f82452b670f064fe786243e97611a939fb9b"}
tx 48/100: nonce=0x30 to=0x1000000000000000000000000000000000000031 response={"jsonrpc":"2.0","id":49,"result":"0x9b4ff90f8428a0e15097832a80cedd94b3e26bbc02e19f5e37eeff90f0d6787b"}
tx 49/100: nonce=0x31 to=0x1000000000000000000000000000000000000032 response={"jsonrpc":"2.0","id":50,"result":"0xb98a06dbf10c75754af89975ec73ef1153a4e057af4efc3d0385b2bf356a7a36"}
tx 50/100: nonce=0x32 to=0x1000000000000000000000000000000000000033 response={"jsonrpc":"2.0","id":51,"result":"0xa666d65cf2384eeeb00b488928fbf4b74f3bd885f78dc89bff1d2f80bbc63db7"}
tx 51/100: nonce=0x33 to=0x1000000000000000000000000000000000000034 response={"jsonrpc":"2.0","id":52,"result":"0x0c4542b8050da7e808e38bf1c6a5c6d5e5c45360e9c2f80e315fc09b6373cb59"}
tx 52/100: nonce=0x34 to=0x1000000000000000000000000000000000000035 response={"jsonrpc":"2.0","id":53,"result":"0x3e1c7ffc63ca74a647b55b9fb9e128285df788082efbbf6a8a330370d1b9e51e"}
tx 53/100: nonce=0x35 to=0x1000000000000000000000000000000000000036 response={"jsonrpc":"2.0","id":54,"result":"0xa21640d2478330935c2fb27e3698f58fbeae7af7344c3eac9cbabaf5eb619c33"}
tx 54/100: nonce=0x36 to=0x1000000000000000000000000000000000000037 response={"jsonrpc":"2.0","id":55,"result":"0x0b40e4efa7a74aea443d95998b58962dcf6911098460d24c392ef4595e26ce5c"}
tx 55/100: nonce=0x37 to=0x1000000000000000000000000000000000000038 response={"jsonrpc":"2.0","id":56,"result":"0x9e8ca8008f18f94131d4403158ece0d336462b7d8c9c5af16a02a810f2a83ee7"}
tx 56/100: nonce=0x38 to=0x1000000000000000000000000000000000000039 response={"jsonrpc":"2.0","id":57,"result":"0x5170d3bdc176b9439fdb9ea1391c6a0b3961f071ff2f2d7374d7b13337efc061"}
tx 57/100: nonce=0x39 to=0x100000000000000000000000000000000000003a response={"jsonrpc":"2.0","id":58,"result":"0x31e86f9ad998c310101d6da29e37cfdd7b1bc4168daa1aea8a463bc3cb75eba4"}
tx 58/100: nonce=0x3a to=0x100000000000000000000000000000000000003b response={"jsonrpc":"2.0","id":59,"result":"0x6e7ea92047f9a44a34aa9901f780ae563931b2d829beb0c53d57d2371fb7694a"}
tx 59/100: nonce=0x3b to=0x100000000000000000000000000000000000003c response={"jsonrpc":"2.0","id":60,"result":"0x8b5c5b8a32d4e6b8e81872e5d52582da04f3c8742caeed507c7d332005bbba91"}
tx 60/100: nonce=0x3c to=0x100000000000000000000000000000000000003d response={"jsonrpc":"2.0","id":61,"result":"0x0c11050c2fb0fe09edbe2eaa7a6b7e3dd48c0eecd21aaa8d587dfe8caf5346db"}
tx 61/100: nonce=0x3d to=0x100000000000000000000000000000000000003e response={"jsonrpc":"2.0","id":62,"result":"0xb039142c212dab86922bf846221a6b8a2618c62f8b85e3258fee7c760389b815"}
tx 62/100: nonce=0x3e to=0x100000000000000000000000000000000000003f response={"jsonrpc":"2.0","id":63,"result":"0x63ca9c6a045330bb89ecc92712b0f0f3c9cce5cfed014ffa9df6f00609071dc9"}
tx 63/100: nonce=0x3f to=0x1000000000000000000000000000000000000040 response={"jsonrpc":"2.0","id":64,"result":"0x18e20e5bb97d6aa547206c818ed79e4fd8db7fb73c815bcd208a2a89ec5c3b15"}
tx 64/100: nonce=0x40 to=0x1000000000000000000000000000000000000041 response={"jsonrpc":"2.0","id":65,"result":"0xd8c1079d96f5be11a63ddbc2226094ed6ab7bc63ac6b794b5f43513eba431cfc"}
tx 65/100: nonce=0x41 to=0x1000000000000000000000000000000000000042 response={"jsonrpc":"2.0","id":66,"result":"0x1a7b87ac87990f0ba5725e53cc802a403967c7d4ddd51ce26d526bcc8295867c"}
tx 66/100: nonce=0x42 to=0x1000000000000000000000000000000000000043 response={"jsonrpc":"2.0","id":67,"result":"0x32e526de17cf906c214dcb76f5a7004f59596eeda148aea39cbc2202356a9610"}
tx 67/100: nonce=0x43 to=0x1000000000000000000000000000000000000044 response={"jsonrpc":"2.0","id":68,"result":"0x66dae91c03a77091aead4c481c497a2eac6c97de8872800420b0d9a9196c5b1c"}
tx 68/100: nonce=0x44 to=0x1000000000000000000000000000000000000045 response={"jsonrpc":"2.0","id":69,"result":"0x7b68bde320f80993bd75573a2143263ecb4fb2def21e4f6fc2e09d252414e090"}
tx 69/100: nonce=0x45 to=0x1000000000000000000000000000000000000046 response={"jsonrpc":"2.0","id":70,"result":"0xc5f1e690c3fda84747dff6b7aeed3c16d0770426840563b83de581af500ae1c1"}
tx 70/100: nonce=0x46 to=0x1000000000000000000000000000000000000047 response={"jsonrpc":"2.0","id":71,"result":"0x4563e8bad7a714f1e517906e558e124e4b8ac905f4eb78e18ee7a0a0cc11c814"}
tx 71/100: nonce=0x47 to=0x1000000000000000000000000000000000000048 response={"jsonrpc":"2.0","id":72,"result":"0xdfd64c4c53d11bd44ffa708645ee3383f7ee22fd81b686d5430570d0ec96fb0f"}
tx 72/100: nonce=0x48 to=0x1000000000000000000000000000000000000049 response={"jsonrpc":"2.0","id":73,"result":"0x0b18715d499996a8cb9bcc1df011fbf3ebf0751cf72a4d98823c3a86c57cf6d5"}
tx 73/100: nonce=0x49 to=0x100000000000000000000000000000000000004a response={"jsonrpc":"2.0","id":74,"result":"0x3a6719ae0ba663d5ccc6dd8f77700fd22e44a87f2d03566200a8b3242291f0df"}
tx 74/100: nonce=0x4a to=0x100000000000000000000000000000000000004b response={"jsonrpc":"2.0","id":75,"result":"0x312d6b033739bad4954e499fbd7886bc4a63841e8b526086399ad9d25e574de0"}
tx 75/100: nonce=0x4b to=0x100000000000000000000000000000000000004c response={"jsonrpc":"2.0","id":76,"result":"0xc53ac98f9fe1b63b6eb079e5c7e22ac68199f4055f00b66a0973e666c8309dd6"}
tx 76/100: nonce=0x4c to=0x100000000000000000000000000000000000004d response={"jsonrpc":"2.0","id":77,"result":"0xd33d4b2ac082ce6ec40484eec72b1e42f3680c257cb6e39218a73bc116604904"}
tx 77/100: nonce=0x4d to=0x100000000000000000000000000000000000004e response={"jsonrpc":"2.0","id":78,"result":"0xd2ac811317d745d99efc465ee48249a77ec37ff404f7b07e5407460c4b5ff8b9"}
tx 78/100: nonce=0x4e to=0x100000000000000000000000000000000000004f response={"jsonrpc":"2.0","id":79,"result":"0x8ea6881b25ed7703a8433adab30602c8154ed4deba0846eceeeb23db06f629dd"}
tx 79/100: nonce=0x4f to=0x1000000000000000000000000000000000000050 response={"jsonrpc":"2.0","id":80,"result":"0xed102fd1174b8caeb1706fa107c714550d03eb307c4bafafd0a8e810c124e998"}
tx 80/100: nonce=0x50 to=0x1000000000000000000000000000000000000051 response={"jsonrpc":"2.0","id":81,"result":"0x9b4df8d027e3c056786c86d1d716464016d0e1e595bf38c3ca0289e73022ffc3"}
tx 81/100: nonce=0x51 to=0x1000000000000000000000000000000000000052 response={"jsonrpc":"2.0","id":82,"result":"0xfd392795dd58e7647f6d536d08debd233964a6acca143001c9da7e8fe3fe2243"}
tx 82/100: nonce=0x52 to=0x1000000000000000000000000000000000000053 response={"jsonrpc":"2.0","id":83,"result":"0x8b91ab16c72ff96e74c1689a33523452b5a06e8754b4d9f910c975c5f70b84ef"}
tx 83/100: nonce=0x53 to=0x1000000000000000000000000000000000000054 response={"jsonrpc":"2.0","id":84,"result":"0xea0051d7f3025fbc9514045522da01a0fa67e3ecb98ea439dd98dec4bfe1ead5"}
tx 84/100: nonce=0x54 to=0x1000000000000000000000000000000000000055 response={"jsonrpc":"2.0","id":85,"result":"0xdadb3c4999763798ce6bdbdbbb782c450212b6773e726e4d9bf81af4f5444563"}
tx 85/100: nonce=0x55 to=0x1000000000000000000000000000000000000056 response={"jsonrpc":"2.0","id":86,"result":"0x9a33c6997f531ff3c317409ddb1454119cd460c822062e383b172431953fda4a"}
tx 86/100: nonce=0x56 to=0x1000000000000000000000000000000000000057 response={"jsonrpc":"2.0","id":87,"result":"0x7229cb2a8285d267af7dd2713f3bf042e497074159dbe34e69e6d385f6722917"}
tx 87/100: nonce=0x57 to=0x1000000000000000000000000000000000000058 response={"jsonrpc":"2.0","id":88,"result":"0x71965a044a0a3ccb9828c647a65ab4a3d37e9dc26438c1cb22c797cdd67e199f"}
tx 88/100: nonce=0x58 to=0x1000000000000000000000000000000000000059 response={"jsonrpc":"2.0","id":89,"result":"0x0de4c3073617034a4b6504bc50d15f84c606f2e261f0a92780695895d4cea5be"}
tx 89/100: nonce=0x59 to=0x100000000000000000000000000000000000005a response={"jsonrpc":"2.0","id":90,"result":"0x35b6373474f51c03d2109fc79e0f780f95340d2b3520a327df113c2713145fb7"}
tx 90/100: nonce=0x5a to=0x100000000000000000000000000000000000005b response={"jsonrpc":"2.0","id":91,"result":"0x4c12f605c568a6e5672cdf4057cad6361769a66c1f0d9c3b4acdc011c0d4dd84"}
tx 91/100: nonce=0x5b to=0x100000000000000000000000000000000000005c response={"jsonrpc":"2.0","id":92,"result":"0x47857fd910e6b799c9f28af027c94b7750e6075748dd0bee93e1f9ac9d0cd494"}
tx 92/100: nonce=0x5c to=0x100000000000000000000000000000000000005d response={"jsonrpc":"2.0","id":93,"result":"0x049e2cba47e0d09c8dc723df14a58d46c017710040584e13caca8c22b8a58da8"}
tx 93/100: nonce=0x5d to=0x100000000000000000000000000000000000005e response={"jsonrpc":"2.0","id":94,"result":"0x7a9aee4fb9a961b71294034d765f461334014a1316432f99639f203dc146535e"}
tx 94/100: nonce=0x5e to=0x100000000000000000000000000000000000005f response={"jsonrpc":"2.0","id":95,"result":"0x093ae364b7c80e1140e918962367afc4d4858f15689064e000df030221584d58"}
tx 95/100: nonce=0x5f to=0x1000000000000000000000000000000000000060 response={"jsonrpc":"2.0","id":96,"result":"0x1a65a00bc7e99c5a905154767348f6543bc0437ebf40d5611412cbc7e4502af5"}
tx 96/100: nonce=0x60 to=0x1000000000000000000000000000000000000061 response={"jsonrpc":"2.0","id":97,"result":"0xb024ba195d7b79140c5ba9352b26b7db326235fadff75f11f08fb37c59da76d9"}
tx 97/100: nonce=0x61 to=0x1000000000000000000000000000000000000062 response={"jsonrpc":"2.0","id":98,"result":"0xb9ce0303d06c1bc3f54db712cc256641e2bf375920414115591d76d37e0e9447"}
tx 98/100: nonce=0x62 to=0x1000000000000000000000000000000000000063 response={"jsonrpc":"2.0","id":99,"result":"0x76897d69067f85c4b0454dbd0c2364743e907a9edd77ab927414ed704b849436"}
tx 99/100: nonce=0x63 to=0x1000000000000000000000000000000000000064 response={"jsonrpc":"2.0","id":100,"result":"0xb5d80ea9947cc89d787e522ea55ca4bb7d2b7dfe5d45c8522bf29398adc00334"}
Done. Check pending txs with:
curl -s -H 'Content-Type: application/json' --data '{"jsonrpc":"2.0","method":"txpool_status","params":[],"id":1}' http://127.0.0.1:8545
Sending 100 txs from 0x92424e4f86201c931ba53eb48619d93244c18e13 via http://127.0.0.1:8545, base_nonce=100, to_mode=sequential
tx 0/100: nonce=0x64 to=0x1000000000000000000000000000000000000001 response={"jsonrpc":"2.0","id":1,"result":"0xcd19713a4cb6c66ac6e6cfefc5aa7c4db661f9a9bfd0325f5c38bb08001682c4"}
tx 1/100: nonce=0x65 to=0x1000000000000000000000000000000000000002 response={"jsonrpc":"2.0","id":2,"result":"0xb6668470b0b75f254fbd229c2c030520982179e21b2ab7a39c6fed9bf3fcc629"}
tx 2/100: nonce=0x66 to=0x1000000000000000000000000000000000000003 response={"jsonrpc":"2.0","id":3,"result":"0x99555a024409bdb94c03e889d9707b8b4ea9e6b6a9d4b2cea97ad17fa9bcdf76"}
tx 3/100: nonce=0x67 to=0x1000000000000000000000000000000000000004 response={"jsonrpc":"2.0","id":4,"result":"0xbfacb4d06688b7cd49c7e3a3601a05edbf0a00e09ae6a357561c0b8d2a54ada9"}
tx 4/100: nonce=0x68 to=0x1000000000000000000000000000000000000005 response={"jsonrpc":"2.0","id":5,"result":"0x9ce728594ec344853d41595b406596570daa62e95c06b88309ebbe29405807cd"}
tx 5/100: nonce=0x69 to=0x1000000000000000000000000000000000000006 response={"jsonrpc":"2.0","id":6,"result":"0xde4efa5a79a4e440cddb89ab5a426cd48c5bcb4a51393f2ac9fa7a45226ff375"}
tx 6/100: nonce=0x6a to=0x1000000000000000000000000000000000000007 response={"jsonrpc":"2.0","id":7,"result":"0x2f7a9c20761e84cb4e0c0ed2ba9198ad06f5a69ab80f1327cc69e4ac33b87511"}
tx 7/100: nonce=0x6b to=0x1000000000000000000000000000000000000008 response={"jsonrpc":"2.0","id":8,"result":"0xf1884bfcfb70b702fc2e3921af236aba157d09aacd88493041b07b09a3c58596"}
tx 8/100: nonce=0x6c to=0x1000000000000000000000000000000000000009 response={"jsonrpc":"2.0","id":9,"result":"0xac1749463e8efb66f5890c010ef976a123dfec5f0904a8ca8600017cccde8815"}
tx 9/100: nonce=0x6d to=0x100000000000000000000000000000000000000a response={"jsonrpc":"2.0","id":10,"result":"0x76289de1d3f4b0612322dc96b79c9b22667f0df282fce095b046c419e1ac3e65"}
tx 10/100: nonce=0x6e to=0x100000000000000000000000000000000000000b response={"jsonrpc":"2.0","id":11,"result":"0xa8ac849e09e5578f74eb708217a2dbef3f041d786b17f20b92fe701d48ea013d"}
tx 11/100: nonce=0x6f to=0x100000000000000000000000000000000000000c response={"jsonrpc":"2.0","id":12,"result":"0xb46e7536e55e15f183a8d9fff7ab158e3d686a6caca271e01f74c8b10af064d9"}
tx 12/100: nonce=0x70 to=0x100000000000000000000000000000000000000d response={"jsonrpc":"2.0","id":13,"result":"0xafb507a26a6f24199fe3f38d754b082ec7df42a224201312c21377091ebd7705"}
tx 13/100: nonce=0x71 to=0x100000000000000000000000000000000000000e response={"jsonrpc":"2.0","id":14,"result":"0x2eb804eaf040d5fe5d9ab44671b3feae63fe4bdab71f6af643c799d48a514675"}
tx 14/100: nonce=0x72 to=0x100000000000000000000000000000000000000f response={"jsonrpc":"2.0","id":15,"result":"0x4c756f4cde3bc19f17901d4c2ab0eb8a4f83205eb0a3d2ea995bb49f9478d9fa"}
tx 15/100: nonce=0x73 to=0x1000000000000000000000000000000000000010 response={"jsonrpc":"2.0","id":16,"result":"0xb67e65046588fbffbed6811fcc90dee0bea13de4e5187af6a48d18661b0c0ec9"}
tx 16/100: nonce=0x74 to=0x1000000000000000000000000000000000000011 response={"jsonrpc":"2.0","id":17,"result":"0x48c330180a358e13dd6e6b3da49c536e6bd1ad0e2cc5569ccc1fb9bf5dce15ed"}
tx 17/100: nonce=0x75 to=0x1000000000000000000000000000000000000012 response={"jsonrpc":"2.0","id":18,"result":"0x20d347e0448bb85985da700eef4cc091ae3ccc6786efa6c36da7685643b30539"}
tx 18/100: nonce=0x76 to=0x1000000000000000000000000000000000000013 response={"jsonrpc":"2.0","id":19,"result":"0xe4b3d9fdf719c4e31021b64b9462f44c7c5fe2c7a558cd55d41df4c8c27d4b6b"}
tx 19/100: nonce=0x77 to=0x1000000000000000000000000000000000000014 response={"jsonrpc":"2.0","id":20,"result":"0x0f784b9db9eb40fa1d2afee170401182c60610a0f3786a8d0e66b41c639bc80a"}
tx 20/100: nonce=0x78 to=0x1000000000000000000000000000000000000015 response={"jsonrpc":"2.0","id":21,"result":"0xcd7947c553775df355a0b0d632b470eb77a634e4fd39589915e47c827c70c8e0"}
tx 21/100: nonce=0x79 to=0x1000000000000000000000000000000000000016 response={"jsonrpc":"2.0","id":22,"result":"0xd4f1ff567590c5e3e5d8d04ccb27d76d7db09a1097f2288c6ffe9b28d6e36a68"}
tx 22/100: nonce=0x7a to=0x1000000000000000000000000000000000000017 response={"jsonrpc":"2.0","id":23,"result":"0xfb94a5fefd39042ffb8480b6f22395c80d21f6b1d51d638c32a67fa90ec0cd24"}
tx 23/100: nonce=0x7b to=0x1000000000000000000000000000000000000018 response={"jsonrpc":"2.0","id":24,"result":"0x7fae26627fa227642022f4326cde1b538313f8bd7870987ed831a47dfd7412ba"}
tx 24/100: nonce=0x7c to=0x1000000000000000000000000000000000000019 response={"jsonrpc":"2.0","id":25,"result":"0x399abfa4197838e20f51f4dfdfc09a4188aa04e768918af0ca378f29a41890c6"}
tx 25/100: nonce=0x7d to=0x100000000000000000000000000000000000001a response={"jsonrpc":"2.0","id":26,"result":"0xf9a416114463ae2b0c640218e04f56a06fbb1d43a9fe95fef5cfc7f954bd7002"}
tx 26/100: nonce=0x7e to=0x100000000000000000000000000000000000001b response={"jsonrpc":"2.0","id":27,"result":"0xe45d0f92fd516d5387972ac1a9390ce5c3089512daccc4b74707eec218c374fe"}
tx 27/100: nonce=0x7f to=0x100000000000000000000000000000000000001c response={"jsonrpc":"2.0","id":28,"result":"0x650b07373170decbea1042eac430ea4ca828780bd2088ba9759fb86edc5ff938"}
tx 28/100: nonce=0x80 to=0x100000000000000000000000000000000000001d response={"jsonrpc":"2.0","id":29,"result":"0x7731e744654361e4dc40f08fa2ff02764b54594f35ed2901bc74a53c37c0f12c"}
tx 29/100: nonce=0x81 to=0x100000000000000000000000000000000000001e response={"jsonrpc":"2.0","id":30,"result":"0xa55f760b32a607a5a49166774bbd1477152d3dd9d0f9e49fa30c39e9ff67bce8"}
tx 30/100: nonce=0x82 to=0x100000000000000000000000000000000000001f response={"jsonrpc":"2.0","id":31,"result":"0x388000d6a6ca8d4cc7d5afe3400ac31bb6e980f3875533fd79a10d276c64b3d7"}
tx 31/100: nonce=0x83 to=0x1000000000000000000000000000000000000020 response={"jsonrpc":"2.0","id":32,"result":"0x7308a69d46168af91f0dd856cfe9e65cc6278a7a75b03031487ce6fa4112c6f5"}
tx 32/100: nonce=0x84 to=0x1000000000000000000000000000000000000021 response={"jsonrpc":"2.0","id":33,"result":"0x3c01949c3a6afa5dc87c7a9f0f9fdf9111f41924e97b6b65650591eecb35e80f"}
tx 33/100: nonce=0x85 to=0x1000000000000000000000000000000000000022 response={"jsonrpc":"2.0","id":34,"result":"0x9eb2124db5977deab746dbd28f618e6e8c7b9793f917469c14fedd65659ca92b"}
tx 34/100: nonce=0x86 to=0x1000000000000000000000000000000000000023 response={"jsonrpc":"2.0","id":35,"result":"0xa910732a3a29a33748e0ab14ac016687a4f5507308c5cb172280912e55d43d89"}
tx 35/100: nonce=0x87 to=0x1000000000000000000000000000000000000024 response={"jsonrpc":"2.0","id":36,"result":"0x73f3589b8164fe6648ed60636ac142ef4e1afa57f79cad53b50d06046938241d"}
tx 36/100: nonce=0x88 to=0x1000000000000000000000000000000000000025 response={"jsonrpc":"2.0","id":37,"result":"0x07fa03c0a566a21d56247dabafe29c5a3f69c4a1ef1c3e15a138e54cf8ae95c1"}
tx 37/100: nonce=0x89 to=0x1000000000000000000000000000000000000026 response={"jsonrpc":"2.0","id":38,"result":"0x98d68e34385755a5e77143207797bf6c1827f7bbd61700af4d6d384756fcda8d"}
tx 38/100: nonce=0x8a to=0x1000000000000000000000000000000000000027 response={"jsonrpc":"2.0","id":39,"result":"0xfc0c6bcf45d8b9fee8eada1e984d65d10f422a478541c8c5c02f358d9c064c9d"}
tx 39/100: nonce=0x8b to=0x1000000000000000000000000000000000000028 response={"jsonrpc":"2.0","id":40,"result":"0x6d6f896d940d564163747356804749f4ac528ee55b2268ec31e94121976f3505"}
tx 40/100: nonce=0x8c to=0x1000000000000000000000000000000000000029 response={"jsonrpc":"2.0","id":41,"result":"0x7438515b5579e3a7d0138c26f35910dace5617d3643d9e9a5b381bf7e63e1de8"}
tx 41/100: nonce=0x8d to=0x100000000000000000000000000000000000002a response={"jsonrpc":"2.0","id":42,"result":"0xe7b365f85a664f59cc2cc86308d9a9d3064f82077fe50fbdc8463940ad2b3634"}
tx 42/100: nonce=0x8e to=0x100000000000000000000000000000000000002b response={"jsonrpc":"2.0","id":43,"result":"0x00bedde7a8dc99c28ebc3c2eb8fed3ebf350c3c2f53e73f0b542824062bd20df"}
tx 43/100: nonce=0x8f to=0x100000000000000000000000000000000000002c response={"jsonrpc":"2.0","id":44,"result":"0x6840b4cf07b3cf56385e5dd265b77854de951764148654d7a39139fa6813d3c8"}
tx 44/100: nonce=0x90 to=0x100000000000000000000000000000000000002d response={"jsonrpc":"2.0","id":45,"result":"0x871669e58570337fe98ad2f467cf7e7b47cceaefbd7f07d3ac8385232f652d02"}
tx 45/100: nonce=0x91 to=0x100000000000000000000000000000000000002e response={"jsonrpc":"2.0","id":46,"result":"0x3a181399e88d7bd4758f52c7064ce7b76f23d8242b64e401a9666ab2fc0db571"}
tx 46/100: nonce=0x92 to=0x100000000000000000000000000000000000002f response={"jsonrpc":"2.0","id":47,"result":"0xf30381971eb4999d8df4abcfda2516f296cbe20f4eb3f57d78ac8247b98db985"}
tx 47/100: nonce=0x93 to=0x1000000000000000000000000000000000000030 response={"jsonrpc":"2.0","id":48,"result":"0x1a2b29bd92ba6b5a9ec52ddac2fe8a1860e457ac0500ade69c42e27181eacdf6"}
tx 48/100: nonce=0x94 to=0x1000000000000000000000000000000000000031 response={"jsonrpc":"2.0","id":49,"result":"0x9d533879624acc328b1d400f219e6342ff1bc5217d6649dcaa24cef9af79eb33"}
tx 49/100: nonce=0x95 to=0x1000000000000000000000000000000000000032 response={"jsonrpc":"2.0","id":50,"result":"0xc166d6dec872c7cd137dc7626ea0fec209d9cdf4922ab6941ce6f2ef7219e73d"}
tx 50/100: nonce=0x96 to=0x1000000000000000000000000000000000000033 response={"jsonrpc":"2.0","id":51,"result":"0xa3c47b4bd6cfc8ba8b61db91384315ec9f2fb4b824d545eb9bd2693a8cf810f5"}
tx 51/100: nonce=0x97 to=0x1000000000000000000000000000000000000034 response={"jsonrpc":"2.0","id":52,"result":"0xcd82a8215aaeaf6531aecd501e6be6a4517c21abeeb373ba08a3318438552270"}
tx 52/100: nonce=0x98 to=0x1000000000000000000000000000000000000035 response={"jsonrpc":"2.0","id":53,"result":"0xf83509a86ea0ed6988f06e7e345f22d5b9554b789d592e706d1f98ea64a21760"}
tx 53/100: nonce=0x99 to=0x1000000000000000000000000000000000000036 response={"jsonrpc":"2.0","id":54,"result":"0x49fbf0cf1bf2d20df56f2b510cb6fbeff672660f96a4f3129fc269fc63b075ba"}
tx 54/100: nonce=0x9a to=0x1000000000000000000000000000000000000037 response={"jsonrpc":"2.0","id":55,"result":"0xc62707cc098673e2ab0cb52bffa87f3aee7f235f776b7075bcdfd6501e99a343"}
tx 55/100: nonce=0x9b to=0x1000000000000000000000000000000000000038 response={"jsonrpc":"2.0","id":56,"result":"0x3915a1c7c3972b25929c7e66b594c46f50b3855ec437cf3f589f656d61bd1123"}
tx 56/100: nonce=0x9c to=0x1000000000000000000000000000000000000039 response={"jsonrpc":"2.0","id":57,"result":"0xe45f834c346f64a40d9c144583e5d14e4943c6c1b69677571e4a1b619b6faa21"}
tx 57/100: nonce=0x9d to=0x100000000000000000000000000000000000003a response={"jsonrpc":"2.0","id":58,"result":"0x8da3f12787eb3f8415bfd3478b214eacf3ded7abf8e12d5f0859ccd5f401c0eb"}
tx 58/100: nonce=0x9e to=0x100000000000000000000000000000000000003b response={"jsonrpc":"2.0","id":59,"result":"0x3d8aaea11be5e53373c11bda0a72ca61b1a61ace6105979686c63a31db7e5858"}
tx 59/100: nonce=0x9f to=0x100000000000000000000000000000000000003c response={"jsonrpc":"2.0","id":60,"result":"0xec22836ea78f939e5ce5f422b0b75b532df88e791e39a0fcb549bcb8237fc898"}
tx 60/100: nonce=0xa0 to=0x100000000000000000000000000000000000003d response={"jsonrpc":"2.0","id":61,"result":"0x4511ade2a3cc4dba8b630617a40df9e512a366c0407c1f61f14e4009988e10a8"}
tx 61/100: nonce=0xa1 to=0x100000000000000000000000000000000000003e response={"jsonrpc":"2.0","id":62,"result":"0x67e6a99fd48f8128afed495437ed6fda50c1ff89e36568c3f56173df6e34e0c4"}
tx 62/100: nonce=0xa2 to=0x100000000000000000000000000000000000003f response={"jsonrpc":"2.0","id":63,"result":"0xf145fbeeb557f8a5831056ddfa16d2b6add62e02077b308f2beb996d7619be6c"}
tx 63/100: nonce=0xa3 to=0x1000000000000000000000000000000000000040 response={"jsonrpc":"2.0","id":64,"result":"0xf639eb21d315af51445b0c2cd86e57315c1302e4cc271ff668a82a498202dada"}
tx 64/100: nonce=0xa4 to=0x1000000000000000000000000000000000000041 response={"jsonrpc":"2.0","id":65,"result":"0x67b6a4b3aaaaa5aa5e8b2fb799a535006e1ecf312585a27436890c36e0c85506"}
tx 65/100: nonce=0xa5 to=0x1000000000000000000000000000000000000042 response={"jsonrpc":"2.0","id":66,"result":"0xbab66296a088ff551e2225bb437549550139bc2cc8c2655d46e4844710057101"}
tx 66/100: nonce=0xa6 to=0x1000000000000000000000000000000000000043 response={"jsonrpc":"2.0","id":67,"result":"0x41a35daa91643e0304988ed11374d7795ec4f046080cc5b31a504c67e7444d6a"}
tx 67/100: nonce=0xa7 to=0x1000000000000000000000000000000000000044 response={"jsonrpc":"2.0","id":68,"result":"0x6cf847d0682e9d2744e25e8ec010dec3407951b45e45af36ab49a7505f95d257"}
tx 68/100: nonce=0xa8 to=0x1000000000000000000000000000000000000045 response={"jsonrpc":"2.0","id":69,"result":"0xe77e0eb4616310822c8770689499d8589194738ef7fe5339e4b2bc36649a6ab6"}
tx 69/100: nonce=0xa9 to=0x1000000000000000000000000000000000000046 response={"jsonrpc":"2.0","id":70,"result":"0x55b4c4aeaad1974e28b3bbc44d0f0422d5c6a0bf110a1dd00173f9ff2991b433"}
tx 70/100: nonce=0xaa to=0x1000000000000000000000000000000000000047 response={"jsonrpc":"2.0","id":71,"result":"0xb088b6a9727d70355f05e09509b22a73822ea41c33d6fe9737ed60f54cd2fc15"}
tx 71/100: nonce=0xab to=0x1000000000000000000000000000000000000048 response={"jsonrpc":"2.0","id":72,"result":"0x8fe9a41d39fd8620aa0a88194414f75af0c6a28cd0d2a31a9b10912eed1550bf"}
tx 72/100: nonce=0xac to=0x1000000000000000000000000000000000000049 response={"jsonrpc":"2.0","id":73,"result":"0xb04b3d43006d57b90edeb45aaed5bdf483cfcb600dac92574163313bb8510dcb"}
tx 73/100: nonce=0xad to=0x100000000000000000000000000000000000004a response={"jsonrpc":"2.0","id":74,"result":"0xab78c593bde3cd351e15d4fd4a116c1663d7ea854e6a566969009392153fc1fc"}
tx 74/100: nonce=0xae to=0x100000000000000000000000000000000000004b response={"jsonrpc":"2.0","id":75,"result":"0x79fe51048f3d0206bf5f3aa66ec4c278b6ea47f5e0d3a1625035f62be747f270"}
tx 75/100: nonce=0xaf to=0x100000000000000000000000000000000000004c response={"jsonrpc":"2.0","id":76,"result":"0xa216ed339754ccc59dcc4645230806780c2b39af2f43b0413d23982a8d885470"}
tx 76/100: nonce=0xb0 to=0x100000000000000000000000000000000000004d response={"jsonrpc":"2.0","id":77,"result":"0xdc489bf94739f494db0f9b5240bb4378fdd822c2ff8f18f1326303cff5323344"}
tx 77/100: nonce=0xb1 to=0x100000000000000000000000000000000000004e response={"jsonrpc":"2.0","id":78,"result":"0xda1a16a93727d35c5686ad1a8bb52dfa66be8e19ef0bafcf9541bdfbf1ff53ea"}
tx 78/100: nonce=0xb2 to=0x100000000000000000000000000000000000004f response={"jsonrpc":"2.0","id":79,"result":"0xea1725218f530ad4f7c253d4fe4f78e3a27953525b0da6ce13472419b4ab70e8"}
tx 79/100: nonce=0xb3 to=0x1000000000000000000000000000000000000050 response={"jsonrpc":"2.0","id":80,"result":"0xbd6d7f23196665603a0419103b6bab1511382ef62ae0ae3fcda5b680bcc1c6de"}
tx 80/100: nonce=0xb4 to=0x1000000000000000000000000000000000000051 response={"jsonrpc":"2.0","id":81,"result":"0xbe201a8bccf429ee066a7ea08089898bd649a9822b207d6096b1ec8f8fc01efd"}
tx 81/100: nonce=0xb5 to=0x1000000000000000000000000000000000000052 response={"jsonrpc":"2.0","id":82,"result":"0xa4d8be1062324e7aab08a65a0cdb3efc3d75a9a89ba3a1bc8137e41ccd695e55"}
tx 82/100: nonce=0xb6 to=0x1000000000000000000000000000000000000053 response={"jsonrpc":"2.0","id":83,"result":"0xf1decacc97921e40a2c864a5b1e12929ebe2fd61cb32aff72ef1bd2d18caf862"}
tx 83/100: nonce=0xb7 to=0x1000000000000000000000000000000000000054 response={"jsonrpc":"2.0","id":84,"result":"0x7464444afc5f9f0a258f09e373d7500415762ed83fe8c0cfd88e99daa149749c"}
tx 84/100: nonce=0xb8 to=0x1000000000000000000000000000000000000055 response={"jsonrpc":"2.0","id":85,"result":"0x39d7aa5794bd207a4ab6f8b6c1635816ce8fb82af590afaccbcd6fdbbdf390ab"}
tx 85/100: nonce=0xb9 to=0x1000000000000000000000000000000000000056 response={"jsonrpc":"2.0","id":86,"result":"0x8f692982e4b214dd2d1a0483ec08db81083dffc15fc11f6eef7175f8263a9155"}
tx 86/100: nonce=0xba to=0x1000000000000000000000000000000000000057 response={"jsonrpc":"2.0","id":87,"result":"0x86701749f1026fd70107e06937085e2b17637c63fb297ae5b4c9602f968b65b4"}
tx 87/100: nonce=0xbb to=0x1000000000000000000000000000000000000058 response={"jsonrpc":"2.0","id":88,"result":"0xf93c2b0cd3184d0c301328d017b36094202ec0c37de3e9ba1690e1f5e63423d7"}
tx 88/100: nonce=0xbc to=0x1000000000000000000000000000000000000059 response={"jsonrpc":"2.0","id":89,"result":"0x3ca3f6594e64dd3ea175325116c22733b4150c1e8e41e2cc3b9fe43be7f995ee"}
tx 89/100: nonce=0xbd to=0x100000000000000000000000000000000000005a response={"jsonrpc":"2.0","id":90,"result":"0x53842c1d56e43e5d0b2fda7acc472f829f9bb3379a85dd7c558d274155dc80f4"}
tx 90/100: nonce=0xbe to=0x100000000000000000000000000000000000005b response={"jsonrpc":"2.0","id":91,"result":"0x52397209270b0f912ac707f524685846239eb0c2dfc7110ea2e4be6263b7bb87"}
tx 91/100: nonce=0xbf to=0x100000000000000000000000000000000000005c response={"jsonrpc":"2.0","id":92,"result":"0x30e8c46868d0eb965ee97e8ba2296c601707c2c01c04e0e949d11c16c2554f58"}
tx 92/100: nonce=0xc0 to=0x100000000000000000000000000000000000005d response={"jsonrpc":"2.0","id":93,"result":"0x6be862d31490192cc5fa3f40c278bc43e08438f4a85c4860bace45ea0cfbc4fd"}
tx 93/100: nonce=0xc1 to=0x100000000000000000000000000000000000005e response={"jsonrpc":"2.0","id":94,"result":"0x120ade19675ab1621aa3abd916d7418b36c730499be552c0a9e259105ea70ebf"}
tx 94/100: nonce=0xc2 to=0x100000000000000000000000000000000000005f response={"jsonrpc":"2.0","id":95,"result":"0x652816fea5cb0ef3145451098374def8cac54c50a0bfff16ae33a14fac82eb88"}
tx 95/100: nonce=0xc3 to=0x1000000000000000000000000000000000000060 response={"jsonrpc":"2.0","id":96,"result":"0x64e4771e9b0a5966ec18b0b9a2f8f0e25ffa5e9b77b93b2c2f61cb053537b352"}
tx 96/100: nonce=0xc4 to=0x1000000000000000000000000000000000000061 response={"jsonrpc":"2.0","id":97,"result":"0xf6ef4303aa75cb51f60979e0a6639badb777bc2d249260a0353de2f7d4bbfae4"}
tx 97/100: nonce=0xc5 to=0x1000000000000000000000000000000000000062 response={"jsonrpc":"2.0","id":98,"result":"0xa9f30e4f4a77fb59456c4d863554bbbb085d7601f1cc0228aa4e25d79bf9d659"}
tx 98/100: nonce=0xc6 to=0x1000000000000000000000000000000000000063 response={"jsonrpc":"2.0","id":99,"result":"0x5872bc14640874de0901118fd08273e45746f7e5a3040988cb4954bedbaf5335"}
tx 99/100: nonce=0xc7 to=0x1000000000000000000000000000000000000064 response={"jsonrpc":"2.0","id":100,"result":"0xac09541bc9540adf6d5f0feb17f6b760f57765a43ca129544997ee9ac5ed3afe"}
Done. Check pending txs with:
curl -s -H 'Content-Type: application/json' --data '{"jsonrpc":"2.0","method":"txpool_status","params":[],"id":1}' http://127.0.0.1:8545
Sending 100 txs from 0x92424e4f86201c931ba53eb48619d93244c18e13 via http://127.0.0.1:8545, base_nonce=200, to_mode=sequential
tx 0/100: nonce=0xc8 to=0x1000000000000000000000000000000000000001 response={"jsonrpc":"2.0","id":1,"result":"0xf704c9cf39fe4e0012e6b727d10f53959dc0f4b29130cf4ef028bf436d6ee3dc"}
tx 1/100: nonce=0xc9 to=0x1000000000000000000000000000000000000002 response={"jsonrpc":"2.0","id":2,"result":"0x4b0cc6e07f7f12b592fa9b37226567d7dc8f3589016ea0147610668d142832e6"}
tx 2/100: nonce=0xca to=0x1000000000000000000000000000000000000003 response={"jsonrpc":"2.0","id":3,"result":"0xd0d12cfccf4308326b8132447d3f95382a913b3e5d11c879bc6f40ec68acc3d0"}
tx 3/100: nonce=0xcb to=0x1000000000000000000000000000000000000004 response={"jsonrpc":"2.0","id":4,"result":"0x79f12516bc099033dec01e2df15f52b2dea3a9fd8fc227ad67910c5783a2f5c6"}
tx 4/100: nonce=0xcc to=0x1000000000000000000000000000000000000005 response={"jsonrpc":"2.0","id":5,"result":"0x68fce72414edb8bbe62b9bb09417be149b7b2a812bd8b89fe762ce0c6290684e"}
tx 5/100: nonce=0xcd to=0x1000000000000000000000000000000000000006 response={"jsonrpc":"2.0","id":6,"result":"0x93d57ea47bdf31503f70c876acd586a699acfdf9cdcf687bbdb4a3d6e46068a4"}
tx 6/100: nonce=0xce to=0x1000000000000000000000000000000000000007 response={"jsonrpc":"2.0","id":7,"result":"0x0e8798cb93adac713f75897f38ea810049f6a19142265bd63d0b6c665db56558"}
tx 7/100: nonce=0xcf to=0x1000000000000000000000000000000000000008 response={"jsonrpc":"2.0","id":8,"result":"0x14f10a3ffe6c92e671ee461771184b7171b9f07de2ce921b11ba67a131508521"}
tx 8/100: nonce=0xd0 to=0x1000000000000000000000000000000000000009 response={"jsonrpc":"2.0","id":9,"result":"0x6a100a67c54c66f8808491fa05a6adae7f79be2c88af2ff127e2ced30a7628d7"}
tx 9/100: nonce=0xd1 to=0x100000000000000000000000000000000000000a response={"jsonrpc":"2.0","id":10,"result":"0xc909e4a25a75ebc185d45abd86549475fea8b5ec195eddd71a8119dfc1279442"}
tx 10/100: nonce=0xd2 to=0x100000000000000000000000000000000000000b response={"jsonrpc":"2.0","id":11,"result":"0x496d8436a616dfcac394c901a8be5366642a1e14f60b605537bea24edeffbcb9"}
tx 11/100: nonce=0xd3 to=0x100000000000000000000000000000000000000c response={"jsonrpc":"2.0","id":12,"result":"0x26b6c7834e1f8856f0599c6e6a449e4aeb9a781691c8cb4fd042a7c223407a1b"}
tx 12/100: nonce=0xd4 to=0x100000000000000000000000000000000000000d response={"jsonrpc":"2.0","id":13,"result":"0x1d81b48968ff6944c5ea9775363f14cd31deca0f99457d937c70cd07d9bf87a8"}
tx 13/100: nonce=0xd5 to=0x100000000000000000000000000000000000000e response={"jsonrpc":"2.0","id":14,"result":"0x7c53a1f8908ae859efd19322b734ba7126d1b86c35b0f299eae804017325fdd4"}
tx 14/100: nonce=0xd6 to=0x100000000000000000000000000000000000000f response={"jsonrpc":"2.0","id":15,"result":"0x8118deaba9503e6ebd1b8bb28927fe767b84cf937aa346e24ccd421959ea080e"}
tx 15/100: nonce=0xd7 to=0x1000000000000000000000000000000000000010 response={"jsonrpc":"2.0","id":16,"result":"0xf9d7f9ca0904dbf9096700e9aca6ac5da2bef56eacd4f99d1fb4f86cd011861d"}
tx 16/100: nonce=0xd8 to=0x1000000000000000000000000000000000000011 response={"jsonrpc":"2.0","id":17,"result":"0x2cfcd987e518a9bbeac99197ff0b8449954adb92558fc6444f0aaa2d88f978cc"}
tx 17/100: nonce=0xd9 to=0x1000000000000000000000000000000000000012 response={"jsonrpc":"2.0","id":18,"result":"0xec074c592722683a9b4cc9e88ea15860af5fe9531c9981dd97ae3a2cfce34697"}
tx 18/100: nonce=0xda to=0x1000000000000000000000000000000000000013 response={"jsonrpc":"2.0","id":19,"result":"0x2e712242972d1d4b6ad5027d2ab19008f312b56b42ebcc3eb16b3f6c1c02a86d"}
tx 19/100: nonce=0xdb to=0x1000000000000000000000000000000000000014 response={"jsonrpc":"2.0","id":20,"result":"0x1b7b2fc984d2fb2738fd069e6d6910d098504b43fc676ed051f861c4d785007e"}
tx 20/100: nonce=0xdc to=0x1000000000000000000000000000000000000015 response={"jsonrpc":"2.0","id":21,"result":"0x72675f1be7758cd4d7223c9eedff8dee5097b0d25f6e2797b2753a24ab41734b"}
tx 21/100: nonce=0xdd to=0x1000000000000000000000000000000000000016 response={"jsonrpc":"2.0","id":22,"result":"0x98bf83b6d638033a8f7dd8233a8909e24b00cee9dd05b86b0c60e1f8d582f636"}
tx 22/100: nonce=0xde to=0x1000000000000000000000000000000000000017 response={"jsonrpc":"2.0","id":23,"result":"0x3ae8bf69ee14e11ecf6a4fda7b7390c882405e4fbeabdfca7b6e0d91fb2f0d57"}
tx 23/100: nonce=0xdf to=0x1000000000000000000000000000000000000018 response={"jsonrpc":"2.0","id":24,"result":"0x6694179dc765c98c7b7811ebe6b70bbf2385074f86e8b93913e7e490cb99d78e"}
tx 24/100: nonce=0xe0 to=0x1000000000000000000000000000000000000019 response={"jsonrpc":"2.0","id":25,"result":"0x00a6bd745fd7dd06652152602219c442fcbb2beec7bc451aaa1ab4f7264e19e5"}
tx 25/100: nonce=0xe1 to=0x100000000000000000000000000000000000001a response={"jsonrpc":"2.0","id":26,"result":"0x6b849db91510b0127474a42190c544b19458e9feaa86000aa6c110a36ae9257c"}
tx 26/100: nonce=0xe2 to=0x100000000000000000000000000000000000001b response={"jsonrpc":"2.0","id":27,"result":"0xb38767688d62baa1d8ce4876807e70d6aee5a19abee3ab57573a994c302a3047"}
tx 27/100: nonce=0xe3 to=0x100000000000000000000000000000000000001c response={"jsonrpc":"2.0","id":28,"result":"0x06a1f315018ef308ff62a7b66f1812100e0fbf63a41f8d1ba7ff9ad3fdee56c8"}
tx 28/100: nonce=0xe4 to=0x100000000000000000000000000000000000001d response={"jsonrpc":"2.0","id":29,"result":"0xb3128759e1066ff562a13d9acac9e2c9c1b25ac90efd9220cdb08f4d20b7d6f1"}
tx 29/100: nonce=0xe5 to=0x100000000000000000000000000000000000001e response={"jsonrpc":"2.0","id":30,"result":"0xd42001b474697aca88c557cb70418eb0c379b787c3fff5f0e4278b8e95e20eff"}
tx 30/100: nonce=0xe6 to=0x100000000000000000000000000000000000001f response={"jsonrpc":"2.0","id":31,"result":"0x95a4e9d0915f51a240bd499eccb6d268c9687defec15f84b0fd7f0a4330f029e"}
tx 31/100: nonce=0xe7 to=0x1000000000000000000000000000000000000020 response={"jsonrpc":"2.0","id":32,"result":"0x0775dc0d97fdea40966f0d0a08f83e8e45333bc389fd88654fe468db5c4e92cb"}
tx 32/100: nonce=0xe8 to=0x1000000000000000000000000000000000000021 response={"jsonrpc":"2.0","id":33,"result":"0xaf51f80b7c2eb66968a2afab76b81769c1a2ec9db8f51a409150c05140470b5e"}
tx 33/100: nonce=0xe9 to=0x1000000000000000000000000000000000000022 response={"jsonrpc":"2.0","id":34,"result":"0x5e9970850cd9073ca02e9cb85e4932a8d227a0918f34aa110605f53ade5efe84"}
tx 34/100: nonce=0xea to=0x1000000000000000000000000000000000000023 response={"jsonrpc":"2.0","id":35,"result":"0xd14c2a9b5970e655ce05d67bf09f1ee7265f0e4038d2e263349fa3581f9c8ef2"}
tx 35/100: nonce=0xeb to=0x1000000000000000000000000000000000000024 response={"jsonrpc":"2.0","id":36,"result":"0x17ec07472f99a5a2a943d659242aedae8b6a8aa3a2c513c1173714bad2ebe3b5"}
tx 36/100: nonce=0xec to=0x1000000000000000000000000000000000000025 response={"jsonrpc":"2.0","id":37,"result":"0x15d321096907070968a0c0506b19aa18e8a8775f6717086164fe3d39164e59de"}
tx 37/100: nonce=0xed to=0x1000000000000000000000000000000000000026 response={"jsonrpc":"2.0","id":38,"result":"0xf833cf31a21cbed4baf2ce58d78d860fd725d0ebfd541e9c5cd1209ea9303d18"}
tx 38/100: nonce=0xee to=0x1000000000000000000000000000000000000027 response={"jsonrpc":"2.0","id":39,"result":"0x3c4d0b4d5f2c31b4d778d3d84178165e35cad30c5a9e34100682896288813732"}
tx 39/100: nonce=0xef to=0x1000000000000000000000000000000000000028 response={"jsonrpc":"2.0","id":40,"result":"0xb3aeaac22274a2fefc4ec6b6d40c4cbc218b89abb9651b5c65cd38a67238956e"}
tx 40/100: nonce=0xf0 to=0x1000000000000000000000000000000000000029 response={"jsonrpc":"2.0","id":41,"result":"0x554ca7bae63cf88cf7a0b472392275d0a3f26d28e1b1cb3a330cf68cb1311669"}
tx 41/100: nonce=0xf1 to=0x100000000000000000000000000000000000002a response={"jsonrpc":"2.0","id":42,"result":"0x3b4cd784dbbe7cf9eab1449b96906c2e673c0da274b68ad4ba6e1cba20cf11bb"}
tx 42/100: nonce=0xf2 to=0x100000000000000000000000000000000000002b response={"jsonrpc":"2.0","id":43,"result":"0x90e7048a3f848297e8e7a22994d3297e58009acd91f923ec948a6f2348a5f059"}
tx 43/100: nonce=0xf3 to=0x100000000000000000000000000000000000002c response={"jsonrpc":"2.0","id":44,"result":"0xb5a7e9f357d662cec4449e37e743a5a5e769fe1fbd8c34a258f68f04ee26c120"}
tx 44/100: nonce=0xf4 to=0x100000000000000000000000000000000000002d response={"jsonrpc":"2.0","id":45,"result":"0x37520290f96c22a974ec8172eaa316123e23077b8a4b8f9aada15c519a6f7872"}
tx 45/100: nonce=0xf5 to=0x100000000000000000000000000000000000002e response={"jsonrpc":"2.0","id":46,"result":"0x26e6de6a0197960f63531c0ac3bdb7d8e8a392b5bea8053dc67d814a6f3caf26"}
tx 46/100: nonce=0xf6 to=0x100000000000000000000000000000000000002f response={"jsonrpc":"2.0","id":47,"result":"0xf79570bd00c8b75ab4b0aa2c904dab0036eca2cb8ecc64bfa72af475d66ee9c0"}
tx 47/100: nonce=0xf7 to=0x1000000000000000000000000000000000000030 response={"jsonrpc":"2.0","id":48,"result":"0x0c40e4e709cad3323287533babf401c7d1ef3144d7199369518299d3188a9af5"}
tx 48/100: nonce=0xf8 to=0x1000000000000000000000000000000000000031 response={"jsonrpc":"2.0","id":49,"result":"0x750558bcf9ba65a04763ece2170fdc0e887daf57927acbcfb03dcea4d1551f58"}
tx 49/100: nonce=0xf9 to=0x1000000000000000000000000000000000000032 response={"jsonrpc":"2.0","id":50,"result":"0xc3e1bc4c960ca2ebe02428c93aa10b379dc93ec4798635923ae3e1f46deced61"}
tx 50/100: nonce=0xfa to=0x1000000000000000000000000000000000000033 response={"jsonrpc":"2.0","id":51,"result":"0xb10cf619826c0a4320666dbb9b12f0a6b19543b6b5479a03ae40a2482b7976aa"}
tx 51/100: nonce=0xfb to=0x1000000000000000000000000000000000000034 response={"jsonrpc":"2.0","id":52,"result":"0x060cef45cb784c84ff8581715c135c0003189b6c99101ba2b3536e1f3af3bad2"}
tx 52/100: nonce=0xfc to=0x1000000000000000000000000000000000000035 response={"jsonrpc":"2.0","id":53,"result":"0xfd8906f552bb1f852d014e46384021e4b0a734f89de4c9083abf36f484673a07"}
tx 53/100: nonce=0xfd to=0x1000000000000000000000000000000000000036 response={"jsonrpc":"2.0","id":54,"result":"0x9fc0b4f38ab98ac296bfa8473e9f3c1d7460f8e36b77555d2a5bfe63b8556129"}
tx 54/100: nonce=0xfe to=0x1000000000000000000000000000000000000037 response={"jsonrpc":"2.0","id":55,"result":"0xd9cdd77a02f797d59db014bad9c9453e02b1dfcd156a7a87c0a1b0eb04375ca6"}
tx 55/100: nonce=0xff to=0x1000000000000000000000000000000000000038 response={"jsonrpc":"2.0","id":56,"result":"0xbb7a86202db3a7a617aa3bf78dbfb7df62075062b631b177cf8c9a9c85489d41"}
tx 56/100: nonce=0x100 to=0x1000000000000000000000000000000000000039 response={"jsonrpc":"2.0","id":57,"result":"0x7db8f79883c90454a75fc6d54be05d37f5fe597e1af2383fff22fbcc826db978"}
tx 57/100: nonce=0x101 to=0x100000000000000000000000000000000000003a response={"jsonrpc":"2.0","id":58,"result":"0xad7d6f6cc37871b759b077fcd950b8b7c85c402ac83231fb83f1ff47b1488b21"}
tx 58/100: nonce=0x102 to=0x100000000000000000000000000000000000003b response={"jsonrpc":"2.0","id":59,"result":"0x26131838c4ce8f3df2e456e779b30827d126a6edf8468b0f5deedf76eb15ca3a"}
tx 59/100: nonce=0x103 to=0x100000000000000000000000000000000000003c response={"jsonrpc":"2.0","id":60,"result":"0x2976bfa2a37c395c01913964768a67dd567790590d68fa72bfc00745cf3358cb"}
tx 60/100: nonce=0x104 to=0x100000000000000000000000000000000000003d response={"jsonrpc":"2.0","id":61,"result":"0x4e990fd3d5889bda9490fa69b3be01860ba18528a2ec2b34583284803979df02"}
tx 61/100: nonce=0x105 to=0x100000000000000000000000000000000000003e response={"jsonrpc":"2.0","id":62,"result":"0x07ecfa7bf25cd0c23e018eba2ea8c61e8bcdf769577a4378ed206a973d140a8c"}
tx 62/100: nonce=0x106 to=0x100000000000000000000000000000000000003f response={"jsonrpc":"2.0","id":63,"result":"0x2317d1708ad9b08fcb5d5746d4ec01c27bb99d2d3462905e3c1f91d520734e73"}
tx 63/100: nonce=0x107 to=0x1000000000000000000000000000000000000040 response={"jsonrpc":"2.0","id":64,"result":"0x29ccdd186cb069f50546a3c7c30d465c8ca5fdc2e58df32460c9a8db82e9951a"}
tx 64/100: nonce=0x108 to=0x1000000000000000000000000000000000000041 response={"jsonrpc":"2.0","id":65,"result":"0x84b2cbfd5b4852f125cc8b8d089a85912121973777e62cf0e61bb32c25f591e9"}
tx 65/100: nonce=0x109 to=0x1000000000000000000000000000000000000042 response={"jsonrpc":"2.0","id":66,"result":"0x8ffe374507c05795070f7e95e9b07dfa709ae0e781839ae5429b59e4703a49ab"}
tx 66/100: nonce=0x10a to=0x1000000000000000000000000000000000000043 response={"jsonrpc":"2.0","id":67,"result":"0x0743ce4303cbc132c2a9dfa0792f7942849395dfa534eee3b71c51755aa6df36"}
tx 67/100: nonce=0x10b to=0x1000000000000000000000000000000000000044 response={"jsonrpc":"2.0","id":68,"result":"0xaab36220452f3e5668ce2600a71621bd83aa89106f7769cb246653f5cbdf1b29"}
tx 68/100: nonce=0x10c to=0x1000000000000000000000000000000000000045 response={"jsonrpc":"2.0","id":69,"result":"0x489f63b8ade3f1ebff3972aad946afe09a3c97673b058a80d93d4f05a48cd897"}
tx 69/100: nonce=0x10d to=0x1000000000000000000000000000000000000046 response={"jsonrpc":"2.0","id":70,"result":"0x5eb421c453467673e3e5ce2e5a97c3e75a43b6fdb782bc7f922f6f4898869aaa"}
tx 70/100: nonce=0x10e to=0x1000000000000000000000000000000000000047 response={"jsonrpc":"2.0","id":71,"result":"0xddd103a07129baa3f98cf05ae046628690088e8dd44425f113a40e16f2142193"}
tx 71/100: nonce=0x10f to=0x1000000000000000000000000000000000000048 response={"jsonrpc":"2.0","id":72,"result":"0x7c6d6f003775a9777432e677b6fc7411f1e884e3cec917185914f6ea00f4f9f0"}
tx 72/100: nonce=0x110 to=0x1000000000000000000000000000000000000049 response={"jsonrpc":"2.0","id":73,"result":"0x7c7063421dd90e6ab82b984f4dbfa91e4f6bc2a5ef03f030d24bb9f9b5fd185e"}
tx 73/100: nonce=0x111 to=0x100000000000000000000000000000000000004a response={"jsonrpc":"2.0","id":74,"result":"0xc6b9ba3739cca05e150edd49f6c7a405c5dc77b82ace1610d0a1b716c3002f06"}
tx 74/100: nonce=0x112 to=0x100000000000000000000000000000000000004b response={"jsonrpc":"2.0","id":75,"result":"0x32a769102132412859ca816c81d22be578bddf6b30fb9484f3a3357483d2d11c"}
tx 75/100: nonce=0x113 to=0x100000000000000000000000000000000000004c response={"jsonrpc":"2.0","id":76,"result":"0xb7cd107328bc687441a24d7a00a7719445f93ab23b17329ee12f632b15434e9a"}
tx 76/100: nonce=0x114 to=0x100000000000000000000000000000000000004d response={"jsonrpc":"2.0","id":77,"result":"0xc46bd6f6627b4b9eb83316c19a7ed6b8ceff9e473e7d14eebbf0838891e40726"}
tx 77/100: nonce=0x115 to=0x100000000000000000000000000000000000004e response={"jsonrpc":"2.0","id":78,"result":"0x0867977e3fe26f3aeadc4099cbb0f6c57d2d1bfe67cf612b4f7251dcc72aa161"}
tx 78/100: nonce=0x116 to=0x100000000000000000000000000000000000004f response={"jsonrpc":"2.0","id":79,"result":"0x2f7885270da4381458f8a3d3d8eed9676e804b088d0fe4052a0ff26fb9975fdc"}
tx 79/100: nonce=0x117 to=0x1000000000000000000000000000000000000050 response={"jsonrpc":"2.0","id":80,"result":"0xf3a28eb514b3e7c068983a4beda7dd66cb17c83a371ced3cf93e4158f7720b66"}
tx 80/100: nonce=0x118 to=0x1000000000000000000000000000000000000051 response={"jsonrpc":"2.0","id":81,"result":"0x0b4e00249e07917d4fa2606419f163f036a79c9d09ff13b5444b8d3e3a824f89"}
tx 81/100: nonce=0x119 to=0x1000000000000000000000000000000000000052 response={"jsonrpc":"2.0","id":82,"result":"0x9e22bdad05bc651046226fc31068b4d86af7740543e617042a81c4eb6bfca3c2"}
tx 82/100: nonce=0x11a to=0x1000000000000000000000000000000000000053 response={"jsonrpc":"2.0","id":83,"result":"0x5646ef4ed862a3698a2fdcf65fbac6ac5cea12ca53333d05004fdf5b26c97da1"}
tx 83/100: nonce=0x11b to=0x1000000000000000000000000000000000000054 response={"jsonrpc":"2.0","id":84,"result":"0xe1640ae74ccf67eabf68dc6bbf0d3ffd113b6be1a94c6cfb953e8031a2444ea9"}
tx 84/100: nonce=0x11c to=0x1000000000000000000000000000000000000055 response={"jsonrpc":"2.0","id":85,"result":"0x291a3c83b40985169286ec2174cf8f353041594da6bf7d054f2da8796ae450ee"}
tx 85/100: nonce=0x11d to=0x1000000000000000000000000000000000000056 response={"jsonrpc":"2.0","id":86,"result":"0x9de3904a9bab1717571d091210ec054926efdbcae309e785aebc96c8b81b1913"}
tx 86/100: nonce=0x11e to=0x1000000000000000000000000000000000000057 response={"jsonrpc":"2.0","id":87,"result":"0xf0fb6d9426c622ddc383f6f8c183ba43eb5f65a63eb46e83681e5c3c1094c13b"}
tx 87/100: nonce=0x11f to=0x1000000000000000000000000000000000000058 response={"jsonrpc":"2.0","id":88,"result":"0x6cff5deb752283556549abd422e22780bad1ed46de3eb9c553ae841ca0af2c22"}
tx 88/100: nonce=0x120 to=0x1000000000000000000000000000000000000059 response={"jsonrpc":"2.0","id":89,"result":"0xa59b195754c9fc5c08e5e2c311b5ee3183a70593cd770e4625e7e8fe26e06646"}
tx 89/100: nonce=0x121 to=0x100000000000000000000000000000000000005a response={"jsonrpc":"2.0","id":90,"result":"0xf72e6fd80a392dee5cd61f9146099e130d9b4ba2708ec1403e0ad672f8ba990e"}
tx 90/100: nonce=0x122 to=0x100000000000000000000000000000000000005b response={"jsonrpc":"2.0","id":91,"result":"0x1b44b970f27eea2577a34d6e0ddd4dd64ab9b636754e445b8528752493e91674"}
tx 91/100: nonce=0x123 to=0x100000000000000000000000000000000000005c response={"jsonrpc":"2.0","id":92,"result":"0xec263bc83bc74fe3cd88b15f183bd4767bd26dfa384177f2cc3e8a9b7f62aaab"}
tx 92/100: nonce=0x124 to=0x100000000000000000000000000000000000005d response={"jsonrpc":"2.0","id":93,"result":"0x000946b431ed324724c3be413a7f1b5c5066f9d680e361623b679833be181be8"}
tx 93/100: nonce=0x125 to=0x100000000000000000000000000000000000005e response={"jsonrpc":"2.0","id":94,"result":"0x675671bdc7c500213fa4154c2a3710ca4d3e70c1d3b067eb3f88e98d064397ce"}
tx 94/100: nonce=0x126 to=0x100000000000000000000000000000000000005f response={"jsonrpc":"2.0","id":95,"result":"0x1da3b3a30edd1ce6c1fc6da4863f6ca7c5c20b9494de2535cbab42b128135faa"}
tx 95/100: nonce=0x127 to=0x1000000000000000000000000000000000000060 response={"jsonrpc":"2.0","id":96,"result":"0xaefc5964adf28af9138adcbfa0f0e9eaf405bbc696f3574ec74bcc64a018415c"}
tx 96/100: nonce=0x128 to=0x1000000000000000000000000000000000000061 response={"jsonrpc":"2.0","id":97,"result":"0xb0727392d1dde3182d30f5fe7795fd3e0586053b99c1965101de6e89973443e8"}
tx 97/100: nonce=0x129 to=0x1000000000000000000000000000000000000062 response={"jsonrpc":"2.0","id":98,"result":"0x5da967c754bca5d8a7e454ad8a3d07acc708bfa47573dc4ca9d5feb0c38b7c4b"}
tx 98/100: nonce=0x12a to=0x1000000000000000000000000000000000000063 response={"jsonrpc":"2.0","id":99,"result":"0xddc89c6cbee8e04f8c731a085cc6349175b70ceebba92aa34141a02da2fbd700"}
tx 99/100: nonce=0x12b to=0x1000000000000000000000000000000000000064 response={"jsonrpc":"2.0","id":100,"result":"0x026cc1fc06e6cccefc0674ba3b04a4b2473fa425a935350da8ca54782649c860"}
Done. Check pending txs with:
curl -s -H 'Content-Type: application/json' --data '{"jsonrpc":"2.0","method":"txpool_status","params":[],"id":1}' http://127.0.0.1:8545
Sending 100 txs from 0x92424e4f86201c931ba53eb48619d93244c18e13 via http://127.0.0.1:8545, base_nonce=300, to_mode=sequential
tx 0/100: nonce=0x12c to=0x1000000000000000000000000000000000000001 response={"jsonrpc":"2.0","id":1,"result":"0x6bd8c021a33a5df43c25668e7283b5515a8db4db1ed4293929daa12f11913131"}
tx 1/100: nonce=0x12d to=0x1000000000000000000000000000000000000002 response={"jsonrpc":"2.0","id":2,"result":"0xe060de00d509cd72f1e6678d31bbe0079488f43280fda9b9d662bb788d3472f3"}
tx 2/100: nonce=0x12e to=0x1000000000000000000000000000000000000003 response={"jsonrpc":"2.0","id":3,"result":"0x0f23aa5836eabd69c638428aec940c9590fd04b156d2ee5b5ab076027d4eaff9"}
tx 3/100: nonce=0x12f to=0x1000000000000000000000000000000000000004 response={"jsonrpc":"2.0","id":4,"result":"0xe618db9c07b97c4e8c6c107e36b14c55b0e296f57442a9fe1b455b513db35245"}
tx 4/100: nonce=0x130 to=0x1000000000000000000000000000000000000005 response={"jsonrpc":"2.0","id":5,"result":"0x0646d204b95429e7399a55a7e5771e8dbe7fcc911bcf71658d5256edf6b71439"}
tx 5/100: nonce=0x131 to=0x1000000000000000000000000000000000000006 response={"jsonrpc":"2.0","id":6,"result":"0x17a0799f321d8931f1ec98d957871862e42f7c0c2e84b8dbff085dc59dd451e9"}
tx 6/100: nonce=0x132 to=0x1000000000000000000000000000000000000007 response={"jsonrpc":"2.0","id":7,"result":"0x9839824ab9291b17764efc5a14cf40cd4c7066dcdfafa030d23be22f524a1dd9"}
tx 7/100: nonce=0x133 to=0x1000000000000000000000000000000000000008 response={"jsonrpc":"2.0","id":8,"result":"0x72e5ec745e5b2527d3b434e05b56e8de81a01e90ebccd29ed1238043beb6536a"}
tx 8/100: nonce=0x134 to=0x1000000000000000000000000000000000000009 response={"jsonrpc":"2.0","id":9,"result":"0x718ec10b1e649f92fc31c9652edf7564d5019392f46eea46deb43f261576cb6b"}
tx 9/100: nonce=0x135 to=0x100000000000000000000000000000000000000a response={"jsonrpc":"2.0","id":10,"result":"0x8f32dcfe7093208b6667e1cf0c38e3a558c6fb3aa4eccb3bdfdac990c19916ca"}
tx 10/100: nonce=0x136 to=0x100000000000000000000000000000000000000b response={"jsonrpc":"2.0","id":11,"result":"0x18be784c0d547657c1ee2f8393d7cac092093b07a310f93b70a79d5d9cdbe735"}
tx 11/100: nonce=0x137 to=0x100000000000000000000000000000000000000c response={"jsonrpc":"2.0","id":12,"result":"0xe86a986d22c4ff647077405dd14ea18d6e2d0a2c3fe778b251a55a0b94d2967b"}
tx 12/100: nonce=0x138 to=0x100000000000000000000000000000000000000d response={"jsonrpc":"2.0","id":13,"result":"0xf2e8682d1c922efc64f5f5656144e3e5a3232b2c482a49b9ad44892eff3e26c5"}
tx 13/100: nonce=0x139 to=0x100000000000000000000000000000000000000e response={"jsonrpc":"2.0","id":14,"result":"0x80468ec9ad9956d6a1148fef630cde50a8766ab2cff32fd649a0a839c3b80252"}
tx 14/100: nonce=0x13a to=0x100000000000000000000000000000000000000f response={"jsonrpc":"2.0","id":15,"result":"0xa8770ad08bfb0b67f1bcdc1a9b16014836654a34b9265aceaf494c6f56c6b406"}
tx 15/100: nonce=0x13b to=0x1000000000000000000000000000000000000010 response={"jsonrpc":"2.0","id":16,"result":"0x606ee30cf0622295d7d5fc9b2d6f6d91958bc12574b2b912da6d2c995669836e"}
tx 16/100: nonce=0x13c to=0x1000000000000000000000000000000000000011 response={"jsonrpc":"2.0","id":17,"result":"0x299ba1d8adc3d252f61d2cd1b79bae33cbf407563150455c09831b10f65b453b"}
tx 17/100: nonce=0x13d to=0x1000000000000000000000000000000000000012 response={"jsonrpc":"2.0","id":18,"result":"0x52a9cdd6313ba99fed609d7e181e9cdc8c47eb28c7a92a38e63b07d8690d8d5b"}
tx 18/100: nonce=0x13e to=0x1000000000000000000000000000000000000013 response={"jsonrpc":"2.0","id":19,"result":"0x952c170fe4f676691ca8366c1f1875cb0e420e024ebb495b7fd6d1ba7965677b"}
tx 19/100: nonce=0x13f to=0x1000000000000000000000000000000000000014 response={"jsonrpc":"2.0","id":20,"result":"0x465e5d334471a907c433025544e3c31100d29ab92c40c14248ee86adb1be4cf5"}
tx 20/100: nonce=0x140 to=0x1000000000000000000000000000000000000015 response={"jsonrpc":"2.0","id":21,"result":"0xe3218635689e1b4bbb2fa13305e454a9f96c3317c2b1d8db074665d6bca91d0a"}
tx 21/100: nonce=0x141 to=0x1000000000000000000000000000000000000016 response={"jsonrpc":"2.0","id":22,"result":"0x6c2dbe1a2dfbfb53a044533a0cb8f6a460036f0b15c47da206c45aaec9aa5950"}
tx 22/100: nonce=0x142 to=0x1000000000000000000000000000000000000017 response={"jsonrpc":"2.0","id":23,"result":"0x24af581b1fa5ff578db9d19e2811369e04b65899c0b44bf2da899facd04819a0"}
tx 23/100: nonce=0x143 to=0x1000000000000000000000000000000000000018 response={"jsonrpc":"2.0","id":24,"result":"0x23c4e54dfdc795e89000553f896289ccc9564d2562c1bcd8f0298089d34bc4a1"}
tx 24/100: nonce=0x144 to=0x1000000000000000000000000000000000000019 response={"jsonrpc":"2.0","id":25,"result":"0xab9c5fbf6262d33138a670472869f8480a6e3511d9e17d86d729d863a16b0833"}
tx 25/100: nonce=0x145 to=0x100000000000000000000000000000000000001a response={"jsonrpc":"2.0","id":26,"result":"0x09ee5f05520630783e53baa0f7a290e450d8aa433943a197780d299c33b7ba0a"}
tx 26/100: nonce=0x146 to=0x100000000000000000000000000000000000001b response={"jsonrpc":"2.0","id":27,"result":"0x665285917c6aa5dcd9f0bbefb6b72c2b6e317e2ea5509e350a2069000ca28a9e"}
tx 27/100: nonce=0x147 to=0x100000000000000000000000000000000000001c response={"jsonrpc":"2.0","id":28,"result":"0xc1e2867cb7c1c211a474eaa5ac55d0383cae7ed70c3890e52ce1c8c62595cc2b"}
tx 28/100: nonce=0x148 to=0x100000000000000000000000000000000000001d response={"jsonrpc":"2.0","id":29,"result":"0x7b648e6bbed62dd69eefd8b8a5b46cd9209c2bf8a4fb300f502d3094a1b0d48e"}
tx 29/100: nonce=0x149 to=0x100000000000000000000000000000000000001e response={"jsonrpc":"2.0","id":30,"result":"0xff557574067100a99f99f036b397a8b2c662dd34e9455819ac76e6e02c2c49de"}
tx 30/100: nonce=0x14a to=0x100000000000000000000000000000000000001f response={"jsonrpc":"2.0","id":31,"result":"0x6611ecc1a8537a8f8fb45111b97f5899ab570ab0598f5e4bca46151b84aeadbe"}
tx 31/100: nonce=0x14b to=0x1000000000000000000000000000000000000020 response={"jsonrpc":"2.0","id":32,"result":"0x7392a24a1ea314a7b737ac6f35db79827734a700feb39014dfb407215d21e1ed"}
tx 32/100: nonce=0x14c to=0x1000000000000000000000000000000000000021 response={"jsonrpc":"2.0","id":33,"result":"0x5a83db304f86f79bc354367ac3ed6293587aaf8cce2ae517458619418a2c2061"}
tx 33/100: nonce=0x14d to=0x1000000000000000000000000000000000000022 response={"jsonrpc":"2.0","id":34,"result":"0xa6e969447a817cd5d6db699497a535f96accdc46f81920d8d4e058fb63d041bb"}
tx 34/100: nonce=0x14e to=0x1000000000000000000000000000000000000023 response={"jsonrpc":"2.0","id":35,"result":"0xdb607816c83081a4323665a9745e49f809a028a7a5a4a979d7933034e3caba1e"}
tx 35/100: nonce=0x14f to=0x1000000000000000000000000000000000000024 response={"jsonrpc":"2.0","id":36,"result":"0x59faa52d29fa0d686f397744bff1f92f2254e4e1f38a6d0c396811d0d46a4850"}
tx 36/100: nonce=0x150 to=0x1000000000000000000000000000000000000025 response={"jsonrpc":"2.0","id":37,"result":"0x0d8863d45fa02027900cd1bf6056acda90e82ed7b56edf11c45b8a1d3e961cd0"}
tx 37/100: nonce=0x151 to=0x1000000000000000000000000000000000000026 response={"jsonrpc":"2.0","id":38,"result":"0x7ac8215cb7dd519fceadcab1e8701db3a43b05bcc111296a24c806793c9c00a3"}
tx 38/100: nonce=0x152 to=0x1000000000000000000000000000000000000027 response={"jsonrpc":"2.0","id":39,"result":"0x4668f0df9e667ca346743ad6820275d9866bff4214432127761314e63ba47017"}
tx 39/100: nonce=0x153 to=0x1000000000000000000000000000000000000028 response={"jsonrpc":"2.0","id":40,"result":"0xd9190c8ca4343caf91003b2e6887f73ff3c7f65c9dedf1d93b92179e2c96519e"}
tx 40/100: nonce=0x154 to=0x1000000000000000000000000000000000000029 response={"jsonrpc":"2.0","id":41,"result":"0x06d1e160aa1927d2d846f6116a661ab853fd08cafb780e74f6d6298a0a210cfa"}
tx 41/100: nonce=0x155 to=0x100000000000000000000000000000000000002a response={"jsonrpc":"2.0","id":42,"result":"0xc1b6d304566bd67ff2290f0677f6511c279fb40e3d9d41cdfd24a55eac7757fb"}
tx 42/100: nonce=0x156 to=0x100000000000000000000000000000000000002b response={"jsonrpc":"2.0","id":43,"result":"0x295cdb2cff2ab86f392b63fcb887fbf9f4e795c2fa5dd59dfabb7e6b03ce739b"}
tx 43/100: nonce=0x157 to=0x100000000000000000000000000000000000002c response={"jsonrpc":"2.0","id":44,"result":"0x72906e902720cdce798e4c099dbce28fb1f94dde2a68800acbbda9cb08d4be03"}
tx 44/100: nonce=0x158 to=0x100000000000000000000000000000000000002d response={"jsonrpc":"2.0","id":45,"result":"0x8de52a21d33a0c13578aa65f7e785f99b8097762bf42615f6e835d8def52d966"}
tx 45/100: nonce=0x159 to=0x100000000000000000000000000000000000002e response={"jsonrpc":"2.0","id":46,"result":"0x887fcaa02d0d73d72d17859ef79eabebcbbd04d4429d1475ded3cb9239915c74"}
tx 46/100: nonce=0x15a to=0x100000000000000000000000000000000000002f response={"jsonrpc":"2.0","id":47,"result":"0x3a45ed54cb7233c5635892304f28cf126f3057b7502eb9c3cfb720048fb95cfd"}
tx 47/100: nonce=0x15b to=0x1000000000000000000000000000000000000030 response={"jsonrpc":"2.0","id":48,"result":"0xe94f4f55bf52767bb199fff4833f892e2bc5100267fd57c2da49276cd22a811f"}
tx 48/100: nonce=0x15c to=0x1000000000000000000000000000000000000031 response={"jsonrpc":"2.0","id":49,"result":"0xe05b8e338cd7cbcfd913177b5ae86f91e99425235ba53007f4e28e85a6c0473c"}
tx 49/100: nonce=0x15d to=0x1000000000000000000000000000000000000032 response={"jsonrpc":"2.0","id":50,"result":"0x057cbbafc6690ec2a85bdb9bf23c1019006b8506d3489fe809ea6560e155824d"}
tx 50/100: nonce=0x15e to=0x1000000000000000000000000000000000000033 response={"jsonrpc":"2.0","id":51,"result":"0x9d6fa0a68b71a5288c50f148f13e2d5ede2d6ef0c9937fc99d303b6bb5a8ccd7"}
tx 51/100: nonce=0x15f to=0x1000000000000000000000000000000000000034 response={"jsonrpc":"2.0","id":52,"result":"0xe3aaedf9b37814eb52da0b94b7e10142eb155a5a66a7d74874476a83b501355d"}
tx 52/100: nonce=0x160 to=0x1000000000000000000000000000000000000035 response={"jsonrpc":"2.0","id":53,"result":"0xe0c0b9a3422a0ea3ec6a5a966da80b5437d4e2c967b77f54320bd0de12301272"}
tx 53/100: nonce=0x161 to=0x1000000000000000000000000000000000000036 response={"jsonrpc":"2.0","id":54,"result":"0x4b8079112d0b69290678a0256f67dc8c68f13f1f0f213f82b5211bbee6358409"}
tx 54/100: nonce=0x162 to=0x1000000000000000000000000000000000000037 response={"jsonrpc":"2.0","id":55,"result":"0x3cb0730ff123ed9b817a6ef385d0066ec67b47f32d50010d73c8bf5639e98ea8"}
tx 55/100: nonce=0x163 to=0x1000000000000000000000000000000000000038 response={"jsonrpc":"2.0","id":56,"result":"0x66c69fbd4006ef5610e6c86c30b42db71dd1cb76a750ddcc75c7e7d3096661e1"}
tx 56/100: nonce=0x164 to=0x1000000000000000000000000000000000000039 response={"jsonrpc":"2.0","id":57,"result":"0xb27a7876b058b5e4089e36de6acbc1aee8c235083e0116cbaa92bee75ecb99e1"}
tx 57/100: nonce=0x165 to=0x100000000000000000000000000000000000003a response={"jsonrpc":"2.0","id":58,"result":"0x05b3dff153a9711ca1fa4f7c308b879edb0d946b3b76c6dc005b5798b3f1adea"}
tx 58/100: nonce=0x166 to=0x100000000000000000000000000000000000003b response={"jsonrpc":"2.0","id":59,"result":"0x65d86b3b6a1a76ee00c6ede764ea82b08dc5f9e593187f05cb73adc159360dbf"}
tx 59/100: nonce=0x167 to=0x100000000000000000000000000000000000003c response={"jsonrpc":"2.0","id":60,"result":"0x6e2d5cbda196c033ea1d50fb8b5a2095a18788f60f3cef0704acb769c4794e9b"}
tx 60/100: nonce=0x168 to=0x100000000000000000000000000000000000003d response={"jsonrpc":"2.0","id":61,"result":"0x7fe367c775e61582d6a5103522e6f2d098b91d622df4de31d0d2554908ec3d02"}
tx 61/100: nonce=0x169 to=0x100000000000000000000000000000000000003e response={"jsonrpc":"2.0","id":62,"result":"0xb5c646a208277fff75e0435cf34b2bd5f86165503b02aee7a1b143f90de28379"}
tx 62/100: nonce=0x16a to=0x100000000000000000000000000000000000003f response={"jsonrpc":"2.0","id":63,"result":"0x05629e92897cb72ea17b11bfbecfe517093544ed1e3f303806bab3a82d30b86d"}
tx 63/100: nonce=0x16b to=0x1000000000000000000000000000000000000040 response={"jsonrpc":"2.0","id":64,"result":"0xe9c84ef7e538816a7f25163d70009df07f1f8150a1890a8e15ff60019bc88809"}
tx 64/100: nonce=0x16c to=0x1000000000000000000000000000000000000041 response={"jsonrpc":"2.0","id":65,"result":"0xe0697df42161c40bab8d0f9e6dbb91bd766eae75e78a68bbfd095c7be759606a"}
tx 65/100: nonce=0x16d to=0x1000000000000000000000000000000000000042 response={"jsonrpc":"2.0","id":66,"result":"0x41c85c23fd77b4b4e206955440cfe7f0e24b4ca519e782ab75b9df767a0901cf"}
tx 66/100: nonce=0x16e to=0x1000000000000000000000000000000000000043 response={"jsonrpc":"2.0","id":67,"result":"0x00744f1aada96a2b6d939074d47f11f72b3956b0db832bf57380403b3f870f60"}
tx 67/100: nonce=0x16f to=0x1000000000000000000000000000000000000044 response={"jsonrpc":"2.0","id":68,"result":"0xfe022dcf8d6de969ba888eefc6263a2766064f6efae754ef5475d46096559db4"}
tx 68/100: nonce=0x170 to=0x1000000000000000000000000000000000000045 response={"jsonrpc":"2.0","id":69,"result":"0x078dbbd26d101946bc8324f2bcff0f46a7dc3968b6874b060cad4fba95fd88b6"}
tx 69/100: nonce=0x171 to=0x1000000000000000000000000000000000000046 response={"jsonrpc":"2.0","id":70,"result":"0xba1cd9fb7aac4ed63dead37452cbc346ffef2e3316b3ff5249350d8dcf3ee61f"}
tx 70/100: nonce=0x172 to=0x1000000000000000000000000000000000000047 response={"jsonrpc":"2.0","id":71,"result":"0x8e3a85c69fb012d36d35d769eec68705b30dd3b54c87a4be321ef7f8a8808081"}
tx 71/100: nonce=0x173 to=0x1000000000000000000000000000000000000048 response={"jsonrpc":"2.0","id":72,"result":"0x6290178ac66b01da8dfa53e1a43236f15843417c48b465c613af4b1a5446d4f1"}
tx 72/100: nonce=0x174 to=0x1000000000000000000000000000000000000049 response={"jsonrpc":"2.0","id":73,"result":"0x67def36708a4b95bb95f43ec9c78605352ea63d2253240b7a225e351c44bc3c3"}
tx 73/100: nonce=0x175 to=0x100000000000000000000000000000000000004a response={"jsonrpc":"2.0","id":74,"result":"0xd18f9fc19ccd2245c793a23bae84450fc9788edd7b58fe713185fe7f20709819"}
tx 74/100: nonce=0x176 to=0x100000000000000000000000000000000000004b response={"jsonrpc":"2.0","id":75,"result":"0x71d60d553ddfb6872ef6d19d99b01fbcdc0b820c75b94d78fdec0390bb571c39"}
tx 75/100: nonce=0x177 to=0x100000000000000000000000000000000000004c response={"jsonrpc":"2.0","id":76,"result":"0xddabe6d43e8d86730bfcf0319ae50fb1feea5d9d834fa62b79541b74d9eaf6fb"}
tx 76/100: nonce=0x178 to=0x100000000000000000000000000000000000004d response={"jsonrpc":"2.0","id":77,"result":"0xdb03dc54c5b36817e7d0c977443d3b0edd24eacf356f5729efdb2795967f8413"}
tx 77/100: nonce=0x179 to=0x100000000000000000000000000000000000004e response={"jsonrpc":"2.0","id":78,"result":"0x063d7db2c137f482ff38ea323e1a4221b7e342c7d9e9c637592b129f0d8346da"}
tx 78/100: nonce=0x17a to=0x100000000000000000000000000000000000004f response={"jsonrpc":"2.0","id":79,"result":"0xc90d289c7c47e00ed1a3aadd66bc02a9e3a3a78ad82ada7abf57281071301b86"}
tx 79/100: nonce=0x17b to=0x1000000000000000000000000000000000000050 response={"jsonrpc":"2.0","id":80,"result":"0x098aad0e159c607450eb11bc7a026c0c77668aa846f4f1dbb457595099dd32cc"}
tx 80/100: nonce=0x17c to=0x1000000000000000000000000000000000000051 response={"jsonrpc":"2.0","id":81,"result":"0x1a7f551da584721cffbd6840303c6945b51c19d443b95ada73fabbeb4a7f9a76"}
tx 81/100: nonce=0x17d to=0x1000000000000000000000000000000000000052 response={"jsonrpc":"2.0","id":82,"result":"0x85dade9fdc2704b8af17d5876b22283c931775c12191013ed80504b843040575"}
tx 82/100: nonce=0x17e to=0x1000000000000000000000000000000000000053 response={"jsonrpc":"2.0","id":83,"result":"0x09ac6086aaed70570a02f428a8c022bbfc924eee47ecd59cd9eefcf274cd0664"}
tx 83/100: nonce=0x17f to=0x1000000000000000000000000000000000000054 response={"jsonrpc":"2.0","id":84,"result":"0xf634e34a7f478d424be378e5707b698da28538b4a54588fd38ea3e050cab7c67"}
tx 84/100: nonce=0x180 to=0x1000000000000000000000000000000000000055 response={"jsonrpc":"2.0","id":85,"result":"0xe751299ccf51d0f6b32a456e2711e114a7f67e650ad471a66c831355170a4d2e"}
tx 85/100: nonce=0x181 to=0x1000000000000000000000000000000000000056 response={"jsonrpc":"2.0","id":86,"result":"0x965b70ee1f04beadf1504fb010458407c83a8e435b2ca273ccff781ccf47efe9"}
tx 86/100: nonce=0x182 to=0x1000000000000000000000000000000000000057 response={"jsonrpc":"2.0","id":87,"result":"0xa4f6bb38d80a564771831cb9512836d2e0dd4040865323d5bff5fb0530094461"}
tx 87/100: nonce=0x183 to=0x1000000000000000000000000000000000000058 response={"jsonrpc":"2.0","id":88,"result":"0xf58850949d099a305a3a2b5178e5a08e4e6bd194d4d31292ae1d6d6948b600be"}
tx 88/100: nonce=0x184 to=0x1000000000000000000000000000000000000059 response={"jsonrpc":"2.0","id":89,"result":"0x5979943a925ec8e0afb941cf575558bc733e3671a2f2ba5361e34619941827ea"}
tx 89/100: nonce=0x185 to=0x100000000000000000000000000000000000005a response={"jsonrpc":"2.0","id":90,"result":"0x7b0a67b9cf5e25f92b7ab0085a9a409afa24a491c5778b10ba6c79686ac7d639"}
tx 90/100: nonce=0x186 to=0x100000000000000000000000000000000000005b response={"jsonrpc":"2.0","id":91,"result":"0x311b7f166f1dc40a7e6fa513c55a2b4c3640467d34507304fc1d271af3961fcc"}
tx 91/100: nonce=0x187 to=0x100000000000000000000000000000000000005c response={"jsonrpc":"2.0","id":92,"result":"0x5bb9c34d7187dec31daad196a60f5439037c913e257ccc066485f4f2957ce43f"}
tx 92/100: nonce=0x188 to=0x100000000000000000000000000000000000005d response={"jsonrpc":"2.0","id":93,"result":"0x21161ec21abe87fb96d5c782a62be93a2189791fdc2c66e7452a97328b62c8f4"}
tx 93/100: nonce=0x189 to=0x100000000000000000000000000000000000005e response={"jsonrpc":"2.0","id":94,"result":"0xff2cc29d48a9ad930c26feb0186490653dc4cf817acffe5b262fd23ebb69662b"}
tx 94/100: nonce=0x18a to=0x100000000000000000000000000000000000005f response={"jsonrpc":"2.0","id":95,"result":"0x03cdc168cd58183554830e34602062109e1b067294bdaa34cb31abaf7cb08f26"}
tx 95/100: nonce=0x18b to=0x1000000000000000000000000000000000000060 response={"jsonrpc":"2.0","id":96,"result":"0x052a9e0a83edbad7984415ccbec43b3a48a7a30fc4551b6369c5f4744fccc7c3"}
tx 96/100: nonce=0x18c to=0x1000000000000000000000000000000000000061 response={"jsonrpc":"2.0","id":97,"result":"0x5e4f3ea51943c60c9b7d3040f09c8d096da43e452941bc0b1630d0a645079bfd"}
tx 97/100: nonce=0x18d to=0x1000000000000000000000000000000000000062 response={"jsonrpc":"2.0","id":98,"result":"0xb8b6696df78cd4d5a118e1733ba957cf08cdf71f98bea7fd120728389f87a844"}
tx 98/100: nonce=0x18e to=0x1000000000000000000000000000000000000063 response={"jsonrpc":"2.0","id":99,"result":"0xebb4caf1e54d4c23ccf8f2e2e33da0521a5b299ec3c0b2657fb5a57c9a6daf00"}
tx 99/100: nonce=0x18f to=0x1000000000000000000000000000000000000064 response={"jsonrpc":"2.0","id":100,"result":"0x46142a0bb7fa0c06c2bdc810c32e4cb787b14a54c138c92ecc996bc01594643f"}
Done. Check pending txs with:
curl -s -H 'Content-Type: application/json' --data '{"jsonrpc":"2.0","method":"txpool_status","params":[],"id":1}' http://127.0.0.1:8545
Sending 100 txs from 0x92424e4f86201c931ba53eb48619d93244c18e13 via http://127.0.0.1:8545, base_nonce=400, to_mode=sequential
tx 0/100: nonce=0x190 to=0x1000000000000000000000000000000000000001 response={"jsonrpc":"2.0","id":1,"result":"0xa1543f704e95368ea9effe2ca60b1f1faba4877758d1478d815f0203bb9b66ae"}
tx 1/100: nonce=0x191 to=0x1000000000000000000000000000000000000002 response={"jsonrpc":"2.0","id":2,"result":"0x7efad2548e7ce731716e95566dfa9d23a1aa1bfc4be271cb0b5ecdfe87f30658"}
tx 2/100: nonce=0x192 to=0x1000000000000000000000000000000000000003 response={"jsonrpc":"2.0","id":3,"result":"0x61973276d2d53ba1281fcca4c781c157a2d9b8ac7dbe91f3b08f28ab52fd849a"}
tx 3/100: nonce=0x193 to=0x1000000000000000000000000000000000000004 response={"jsonrpc":"2.0","id":4,"result":"0xcc9df5be8b6d4d834fd97194cff715c99eedaf61c4a3f4f92d81a5d8545ac9c0"}
tx 4/100: nonce=0x194 to=0x1000000000000000000000000000000000000005 response={"jsonrpc":"2.0","id":5,"result":"0xf554238c634104f5fe0b009f17c3f2d142fc0c6a00c8036c6fe9b34fc30d6d8d"}
tx 5/100: nonce=0x195 to=0x1000000000000000000000000000000000000006 response={"jsonrpc":"2.0","id":6,"result":"0xaff7cbbcd94425c1628e6323261acd0f7d7e068bffc9b412a3ed555bc9a03c57"}
tx 6/100: nonce=0x196 to=0x1000000000000000000000000000000000000007 response={"jsonrpc":"2.0","id":7,"result":"0xc81d50f15ca74205a0179c8ccbc384e53c1905133a2a70540e6ce5784e48608a"}
tx 7/100: nonce=0x197 to=0x1000000000000000000000000000000000000008 response={"jsonrpc":"2.0","id":8,"result":"0xf0dbacb6a13c5c95d39d808e36271cc912df29c0710f450a6b16e77e457ebc7d"}
tx 8/100: nonce=0x198 to=0x1000000000000000000000000000000000000009 response={"jsonrpc":"2.0","id":9,"result":"0x44446f41ad20c0ec10ee3bfd8824f833bb6a104a5cdf1acb1ef1a79c04d41094"}
tx 9/100: nonce=0x199 to=0x100000000000000000000000000000000000000a response={"jsonrpc":"2.0","id":10,"result":"0x5504933ca4855126a8b90485fba36dccb4a4bfea1bf9bc1dbbce06fab172cdcd"}
tx 10/100: nonce=0x19a to=0x100000000000000000000000000000000000000b response={"jsonrpc":"2.0","id":11,"result":"0x6b7cb0318804b897bf3c0074d9bba1def089bdd6bc88ef5606fd3ce6913eb2d0"}
tx 11/100: nonce=0x19b to=0x100000000000000000000000000000000000000c response={"jsonrpc":"2.0","id":12,"result":"0x6296c2f735dbb6811f10ea008c0a4db5f4f654331dd0a0d16eb61df50591d48e"}
tx 12/100: nonce=0x19c to=0x100000000000000000000000000000000000000d response={"jsonrpc":"2.0","id":13,"result":"0xa83a17b43747dd4fd373129a6be4bc1841a77683edbe24ec2b925a0f7e7afc0f"}
tx 13/100: nonce=0x19d to=0x100000000000000000000000000000000000000e response={"jsonrpc":"2.0","id":14,"result":"0xbd4408c7d1d0f6acf5a1ab40beb71d47a476eb1b2affc88cea61afeaf9af33b2"}
tx 14/100: nonce=0x19e to=0x100000000000000000000000000000000000000f response={"jsonrpc":"2.0","id":15,"result":"0xb69a7996dcb5d82de8eb84bd2b7c81ef33a6a5964d1f51fea9331a50afa65125"}
tx 15/100: nonce=0x19f to=0x1000000000000000000000000000000000000010 response={"jsonrpc":"2.0","id":16,"result":"0xdf76980e59564025a826503c9b863b541564543a71ef322fc49349aa7abfc3b0"}
tx 16/100: nonce=0x1a0 to=0x1000000000000000000000000000000000000011 response={"jsonrpc":"2.0","id":17,"result":"0x2a7138667951538dea41151c93e623da29c36e16a68064a2a534f285df5ae643"}
tx 17/100: nonce=0x1a1 to=0x1000000000000000000000000000000000000012 response={"jsonrpc":"2.0","id":18,"result":"0x5c9d5105206ec6fe4f90852794b53f717f2a97ec1c77d718eeed54f30515c29c"}
tx 18/100: nonce=0x1a2 to=0x1000000000000000000000000000000000000013 response={"jsonrpc":"2.0","id":19,"result":"0xc4b931b0c71d78e02c2b7d47229febf2585d0e8f7294487ca5d687e99cd74a6d"}
tx 19/100: nonce=0x1a3 to=0x1000000000000000000000000000000000000014 response={"jsonrpc":"2.0","id":20,"result":"0x3870cc9f5121a6ed6d497451cf9b5461fe1a937c13c4c126ace6172397418c0a"}
tx 20/100: nonce=0x1a4 to=0x1000000000000000000000000000000000000015 response={"jsonrpc":"2.0","id":21,"result":"0xe9c6876eacd8db84a6fa7262608f782ce7ca583b809e8bd303263cb9ef1e711c"}
tx 21/100: nonce=0x1a5 to=0x1000000000000000000000000000000000000016 response={"jsonrpc":"2.0","id":22,"result":"0xc560c633cbffd5b5b20df69bf9d500e07008c142370b936ad01de4d999c11722"}
tx 22/100: nonce=0x1a6 to=0x1000000000000000000000000000000000000017 response={"jsonrpc":"2.0","id":23,"result":"0x0ea892ac461d6858ae9f5829d5a57149904fb52e032226bf5bb0ee53b0cbf657"}
tx 23/100: nonce=0x1a7 to=0x1000000000000000000000000000000000000018 response={"jsonrpc":"2.0","id":24,"result":"0x9f90c65e36b87e5e88001cef96d896c277f2e3c0b34cbf38627afe23e54f4f2f"}
tx 24/100: nonce=0x1a8 to=0x1000000000000000000000000000000000000019 response={"jsonrpc":"2.0","id":25,"result":"0x0c74698ddd397e884eb5d570207545eec3c8e13e4eca6757b4bd1f38a99deb3b"}
tx 25/100: nonce=0x1a9 to=0x100000000000000000000000000000000000001a response={"jsonrpc":"2.0","id":26,"result":"0x3f4fe5ccddff76182d9ca27edc00a57f7ac8c6639d93e83e508618600e38053d"}
tx 26/100: nonce=0x1aa to=0x100000000000000000000000000000000000001b response={"jsonrpc":"2.0","id":27,"result":"0x9e18a5026d39b5352fefc488fd8db5edfcb3be9db96e6023d5c59a6c26f8c07a"}
tx 27/100: nonce=0x1ab to=0x100000000000000000000000000000000000001c response={"jsonrpc":"2.0","id":28,"result":"0x034bd6615c1a2be48d3f97c1462bd3b3adf32df8f1c285c7fda71a1d2eb519b2"}
tx 28/100: nonce=0x1ac to=0x100000000000000000000000000000000000001d response={"jsonrpc":"2.0","id":29,"result":"0x69def1423fa7e7092f0caec72e75a5f67df27a69d06eae666bc0891b83489378"}
tx 29/100: nonce=0x1ad to=0x100000000000000000000000000000000000001e response={"jsonrpc":"2.0","id":30,"result":"0x8e8a74c4393bd9fa386c9a02d7722a96059f4f8f1f806ce50662c9d104e839cf"}
tx 30/100: nonce=0x1ae to=0x100000000000000000000000000000000000001f response={"jsonrpc":"2.0","id":31,"result":"0xacdfec5c4ecf7085b1a370df9c115f5c1604d273b41f8afdf5d35eef6b32f618"}
tx 31/100: nonce=0x1af to=0x1000000000000000000000000000000000000020 response={"jsonrpc":"2.0","id":32,"result":"0x42d89e260a4680c46250daa330e7c8c5df6a43bb4e56c628c6e955f311bd5cf0"}
tx 32/100: nonce=0x1b0 to=0x1000000000000000000000000000000000000021 response={"jsonrpc":"2.0","id":33,"result":"0x0c5967fae6052cffd5d38c28044dc26eb243cc8e91e0f3ea4fdcdd4a69cb6b5f"}
tx 33/100: nonce=0x1b1 to=0x1000000000000000000000000000000000000022 response={"jsonrpc":"2.0","id":34,"result":"0x92adad959434d3c23448396e83eb225007779afafd686af142b31f57232a85ad"}
tx 34/100: nonce=0x1b2 to=0x1000000000000000000000000000000000000023 response={"jsonrpc":"2.0","id":35,"result":"0x1a8df0d8f3da4999ceca26a00d355cd9798f967efc09cff843d48015c5bfb788"}
tx 35/100: nonce=0x1b3 to=0x1000000000000000000000000000000000000024 response={"jsonrpc":"2.0","id":36,"result":"0xbe6ae758bb5c2d39fd841d89aa867515f7a6100293093a320479d76c76823e3d"}
tx 36/100: nonce=0x1b4 to=0x1000000000000000000000000000000000000025 response={"jsonrpc":"2.0","id":37,"result":"0x7efced7212f024502218670c0ffdd652987e9c383d665a4c4586e6e558fae87a"}
tx 37/100: nonce=0x1b5 to=0x1000000000000000000000000000000000000026 response={"jsonrpc":"2.0","id":38,"result":"0xe68054498f0d0ffeed6973426748b47bb4486772c825c8844aea3654ccbe0174"}
tx 38/100: nonce=0x1b6 to=0x1000000000000000000000000000000000000027 response={"jsonrpc":"2.0","id":39,"result":"0xe5c68d97316ef3a276ae4988d14c8105bc6dc20e471536eeb78120db82d684b2"}
tx 39/100: nonce=0x1b7 to=0x1000000000000000000000000000000000000028 response={"jsonrpc":"2.0","id":40,"result":"0xbd9217988fc62cb5c0071dff8f3587860d8e07bcf1ed8ba72c0eac6470f61012"}
tx 40/100: nonce=0x1b8 to=0x1000000000000000000000000000000000000029 response={"jsonrpc":"2.0","id":41,"result":"0xf4fa8a9e1caee0ab693826348e5512bc16575bf17752635cdbc480d479290e07"}
tx 41/100: nonce=0x1b9 to=0x100000000000000000000000000000000000002a response={"jsonrpc":"2.0","id":42,"result":"0x47ffad43d9880041b45f4e2764469d7fbabaee039c2fb5683069c96cadce040b"}
tx 42/100: nonce=0x1ba to=0x100000000000000000000000000000000000002b response={"jsonrpc":"2.0","id":43,"result":"0x9fedda1cc8a1cb494f97d02f4d97ec9ff57b9e3a5222bb2cfb0eb5662eaa1acc"}
tx 43/100: nonce=0x1bb to=0x100000000000000000000000000000000000002c response={"jsonrpc":"2.0","id":44,"result":"0x92dbd6f124059002c3161e2a2e9958f2bbe6378cbb05c237af4423c98f8bd9ed"}
tx 44/100: nonce=0x1bc to=0x100000000000000000000000000000000000002d response={"jsonrpc":"2.0","id":45,"result":"0x8e0540c4b617276fd4bfd84b5b1b0417b1e58dae9d7066e88d71569a350bf011"}
tx 45/100: nonce=0x1bd to=0x100000000000000000000000000000000000002e response={"jsonrpc":"2.0","id":46,"result":"0x56925c46b4f38d8a7f764ee0936b58eace500871a40d38e0ef704b75d90f838e"}
tx 46/100: nonce=0x1be to=0x100000000000000000000000000000000000002f response={"jsonrpc":"2.0","id":47,"result":"0xc3289aa8f20bf4f425b225b9efae6c1ff39f1a03279fd3488e7337f9669e30ea"}
tx 47/100: nonce=0x1bf to=0x1000000000000000000000000000000000000030 response={"jsonrpc":"2.0","id":48,"result":"0x3f89c47589180b2f4942812c51c63c6b06df573f58c2e4361ebb1b065a97ca4d"}
tx 48/100: nonce=0x1c0 to=0x1000000000000000000000000000000000000031 response={"jsonrpc":"2.0","id":49,"result":"0xe9b06cc6499c3c12eaf0460d18843588a8c67f0bf5583368aa6e019464331fb1"}
tx 49/100: nonce=0x1c1 to=0x1000000000000000000000000000000000000032 response={"jsonrpc":"2.0","id":50,"result":"0xd1559e43e4680b88757b88ec2a19bbf47954a985fbf0f4a88ee7ef9f93e66af1"}
tx 50/100: nonce=0x1c2 to=0x1000000000000000000000000000000000000033 response={"jsonrpc":"2.0","id":51,"result":"0x154284212f7fd5f6ab067ac8e24d42658c4313aee571b1b08d49d22a67d2df8b"}
tx 51/100: nonce=0x1c3 to=0x1000000000000000000000000000000000000034 response={"jsonrpc":"2.0","id":52,"result":"0x01f10896454f3b8d96e5d11d6cbc0ff7f4bbee27418c29b93d858f9fcae17028"}
tx 52/100: nonce=0x1c4 to=0x1000000000000000000000000000000000000035 response={"jsonrpc":"2.0","id":53,"result":"0x6c5067f4309544f975958f172d78e500b90ed93d062bb80f3987f43c2b027ccf"}
tx 53/100: nonce=0x1c5 to=0x1000000000000000000000000000000000000036 response={"jsonrpc":"2.0","id":54,"result":"0xb9f6d027c0d9ee7cd29c0a583bfb813c516580f001f717768b8bf975a42158a0"}
tx 54/100: nonce=0x1c6 to=0x1000000000000000000000000000000000000037 response={"jsonrpc":"2.0","id":55,"result":"0xf67818a957c27366069f7c9dd3ed5998dc03228bb6d0fc140bf37b9c3d81c086"}
tx 55/100: nonce=0x1c7 to=0x1000000000000000000000000000000000000038 response={"jsonrpc":"2.0","id":56,"result":"0x6db6a96527de2b9c76ed4be585033ff54f53ef4dfee009b98e34d5ba4a20aa74"}
tx 56/100: nonce=0x1c8 to=0x1000000000000000000000000000000000000039 response={"jsonrpc":"2.0","id":57,"result":"0xadd49244029d28bd0a17ec39395f60ace62e52b8c804d01767b2512dcb1e2f30"}
tx 57/100: nonce=0x1c9 to=0x100000000000000000000000000000000000003a response={"jsonrpc":"2.0","id":58,"result":"0x6e23db0a5008297171e685371a497101f1147e63fb8807ecf82e5e0004a9c347"}
tx 58/100: nonce=0x1ca to=0x100000000000000000000000000000000000003b response={"jsonrpc":"2.0","id":59,"result":"0x0eca63ae7df0344fc5b0c0cd51173f25e0b8581c1ed834d171c93bdb9d6ad304"}
tx 59/100: nonce=0x1cb to=0x100000000000000000000000000000000000003c response={"jsonrpc":"2.0","id":60,"result":"0x92943f209cc34e04cf17abe6d59eb9da60f0d6d5cb14de1718b289bf117ebabc"}
tx 60/100: nonce=0x1cc to=0x100000000000000000000000000000000000003d response={"jsonrpc":"2.0","id":61,"result":"0xfc19d154f82688341ae250a0e1a2484930c6bfa9d743fcc29f7c6708d722f7d0"}
tx 61/100: nonce=0x1cd to=0x100000000000000000000000000000000000003e response={"jsonrpc":"2.0","id":62,"result":"0xa01862506840ab8deada095321655f309850a7042af0110d4a17c94d495630c4"}
tx 62/100: nonce=0x1ce to=0x100000000000000000000000000000000000003f response={"jsonrpc":"2.0","id":63,"result":"0xe26b176fea96b561b3ab9fa50c3bc3c1f6b1abdc3d7f3eaa1492756db1d57a46"}
tx 63/100: nonce=0x1cf to=0x1000000000000000000000000000000000000040 response={"jsonrpc":"2.0","id":64,"result":"0xb76244b9a1854cffc0b251322eca693c3f8e44e2fdc2e5ad298fda7e60fbd3fe"}
tx 64/100: nonce=0x1d0 to=0x1000000000000000000000000000000000000041 response={"jsonrpc":"2.0","id":65,"result":"0x99d9902994d4e151ffcff9f0c07b49ae09e1f515b54a0f41a3ec60f898cbf3f7"}
tx 65/100: nonce=0x1d1 to=0x1000000000000000000000000000000000000042 response={"jsonrpc":"2.0","id":66,"result":"0x6c100a9bed05c9ef3b9d12ee213d25a1717cc4098632fe3b1a7c4c97c723cff1"}
tx 66/100: nonce=0x1d2 to=0x1000000000000000000000000000000000000043 response={"jsonrpc":"2.0","id":67,"result":"0xa635a11b2a6aa0d1d13fb5a48eec09bfd4378a10ae358755943c8c0294c2da6d"}
tx 67/100: nonce=0x1d3 to=0x1000000000000000000000000000000000000044 response={"jsonrpc":"2.0","id":68,"result":"0xe0572e1a9802d7e740a5deb0bf1b30f32be804e1331cc0840229653a10b3870c"}
tx 68/100: nonce=0x1d4 to=0x1000000000000000000000000000000000000045 response={"jsonrpc":"2.0","id":69,"result":"0x98791efbdfe62495b9ffee764f630164f48a387af9015394b4a31aba668916b8"}
tx 69/100: nonce=0x1d5 to=0x1000000000000000000000000000000000000046 response={"jsonrpc":"2.0","id":70,"result":"0x22e35841f729bb535aa7e4db0e51ea8dab3d80a1acbe7577041f2af338c0c80e"}
tx 70/100: nonce=0x1d6 to=0x1000000000000000000000000000000000000047 response={"jsonrpc":"2.0","id":71,"result":"0x591550966c0245dfbd5391173cd5cb482437d58af5975e0c559cb3d775ac131e"}
tx 71/100: nonce=0x1d7 to=0x1000000000000000000000000000000000000048 response={"jsonrpc":"2.0","id":72,"result":"0x113239e18e7033741530aeb752ba11920335a617033fab55e4f7169763478632"}
tx 72/100: nonce=0x1d8 to=0x1000000000000000000000000000000000000049 response={"jsonrpc":"2.0","id":73,"result":"0x524e55a27e9f134e5dddeb6ba4dcef7585112dd0b8d726cf16b5b7de7a57ca35"}
tx 73/100: nonce=0x1d9 to=0x100000000000000000000000000000000000004a response={"jsonrpc":"2.0","id":74,"result":"0xa69dcf4db68e2d27a462fd78bf4a15687f430a6289823103791c2431bcedc7d1"}
tx 74/100: nonce=0x1da to=0x100000000000000000000000000000000000004b response={"jsonrpc":"2.0","id":75,"result":"0x3f23cd8916f9516db5fe94aa156f791167b7c844cf4805557f7622b3cabe772d"}
tx 75/100: nonce=0x1db to=0x100000000000000000000000000000000000004c response={"jsonrpc":"2.0","id":76,"result":"0xadce87e38be8fccac8973a74e8f3bed5643e3f40d448d72dc4844421200bd101"}
tx 76/100: nonce=0x1dc to=0x100000000000000000000000000000000000004d response={"jsonrpc":"2.0","id":77,"result":"0xdae7d2e29a317c68f513c10c1fdf58770d0d17be135a64cde394d535baf017b5"}
tx 77/100: nonce=0x1dd to=0x100000000000000000000000000000000000004e response={"jsonrpc":"2.0","id":78,"result":"0x04281c9a16fd512408216f7d36f1e8d1d40151c223cdb00d6fd3c38952b8055c"}
tx 78/100: nonce=0x1de to=0x100000000000000000000000000000000000004f response={"jsonrpc":"2.0","id":79,"result":"0x6f5886a855708ac36d2dc8510d1fd0ad0ae66422124f4d03e544bda781fd30bd"}
tx 79/100: nonce=0x1df to=0x1000000000000000000000000000000000000050 response={"jsonrpc":"2.0","id":80,"result":"0xd77b3006f79d5b556db8fed3031df2c27be88fb0bdb2ba54586455638ac57174"}
tx 80/100: nonce=0x1e0 to=0x1000000000000000000000000000000000000051 response={"jsonrpc":"2.0","id":81,"result":"0x62989b9a2d465978c458fecb6c5d8f558c6511c25f11a5654f132200fdff0338"}
tx 81/100: nonce=0x1e1 to=0x1000000000000000000000000000000000000052 response={"jsonrpc":"2.0","id":82,"result":"0xbfd6b6d7268696d634bfda9e41b2f0cfe0a49b36e6362550ec68db328ee59013"}
tx 82/100: nonce=0x1e2 to=0x1000000000000000000000000000000000000053 response={"jsonrpc":"2.0","id":83,"result":"0x7b5715bdcd6ce3d8f211e80722a9fd26b477bc2107055e8e29e6e424fad5046f"}
tx 83/100: nonce=0x1e3 to=0x1000000000000000000000000000000000000054 response={"jsonrpc":"2.0","id":84,"result":"0x3661768b4bfd681f27dd5186a8953a7cd0e677c5f2d950015cc6103bda7b7336"}
tx 84/100: nonce=0x1e4 to=0x1000000000000000000000000000000000000055 response={"jsonrpc":"2.0","id":85,"result":"0x4678eeadc8dc0292767664bfed6e3eb206fbe9f7edbcbb348edf0b058d549746"}
tx 85/100: nonce=0x1e5 to=0x1000000000000000000000000000000000000056 response={"jsonrpc":"2.0","id":86,"result":"0x3b72dee993edf6e2796334a1171cc18fd1b1c987539d4863cebd8a59130c0d07"}
tx 86/100: nonce=0x1e6 to=0x1000000000000000000000000000000000000057 response={"jsonrpc":"2.0","id":87,"result":"0x27561aea46b61658d9d14ad722c94c2bb03b6424d3d581f02a16f9d96b152b02"}
tx 87/100: nonce=0x1e7 to=0x1000000000000000000000000000000000000058 response={"jsonrpc":"2.0","id":88,"result":"0x91e05e92e5c3944ee41252a1dae8dcbfbefe0c329e892f5de8af3ad3f04ea7bd"}
tx 88/100: nonce=0x1e8 to=0x1000000000000000000000000000000000000059 response={"jsonrpc":"2.0","id":89,"result":"0xfe379ded78b86f9be524adaafcc19d0827c663a3b15a8072a73f5dd5b31ce54c"}
tx 89/100: nonce=0x1e9 to=0x100000000000000000000000000000000000005a response={"jsonrpc":"2.0","id":90,"result":"0xa32ee3cb747063b12ea98fe1e85fc1a2539a0a7a861623f8b3777089a87b16d1"}
tx 90/100: nonce=0x1ea to=0x100000000000000000000000000000000000005b response={"jsonrpc":"2.0","id":91,"result":"0x0e555184291ee80f6b941366b8c8971a72308c5f837d2c50bf71f7142361e32f"}
tx 91/100: nonce=0x1eb to=0x100000000000000000000000000000000000005c response={"jsonrpc":"2.0","id":92,"result":"0x93eb60eedf165b23f295be73e515ed144c53bfa7870439d8ae1f666526c32d56"}
tx 92/100: nonce=0x1ec to=0x100000000000000000000000000000000000005d response={"jsonrpc":"2.0","id":93,"result":"0xdc946a00969565d0628096a4fe1d343b616306bc85d8688b72796ee29921c7fa"}
tx 93/100: nonce=0x1ed to=0x100000000000000000000000000000000000005e response={"jsonrpc":"2.0","id":94,"result":"0x6d6c93c619dfe5a6c0c279da06fed3b9f4a9049f58ed68426ac3dc03e280bea5"}
tx 94/100: nonce=0x1ee to=0x100000000000000000000000000000000000005f response={"jsonrpc":"2.0","id":95,"result":"0x37c96180aa2496279df09bc1e7acc7047a00f13c73bf6917918f55d2a539541d"}
tx 95/100: nonce=0x1ef to=0x1000000000000000000000000000000000000060 response={"jsonrpc":"2.0","id":96,"result":"0x7b21fbb7f399d374bca429baffdd6354115ade58e2a180367af10a66e9557576"}
tx 96/100: nonce=0x1f0 to=0x1000000000000000000000000000000000000061 response={"jsonrpc":"2.0","id":97,"result":"0x52a5808dd0cfdf716eb7fd32947e99903ca7934b0fab028de07b85aa04dba6f6"}
tx 97/100: nonce=0x1f1 to=0x1000000000000000000000000000000000000062 response={"jsonrpc":"2.0","id":98,"result":"0x6c2061ab7af20378c68b9ff68df8e76e74913f8c3e0c05925196ddf9d8924106"}
tx 98/100: nonce=0x1f2 to=0x1000000000000000000000000000000000000063 response={"jsonrpc":"2.0","id":99,"result":"0x8873c61f5a5b790022e1513efcdeacf69d3da39aa796026e2f116409ecf1c2cb"}
tx 99/100: nonce=0x1f3 to=0x1000000000000000000000000000000000000064 response={"jsonrpc":"2.0","id":100,"result":"0x0328ac3c296350368fba2af85d38b05f623ce7fbbc0ceb792e32b2e1adf0457d"}
Done. Check pending txs with:
curl -s -H 'Content-Type: application/json' --data '{"jsonrpc":"2.0","method":"txpool_status","params":[],"id":1}' http://127.0.0.1:8545
Sending 100 txs from 0x92424e4f86201c931ba53eb48619d93244c18e13 via http://127.0.0.1:8545, base_nonce=500, to_mode=sequential
tx 0/100: nonce=0x1f4 to=0x1000000000000000000000000000000000000001 response={"jsonrpc":"2.0","id":1,"result":"0x6c333748f217b08d11c48945a783d4640cce2f6ffaa89ddca0260828257f0853"}
tx 1/100: nonce=0x1f5 to=0x1000000000000000000000000000000000000002 response={"jsonrpc":"2.0","id":2,"result":"0x645b8dcc2419acdf5bba5e15b7090f91f76ba62a98271c3a5805d943626ef3ee"}
tx 2/100: nonce=0x1f6 to=0x1000000000000000000000000000000000000003 response={"jsonrpc":"2.0","id":3,"result":"0x0495fee3b55dab5e1ad16cf9d2a77cc61ba1ede9b29cb373c733ebafba19f825"}
tx 3/100: nonce=0x1f7 to=0x1000000000000000000000000000000000000004 response={"jsonrpc":"2.0","id":4,"result":"0x70eaa9c46bb10bb9391f371b3e8af3c769b4cb01d697f7b71c2645487aa8912e"}
tx 4/100: nonce=0x1f8 to=0x1000000000000000000000000000000000000005 response={"jsonrpc":"2.0","id":5,"result":"0x1093d58c329f64fe186830ee350df5646fbc5f72751f464e6106524c6f327a59"}
tx 5/100: nonce=0x1f9 to=0x1000000000000000000000000000000000000006 response={"jsonrpc":"2.0","id":6,"result":"0x81b8be948c46315b8a80cf5c9c1310c7f26bdcad301f1db385b56b3a98fe9f20"}
tx 6/100: nonce=0x1fa to=0x1000000000000000000000000000000000000007 response={"jsonrpc":"2.0","id":7,"result":"0x7ce7e2b532dcc6da280b6e60114c976e693fd9484ba45092e7df59f43c278271"}
tx 7/100: nonce=0x1fb to=0x1000000000000000000000000000000000000008 response={"jsonrpc":"2.0","id":8,"result":"0xd29cf07034714015b271c2f418bcd15017077a375e24153380452853c4518277"}
tx 8/100: nonce=0x1fc to=0x1000000000000000000000000000000000000009 response={"jsonrpc":"2.0","id":9,"result":"0x660112093adedb7441d00cfbb3a554a252649ed5f59aa8393693d8f354f13036"}
tx 9/100: nonce=0x1fd to=0x100000000000000000000000000000000000000a response={"jsonrpc":"2.0","id":10,"result":"0x891cd94e31ed72b91fcfaef55b77d827de884d92235eba253adbd65b64934891"}
tx 10/100: nonce=0x1fe to=0x100000000000000000000000000000000000000b response={"jsonrpc":"2.0","id":11,"result":"0x4624bd4ede54b7d65b281cf58cc7809a0f42c7ce764f21b228fb9cb0d931d67e"}
tx 11/100: nonce=0x1ff to=0x100000000000000000000000000000000000000c response={"jsonrpc":"2.0","id":12,"result":"0xfe9f2b087f891ab1cea129cba093ecba834e628b9b11bd4469d393418ebeb7e9"}
tx 12/100: nonce=0x200 to=0x100000000000000000000000000000000000000d response={"jsonrpc":"2.0","id":13,"result":"0x5808b02ec93f6965fcf77856721d700814f79216ae6fd1296120bd3fce0a1577"}
tx 13/100: nonce=0x201 to=0x100000000000000000000000000000000000000e response={"jsonrpc":"2.0","id":14,"result":"0x6a1a175ba012ff9b75b3d2faff960f5e6ed549a35b70195c28a6176f80deb2d0"}
tx 14/100: nonce=0x202 to=0x100000000000000000000000000000000000000f response={"jsonrpc":"2.0","id":15,"result":"0x4bd8c20c92d024c7e048d94b921d37cff542a0f5617a588504e9b14abb813cbe"}
tx 15/100: nonce=0x203 to=0x1000000000000000000000000000000000000010 response={"jsonrpc":"2.0","id":16,"result":"0x157b50af5e3b3b2d1af459109d4e754c1a7dff114e9e6b9114c18a4ede7479ee"}
tx 16/100: nonce=0x204 to=0x1000000000000000000000000000000000000011 response={"jsonrpc":"2.0","id":17,"result":"0x3a8f86d866d1de14bd9c7b73df0a97e83a15cfaffd8fbef028022368b355d5d6"}
tx 17/100: nonce=0x205 to=0x1000000000000000000000000000000000000012 response={"jsonrpc":"2.0","id":18,"result":"0xcca2a5144636ff63e3e936d04d231cdd11c3763e4e62469a5c21214adc1acf7f"}
tx 18/100: nonce=0x206 to=0x1000000000000000000000000000000000000013 response={"jsonrpc":"2.0","id":19,"result":"0x41dd1db1a9e19f737eadab99f42302143d09fff77947243dbeef82ca148eca45"}
tx 19/100: nonce=0x207 to=0x1000000000000000000000000000000000000014 response={"jsonrpc":"2.0","id":20,"result":"0xc8760780b4520162c344683262b633bb15572879a12e4eb3af0d5c08c63c3dcc"}
tx 20/100: nonce=0x208 to=0x1000000000000000000000000000000000000015 response={"jsonrpc":"2.0","id":21,"result":"0xb618b567956189fba8071822d5d3aed0c4d39d8d561bd31a1bc6b7bfa9bba964"}
tx 21/100: nonce=0x209 to=0x1000000000000000000000000000000000000016 response={"jsonrpc":"2.0","id":22,"result":"0x63833f80c960d79d0a151fe8a32725939993d6f7487e0f5fefa3f414daa2992c"}
tx 22/100: nonce=0x20a to=0x1000000000000000000000000000000000000017 response={"jsonrpc":"2.0","id":23,"result":"0x1d09b3ff8d38cce6d1df21e3a92a8fc28d86a1b7d2de565e60be5df973d52fc3"}
tx 23/100: nonce=0x20b to=0x1000000000000000000000000000000000000018 response={"jsonrpc":"2.0","id":24,"result":"0x769fc39bcf6a6cec7d80986df3b53e6b0fd00ab61251f9dfae22e110fe5dc2f9"}
tx 24/100: nonce=0x20c to=0x1000000000000000000000000000000000000019 response={"jsonrpc":"2.0","id":25,"result":"0x5c6e213fdbf769dcd877a42084c8053f347ccc4350ec2bb51eef89763cb92baf"}
tx 25/100: nonce=0x20d to=0x100000000000000000000000000000000000001a response={"jsonrpc":"2.0","id":26,"result":"0x1aff54010be64e161007c9b602870e33c0565eb8ece3169913d77290a94d6f4a"}
tx 26/100: nonce=0x20e to=0x100000000000000000000000000000000000001b response={"jsonrpc":"2.0","id":27,"result":"0x89f75f7830bf3aa52a91ed941e37b203c70e35b30cb20c5157f53da55e020d02"}
tx 27/100: nonce=0x20f to=0x100000000000000000000000000000000000001c response={"jsonrpc":"2.0","id":28,"result":"0x4a9b1f9a694802379deae86c17abfa941bd53a67435218726c444a340229292c"}
tx 28/100: nonce=0x210 to=0x100000000000000000000000000000000000001d response={"jsonrpc":"2.0","id":29,"result":"0x7e5082f093779e98bd4f2649b2d07e94dedab5fc19e1862ccf98612eaad1fcb6"}
tx 29/100: nonce=0x211 to=0x100000000000000000000000000000000000001e response={"jsonrpc":"2.0","id":30,"result":"0x3d5935a201b27637d0fcafe2566751d96ed9cd06bcaeceee97c3b5d5bc0d228d"}
tx 30/100: nonce=0x212 to=0x100000000000000000000000000000000000001f response={"jsonrpc":"2.0","id":31,"result":"0x5a192b71297a0b53b3e3f0203d055b8255d098e4472ed93341e76566c947277e"}
tx 31/100: nonce=0x213 to=0x1000000000000000000000000000000000000020 response={"jsonrpc":"2.0","id":32,"result":"0x265bb2fe1bdec5ada08c8aa488805239cebfc172f4e48a4b39510eaf5b2f2ecb"}
tx 32/100: nonce=0x214 to=0x1000000000000000000000000000000000000021 response={"jsonrpc":"2.0","id":33,"result":"0x4f53c1f79e08822b46e922e7f1f50f272a08e9d12445abc52cfc28120ba4824c"}
tx 33/100: nonce=0x215 to=0x1000000000000000000000000000000000000022 response={"jsonrpc":"2.0","id":34,"result":"0xe93f1a6845695ba1c3b4fdb9d75e8d9f5d9122f5ffbf88b0d8aaaec74b24a72f"}
tx 34/100: nonce=0x216 to=0x1000000000000000000000000000000000000023 response={"jsonrpc":"2.0","id":35,"result":"0x480fa4807a05c2b4a394d6c02611726c511feb9bbe8e3d8b2baed4a5cfa5aed3"}
tx 35/100: nonce=0x217 to=0x1000000000000000000000000000000000000024 response={"jsonrpc":"2.0","id":36,"result":"0x76f5e3389899e578e9bb202bb2ba8dd9f110b49647f046a68dde590f904a272a"}
tx 36/100: nonce=0x218 to=0x1000000000000000000000000000000000000025 response={"jsonrpc":"2.0","id":37,"result":"0x1fbe3aaf068ee0e716dc5e33b16ac4a8f51b274db1d231c7576515a12101c274"}
tx 37/100: nonce=0x219 to=0x1000000000000000000000000000000000000026 response={"jsonrpc":"2.0","id":38,"result":"0x38d249db3253a386791291ce5cdac6fa15c1baca197e72c1fe1028fc5ebae5bb"}
tx 38/100: nonce=0x21a to=0x1000000000000000000000000000000000000027 response={"jsonrpc":"2.0","id":39,"result":"0xadf336b7250c4c4c9b3a9476ec970495628bce0a7aaff3a43fa6a40600b49542"}
tx 39/100: nonce=0x21b to=0x1000000000000000000000000000000000000028 response={"jsonrpc":"2.0","id":40,"result":"0x503bd58a5145e80fc41b31cb78af0617adc23f4e4d6aa4ce292b48844d322453"}
tx 40/100: nonce=0x21c to=0x1000000000000000000000000000000000000029 response={"jsonrpc":"2.0","id":41,"result":"0x2d2673f330f979d9adffbc6db09441f04b083bcc5ecb1350f77178d16aaa6e2f"}
tx 41/100: nonce=0x21d to=0x100000000000000000000000000000000000002a response={"jsonrpc":"2.0","id":42,"result":"0xaeeabf07bd625e2cfc45b4fd891c9edc7e96f34b83e8b319c115341e664304ee"}
tx 42/100: nonce=0x21e to=0x100000000000000000000000000000000000002b response={"jsonrpc":"2.0","id":43,"result":"0x9c56423103252abc54358e490dcf09863158696627c338c0e7573d419f947b50"}
tx 43/100: nonce=0x21f to=0x100000000000000000000000000000000000002c response={"jsonrpc":"2.0","id":44,"result":"0xf57f4d6454d922a3d2cc8fa52ea7a93f78b863b9e3a6370f27926a4d9df22ccc"}
tx 44/100: nonce=0x220 to=0x100000000000000000000000000000000000002d response={"jsonrpc":"2.0","id":45,"result":"0x3ce5729bdc4b070593fae42ecd378392ad30f672dd17bd8881cefee96d604b2a"}
tx 45/100: nonce=0x221 to=0x100000000000000000000000000000000000002e response={"jsonrpc":"2.0","id":46,"result":"0x3f497b542c03125ac2119d9ba600dd5b2b6bc09ccdd00d45ef2f48e3bfd31d67"}
tx 46/100: nonce=0x222 to=0x100000000000000000000000000000000000002f response={"jsonrpc":"2.0","id":47,"result":"0xa4bb2158853611273a36a7904d2c2fab91a4f673d1cab1e15dfded7bc8d803ba"}
tx 47/100: nonce=0x223 to=0x1000000000000000000000000000000000000030 response={"jsonrpc":"2.0","id":48,"result":"0xd6d7a72eaa568a2958b764e6926b21e145dfb6662882d628d35f4cac39b24dfa"}
tx 48/100: nonce=0x224 to=0x1000000000000000000000000000000000000031 response={"jsonrpc":"2.0","id":49,"result":"0x12698bbe070b24625663c96a0f2fd7d751135f911cf008b4596264ca4ad72838"}
tx 49/100: nonce=0x225 to=0x1000000000000000000000000000000000000032 response={"jsonrpc":"2.0","id":50,"result":"0x38b5c6d4d52efc2128ec46c3aaf904c75c7cd16990387cd05413a25efe7ee6be"}
tx 50/100: nonce=0x226 to=0x1000000000000000000000000000000000000033 response={"jsonrpc":"2.0","id":51,"result":"0x50fa265c20a07a6d91eb658e5357d7de07e9d6effe9741c593404591d63d7c59"}
tx 51/100: nonce=0x227 to=0x1000000000000000000000000000000000000034 response={"jsonrpc":"2.0","id":52,"result":"0x77d581254dc02d1e2cf714347dcef3b97612baa0a4b18c40abc9d942b68f0b5e"}
tx 52/100: nonce=0x228 to=0x1000000000000000000000000000000000000035 response={"jsonrpc":"2.0","id":53,"result":"0xb687f160ef677afde1165ab08c3bac052e04d1107e198359620156b084945c59"}
tx 53/100: nonce=0x229 to=0x1000000000000000000000000000000000000036 response={"jsonrpc":"2.0","id":54,"result":"0xe2370162bb8648843505c587214b316a73732038e777af79ee7d982d2e64cc0c"}
tx 54/100: nonce=0x22a to=0x1000000000000000000000000000000000000037 response={"jsonrpc":"2.0","id":55,"result":"0xf08e300fe1a35d7d55bd72a478070f820c393aec64bfa30ae830178896cd1f9c"}
tx 55/100: nonce=0x22b to=0x1000000000000000000000000000000000000038 response={"jsonrpc":"2.0","id":56,"result":"0xda8ae5888cee5cd6560e42f3bbf7a5a2b04f409c9eb58e7615b8038d15ef5a63"}
tx 56/100: nonce=0x22c to=0x1000000000000000000000000000000000000039 response={"jsonrpc":"2.0","id":57,"result":"0xef81ada3246aa0c9bb678251dc814d5cf312545aa7cfc8dbd5fc7ae7a74d9a11"}
tx 57/100: nonce=0x22d to=0x100000000000000000000000000000000000003a response={"jsonrpc":"2.0","id":58,"result":"0x2978f1bed8dd1449f541c0ebc7e343df74be45704954a89831b1b2aae73009ef"}
tx 58/100: nonce=0x22e to=0x100000000000000000000000000000000000003b response={"jsonrpc":"2.0","id":59,"result":"0xc5c6af9808f9b315eaf8443db7f56290909c52ce1eaf8f74764cca716d1583d6"}
tx 59/100: nonce=0x22f to=0x100000000000000000000000000000000000003c response={"jsonrpc":"2.0","id":60,"result":"0xf64f54eec01051f7c65b6b5f1afddc42acd2ba88c0e034f132032a76d48b069b"}
tx 60/100: nonce=0x230 to=0x100000000000000000000000000000000000003d response={"jsonrpc":"2.0","id":61,"result":"0xb63daa1da6a944ca5ed2717b94eea92070d6ecd81edf322e73667d2c6c9123b6"}
tx 61/100: nonce=0x231 to=0x100000000000000000000000000000000000003e response={"jsonrpc":"2.0","id":62,"result":"0x1303b740cb6331e1843944f8f9bc3cb7b621ed997d5bbcba08f08f0e1bd2e263"}
tx 62/100: nonce=0x232 to=0x100000000000000000000000000000000000003f response={"jsonrpc":"2.0","id":63,"result":"0xd8f169b1ac5890f95f953a6c7f5411340e4cf04150ff27dbdf7ccc663f5be8c4"}
tx 63/100: nonce=0x233 to=0x1000000000000000000000000000000000000040 response={"jsonrpc":"2.0","id":64,"result":"0xa17e2dc1d71857f492eeda2e361498b66fe3e34404d628ec4de11e24146d2f6b"}
tx 64/100: nonce=0x234 to=0x1000000000000000000000000000000000000041 response={"jsonrpc":"2.0","id":65,"result":"0x58c486b626ab660d188ea9a1f83843d9de56b486d5797c46f27d036203efac9a"}
tx 65/100: nonce=0x235 to=0x1000000000000000000000000000000000000042 response={"jsonrpc":"2.0","id":66,"result":"0x495e7c6749bba617caf52149e1c12cb20bf88e4d64f6c5583f07aed3571ba321"}
tx 66/100: nonce=0x236 to=0x1000000000000000000000000000000000000043 response={"jsonrpc":"2.0","id":67,"result":"0x09c6bffa35f867ddaf09a9e22030ea828ffd7759f9add20de74cedf69541cede"}
tx 67/100: nonce=0x237 to=0x1000000000000000000000000000000000000044 response={"jsonrpc":"2.0","id":68,"result":"0xb754ee8700a7783a29e5dcd718e4e48c89ac801e8ba7d6cd88053fd3a184e4fd"}
tx 68/100: nonce=0x238 to=0x1000000000000000000000000000000000000045 response={"jsonrpc":"2.0","id":69,"result":"0x6d4f97eb52a432f9b8ff6321fcf2fc4b102f6f16ba8665f2743783483985a93f"}
tx 69/100: nonce=0x239 to=0x1000000000000000000000000000000000000046 response={"jsonrpc":"2.0","id":70,"result":"0xfff43c208f7671fb2ebb3c64d9db0092c0b7e8a55a3a17a95f8e9cebfa13157b"}
tx 70/100: nonce=0x23a to=0x1000000000000000000000000000000000000047 response={"jsonrpc":"2.0","id":71,"result":"0xabcb3bf8e8a00fb76d9b8d3f57677b105e2fe5332a61e3c135f5f84994960b1a"}
tx 71/100: nonce=0x23b to=0x1000000000000000000000000000000000000048 response={"jsonrpc":"2.0","id":72,"result":"0x1df62e37c3e234a3323af052d61f4d4197e86ad7e940247c69317cd3e792bd93"}
tx 72/100: nonce=0x23c to=0x1000000000000000000000000000000000000049 response={"jsonrpc":"2.0","id":73,"result":"0xbcfd16a73beff85dca2904df928a1778d30020a6e63837c889892147e934919f"}
tx 73/100: nonce=0x23d to=0x100000000000000000000000000000000000004a response={"jsonrpc":"2.0","id":74,"result":"0xc099906419131215fe36495bb86cfd6e83418e2e5d3b327c2973f1d42ea505e6"}
tx 74/100: nonce=0x23e to=0x100000000000000000000000000000000000004b response={"jsonrpc":"2.0","id":75,"result":"0x96b97a7ab705f615acf60df1e40513a7ba2b99a96a06f5cd2e8baa6ce784c1c3"}
tx 75/100: nonce=0x23f to=0x100000000000000000000000000000000000004c response={"jsonrpc":"2.0","id":76,"result":"0x08a72a74647c9e586a1d0e1bd116d7281394c747f613a14040a6a41cefe3710b"}
tx 76/100: nonce=0x240 to=0x100000000000000000000000000000000000004d response={"jsonrpc":"2.0","id":77,"result":"0x3a8fbcbc9ab44f0acb6c366c07b15d55265b522758b55873f1e3ba3093699ace"}
tx 77/100: nonce=0x241 to=0x100000000000000000000000000000000000004e response={"jsonrpc":"2.0","id":78,"result":"0xe9660f4a82517d4ba0b86b64aa2a8ac72c80c22fbf39d224917318c573b79bbe"}
tx 78/100: nonce=0x242 to=0x100000000000000000000000000000000000004f response={"jsonrpc":"2.0","id":79,"result":"0xe82d4b9b83fcad006ff145e76648907682677c7430e3a2a7c739ba9c4edbf360"}
tx 79/100: nonce=0x243 to=0x1000000000000000000000000000000000000050 response={"jsonrpc":"2.0","id":80,"result":"0xc2eb3edd92ceb4869aa7d92c886e68d0b64a504680f3acc339f4d1f60e3f407c"}
tx 80/100: nonce=0x244 to=0x1000000000000000000000000000000000000051 response={"jsonrpc":"2.0","id":81,"result":"0xd47f0c2acddc9e490c0ad15c4f891859c87c935d6008f00e01495cec7071e1ec"}
tx 81/100: nonce=0x245 to=0x1000000000000000000000000000000000000052 response={"jsonrpc":"2.0","id":82,"result":"0x2d416b258b61e7ddec4ee4b805704469bbd017874bb2793e491a95692f58bb9c"}
tx 82/100: nonce=0x246 to=0x1000000000000000000000000000000000000053 response={"jsonrpc":"2.0","id":83,"result":"0x2a78d8da51b85c98d557b8ef916618c3b16e3fd07f37c839d0d0a46b26867ee5"}
tx 83/100: nonce=0x247 to=0x1000000000000000000000000000000000000054 response={"jsonrpc":"2.0","id":84,"result":"0xfdd99fa88644d06b13384eac1619cac3918c5956ff00625cc2c26949edf3938a"}
tx 84/100: nonce=0x248 to=0x1000000000000000000000000000000000000055 response={"jsonrpc":"2.0","id":85,"result":"0x6c795e2d0a7cecd4a8acd902927cd136431ec50f0df2bff75aeffd9d0553c4f9"}
tx 85/100: nonce=0x249 to=0x1000000000000000000000000000000000000056 response={"jsonrpc":"2.0","id":86,"result":"0x17ccdb81aec44e708a198258b20ac9927b5d8f2b04e2fcae20e365bf2cf2084a"}
tx 86/100: nonce=0x24a to=0x1000000000000000000000000000000000000057 response={"jsonrpc":"2.0","id":87,"result":"0x7168efc0a0f2e8f97ea1a52c80bdddb3f63e65dfaeab35ff34bc238650595152"}
tx 87/100: nonce=0x24b to=0x1000000000000000000000000000000000000058 response={"jsonrpc":"2.0","id":88,"result":"0x251e410adb90dea9e431c4574fc9d6930691424db61315843b08b6325df153a1"}
tx 88/100: nonce=0x24c to=0x1000000000000000000000000000000000000059 response={"jsonrpc":"2.0","id":89,"result":"0x6ab5862e4391b318f0f6294749c937c4cd7458db0840913cea1987f1708e9f43"}
tx 89/100: nonce=0x24d to=0x100000000000000000000000000000000000005a response={"jsonrpc":"2.0","id":90,"result":"0x249b06a8aa58c7189f09e48b357ed27a195c6de0381b3f17aa41bdcf6f595231"}
tx 90/100: nonce=0x24e to=0x100000000000000000000000000000000000005b response={"jsonrpc":"2.0","id":91,"result":"0xa8f16b88bae251a2435719ef00bcb96a94cf7915316344271377e64921fe0770"}
tx 91/100: nonce=0x24f to=0x100000000000000000000000000000000000005c response={"jsonrpc":"2.0","id":92,"result":"0x30b32e38a8658ce57930a5e3099cb9a70f0fc11dfaacf9aa6f27abf16654820e"}
tx 92/100: nonce=0x250 to=0x100000000000000000000000000000000000005d response={"jsonrpc":"2.0","id":93,"result":"0x1c29a50a2b923011b5ecaf334aad00e68df95d073e2ed966c3647c03576d0a3e"}
tx 93/100: nonce=0x251 to=0x100000000000000000000000000000000000005e response={"jsonrpc":"2.0","id":94,"result":"0x9c0f98134aef2765f9a03290c80a8479475b3f70a4647fe7fbe0c4fed24e7b49"}
tx 94/100: nonce=0x252 to=0x100000000000000000000000000000000000005f response={"jsonrpc":"2.0","id":95,"result":"0x79ae92338c90720bf7ea9755398b1058f7ee144f5798ac96283d9425b770531a"}
tx 95/100: nonce=0x253 to=0x1000000000000000000000000000000000000060 response={"jsonrpc":"2.0","id":96,"result":"0xdad6be6862be123ac8a29c09a8c114e0861c5c96042bc02d75cf7c09b2f49c9d"}
tx 96/100: nonce=0x254 to=0x1000000000000000000000000000000000000061 response={"jsonrpc":"2.0","id":97,"result":"0x33993883e4e0f38b8e72b207c6487ec9b6ee0914f363db750ee26aa91a949b14"}
tx 97/100: nonce=0x255 to=0x1000000000000000000000000000000000000062 response={"jsonrpc":"2.0","id":98,"result":"0x6b22abf6f149786892ebf5743235fc214d8c3bcd53ee5ae20b990e56c7b49e79"}
tx 98/100: nonce=0x256 to=0x1000000000000000000000000000000000000063 response={"jsonrpc":"2.0","id":99,"result":"0x64fedcd67ba2ec1cdf4ef9c3545761162daaecff7adbfd2a0d800178986ee188"}
tx 99/100: nonce=0x257 to=0x1000000000000000000000000000000000000064 response={"jsonrpc":"2.0","id":100,"result":"0xcbe89856ddd0aa1c30fba939d560339ec870ab14a13990e5eb9e2ea8ff333c8b"}
Done. Check pending txs with:
curl -s -H 'Content-Type: application/json' --data '{"jsonrpc":"2.0","method":"txpool_status","params":[],"id":1}' http://127.0.0.1:8545
Sending 100 txs from 0x92424e4f86201c931ba53eb48619d93244c18e13 via http://127.0.0.1:8545, base_nonce=600, to_mode=sequential
tx 0/100: nonce=0x258 to=0x1000000000000000000000000000000000000001 response={"jsonrpc":"2.0","id":1,"result":"0x2e444c20e0c0c17af8c9d7d19c72eef2934154ae0282a34e9b0171a8920af3ac"}
tx 1/100: nonce=0x259 to=0x1000000000000000000000000000000000000002 response={"jsonrpc":"2.0","id":2,"result":"0xc7547d7fe2ab6c44756cbbf2ec8007e6935b071736d01b349d30b9f37c5c5adf"}
tx 2/100: nonce=0x25a to=0x1000000000000000000000000000000000000003 response={"jsonrpc":"2.0","id":3,"result":"0xdd0e62028074e6a1a5184939fbaa19d7a081b194188369b8eec905a19a4492fa"}
tx 3/100: nonce=0x25b to=0x1000000000000000000000000000000000000004 response={"jsonrpc":"2.0","id":4,"result":"0xa067bcf801a8aed711f06d4041de11e312b7586e06aa2febb0b4daf2da9a7269"}
tx 4/100: nonce=0x25c to=0x1000000000000000000000000000000000000005 response={"jsonrpc":"2.0","id":5,"result":"0xf993fd10eca45db5947e8b9242e3e25b449d994714fda94fc6b9d8bc3a10bfaf"}
tx 5/100: nonce=0x25d to=0x1000000000000000000000000000000000000006 response={"jsonrpc":"2.0","id":6,"result":"0xad58023c73c12ddb9dd349bdaaf5b7979962a991f6c661d1544fe3ec1e94a3e0"}
tx 6/100: nonce=0x25e to=0x1000000000000000000000000000000000000007 response={"jsonrpc":"2.0","id":7,"result":"0x0b7af974b91a7f36b214d5bd6ef7dd6fc15d029f0c85a9307cba32f7d86226ec"}
tx 7/100: nonce=0x25f to=0x1000000000000000000000000000000000000008 response={"jsonrpc":"2.0","id":8,"result":"0x04cc6621d3ccb44a19a87acece094b40829da8f67ba69e2128b6b0dd9cf0d7b1"}
tx 8/100: nonce=0x260 to=0x1000000000000000000000000000000000000009 response={"jsonrpc":"2.0","id":9,"result":"0x5b22e5c0925cbb425b401c9d3081d359a611ef89c160f92406bf08069c58a7f8"}
tx 9/100: nonce=0x261 to=0x100000000000000000000000000000000000000a response={"jsonrpc":"2.0","id":10,"result":"0x2aa6414de5ad600c4e6ef979996672ca2be9bd277e99bb343c96d3a830ef192d"}
tx 10/100: nonce=0x262 to=0x100000000000000000000000000000000000000b response={"jsonrpc":"2.0","id":11,"result":"0x116da175cfa5951b658697503f78fd09e5892a58fba23d3d954866d6d37ee86d"}
tx 11/100: nonce=0x263 to=0x100000000000000000000000000000000000000c response={"jsonrpc":"2.0","id":12,"result":"0x14029bc1bbc4f999678e3dc2976e45ed85d7fc983412baf70ea05dbae8fd64d9"}
tx 12/100: nonce=0x264 to=0x100000000000000000000000000000000000000d response={"jsonrpc":"2.0","id":13,"result":"0x3af7e47000f45c2b6cdbb82a1b9b4934ebfe5167b8d742bdc64ae629003f6594"}
tx 13/100: nonce=0x265 to=0x100000000000000000000000000000000000000e response={"jsonrpc":"2.0","id":14,"result":"0xd77dfd00b919ebec003f65cb2df9afb04ae41061bd0d7c36ab656a7128a82d57"}
tx 14/100: nonce=0x266 to=0x100000000000000000000000000000000000000f response={"jsonrpc":"2.0","id":15,"result":"0x46a5d42f8c08fd60ad18d0dab5a009c59fc04dca725aed913a8914199bd04adf"}
tx 15/100: nonce=0x267 to=0x1000000000000000000000000000000000000010 response={"jsonrpc":"2.0","id":16,"result":"0x903ab2c4d254bd08690710da599477144875661c6c78e392f0cb6e440faa92d9"}
tx 16/100: nonce=0x268 to=0x1000000000000000000000000000000000000011 response={"jsonrpc":"2.0","id":17,"result":"0xae984d1f0a54c4a1b3321f49986141a04d4aa061d576192804ab314c081566f4"}
tx 17/100: nonce=0x269 to=0x1000000000000000000000000000000000000012 response={"jsonrpc":"2.0","id":18,"result":"0x12beb4bb8bae9bd8141cef8521a210f7f6fc7adef06b662982fa625f87a127d9"}
tx 18/100: nonce=0x26a to=0x1000000000000000000000000000000000000013 response={"jsonrpc":"2.0","id":19,"result":"0x5b070d094769f45819159cec9008c66207a9eb7834abf82dd7be703bb0f22b3c"}
tx 19/100: nonce=0x26b to=0x1000000000000000000000000000000000000014 response={"jsonrpc":"2.0","id":20,"result":"0x563c69210f2aa97e5df8c7e7fe41d8966f1610ebc7ea4c374e96bfacf1e7b000"}
tx 20/100: nonce=0x26c to=0x1000000000000000000000000000000000000015 response={"jsonrpc":"2.0","id":21,"result":"0x7301295a39823783da4ef72e9dee98ae2424f8307a05f55ffcf0f135cf3da982"}
tx 21/100: nonce=0x26d to=0x1000000000000000000000000000000000000016 response={"jsonrpc":"2.0","id":22,"result":"0x84bb47d4133ce7d74bb8d5c674b683c54cffcaefa2ba9bb3140b69d3d335adab"}
tx 22/100: nonce=0x26e to=0x1000000000000000000000000000000000000017 response={"jsonrpc":"2.0","id":23,"result":"0x1d1f2e7e57062b9bec35f238bb6ce0c3aaf6b73713a75fbe4772b233ea899d5c"}
tx 23/100: nonce=0x26f to=0x1000000000000000000000000000000000000018 response={"jsonrpc":"2.0","id":24,"result":"0xf8388c853812f75461f20ee5172778686270e6ac53d270a173dbff8a5e1b5b45"}
tx 24/100: nonce=0x270 to=0x1000000000000000000000000000000000000019 response={"jsonrpc":"2.0","id":25,"result":"0xd61ba6893a52170ca1115a57014ae64ca205a79b8adf2b20991da3a53c0bb87f"}
tx 25/100: nonce=0x271 to=0x100000000000000000000000000000000000001a response={"jsonrpc":"2.0","id":26,"result":"0x1068bdb9e2b4e54afbf93581023eee27b4c054cbd178c04eb14b7dbc551669e9"}
tx 26/100: nonce=0x272 to=0x100000000000000000000000000000000000001b response={"jsonrpc":"2.0","id":27,"result":"0xf8ba2f865f27dbda204da2815502e76083811717efd6ae688efd69cd88c7d914"}
tx 27/100: nonce=0x273 to=0x100000000000000000000000000000000000001c response={"jsonrpc":"2.0","id":28,"result":"0xf34986e5d7969090f38dcd26d4480e48b0795f3a3d136a6f4eaca82f6aa4ec65"}
tx 28/100: nonce=0x274 to=0x100000000000000000000000000000000000001d response={"jsonrpc":"2.0","id":29,"result":"0x688a75deba7ce8fd219896f1b18240d14121c0c934502aa42ce3f9a2c79fde89"}
tx 29/100: nonce=0x275 to=0x100000000000000000000000000000000000001e response={"jsonrpc":"2.0","id":30,"result":"0x9f03d832bcc1784996b7f011ddabddc9d67d51cda3887e62d1561862fb993065"}
tx 30/100: nonce=0x276 to=0x100000000000000000000000000000000000001f response={"jsonrpc":"2.0","id":31,"result":"0x3cf4a61f216e33e0690baec8f9702bd6bc0caded5f540b2be0e965535d9a9ec2"}
tx 31/100: nonce=0x277 to=0x1000000000000000000000000000000000000020 response={"jsonrpc":"2.0","id":32,"result":"0x0717db1af4afb0b18a02445892cda5d8721384b27a69fdafcb3a3844b5220563"}
tx 32/100: nonce=0x278 to=0x1000000000000000000000000000000000000021 response={"jsonrpc":"2.0","id":33,"result":"0xa8251105a2896e1a19445a02fa7b11a6d0a56902b7c529e913072d872f3222d2"}
tx 33/100: nonce=0x279 to=0x1000000000000000000000000000000000000022 response={"jsonrpc":"2.0","id":34,"result":"0xd5fb8ab83526989a4bd9db8d9029daf41b8317e9a1f0bf87fac11f735ad32e55"}
tx 34/100: nonce=0x27a to=0x1000000000000000000000000000000000000023 response={"jsonrpc":"2.0","id":35,"result":"0x49cc296c68e89edbac31fc96a3978f5c1a2428209bbc5c65ff1f8aed655cc062"}
tx 35/100: nonce=0x27b to=0x1000000000000000000000000000000000000024 response={"jsonrpc":"2.0","id":36,"result":"0xdd3089734cf5f8870d311cb470a3b1daf4c43a9c9774e337232daf4a0842d15f"}
tx 36/100: nonce=0x27c to=0x1000000000000000000000000000000000000025 response={"jsonrpc":"2.0","id":37,"result":"0x435f406731001c1d0197089736816aa7ab4f8afe3dc3b647c4c1aee2ad49d17a"}
tx 37/100: nonce=0x27d to=0x1000000000000000000000000000000000000026 response={"jsonrpc":"2.0","id":38,"result":"0x6ba80233692e2c09d26b69a101220e1661b21e69b7abd0c4102ce575687a4e52"}
tx 38/100: nonce=0x27e to=0x1000000000000000000000000000000000000027 response={"jsonrpc":"2.0","id":39,"result":"0x3de8cf8c8da937dd81d3abe6926ae8c920c68a2f989bed1c5e6f8baddd51d5aa"}
tx 39/100: nonce=0x27f to=0x1000000000000000000000000000000000000028 response={"jsonrpc":"2.0","id":40,"result":"0x494a597b44a3c86d11d990422dd5e8828f4e626bcc338c1ae5fcb028bf640ac5"}
tx 40/100: nonce=0x280 to=0x1000000000000000000000000000000000000029 response={"jsonrpc":"2.0","id":41,"result":"0xb40ed947d774122eff9cd4e4b79e7067c2d4ac1cff2fd8da8ac2f5507c010a41"}
tx 41/100: nonce=0x281 to=0x100000000000000000000000000000000000002a response={"jsonrpc":"2.0","id":42,"result":"0xb7cd193bcc09b4560b931bfec77253b2600f2f268dbb92c9481d62ea7fc28f3a"}
tx 42/100: nonce=0x282 to=0x100000000000000000000000000000000000002b response={"jsonrpc":"2.0","id":43,"result":"0x5fdd0465af540d8ba0d9f7c1f85f24bb238b34f310463838b9b0017025b11c7b"}
tx 43/100: nonce=0x283 to=0x100000000000000000000000000000000000002c response={"jsonrpc":"2.0","id":44,"result":"0x8444fbe412e6ecf6a92eda463c97cf1f1937e737513e639c6777add4e7b5f4c2"}
tx 44/100: nonce=0x284 to=0x100000000000000000000000000000000000002d response={"jsonrpc":"2.0","id":45,"result":"0xef024e5fbc486f39c835f13bc506e8cbfae507917e223cfa5c5e9e021731345c"}
tx 45/100: nonce=0x285 to=0x100000000000000000000000000000000000002e response={"jsonrpc":"2.0","id":46,"result":"0x46388985a81ae87418fc0e0f997ebef963c117b3e507b9d194be4bcbf2073e7e"}
tx 46/100: nonce=0x286 to=0x100000000000000000000000000000000000002f response={"jsonrpc":"2.0","id":47,"result":"0x3c06c2051a87b99ee8a384129b4de4efa0f893be551e3e987e7f2251d44d8f91"}
tx 47/100: nonce=0x287 to=0x1000000000000000000000000000000000000030 response={"jsonrpc":"2.0","id":48,"result":"0xc31b3f0a10e471b18701d66eb464a2265959284d790de19b77ace3020684bc44"}
tx 48/100: nonce=0x288 to=0x1000000000000000000000000000000000000031 response={"jsonrpc":"2.0","id":49,"result":"0x6cbc253883b74887208024c88d23ba96ba009f09dca314e472fa6243a6de0e04"}
tx 49/100: nonce=0x289 to=0x1000000000000000000000000000000000000032 response={"jsonrpc":"2.0","id":50,"result":"0x51332a491060dd436e8952cca4da485b48e7386e364cb96c0d3131870f6006c4"}
tx 50/100: nonce=0x28a to=0x1000000000000000000000000000000000000033 response={"jsonrpc":"2.0","id":51,"result":"0x4890653d297fe70087bf149899778ad420dc8c9b856379f2d77e7011e84c025e"}
tx 51/100: nonce=0x28b to=0x1000000000000000000000000000000000000034 response={"jsonrpc":"2.0","id":52,"result":"0xe74be5e5263e56cf976d575420decc08e4750f9548b91133c0e17eb5b11cfaff"}
tx 52/100: nonce=0x28c to=0x1000000000000000000000000000000000000035 response={"jsonrpc":"2.0","id":53,"result":"0x40a3d45c0f795971f8e9468bbe480e782ef524825ba24f9d964e531dfef4999f"}
tx 53/100: nonce=0x28d to=0x1000000000000000000000000000000000000036 response={"jsonrpc":"2.0","id":54,"result":"0x36970f743a9c20f809869c8415f0221b4e95b1ed1dafa4a6342ddf732b621967"}
tx 54/100: nonce=0x28e to=0x1000000000000000000000000000000000000037 response={"jsonrpc":"2.0","id":55,"result":"0xf62cd201f0109585054b612ee14b338e7153920b6394c7ee03a05230b89a6a7b"}
tx 55/100: nonce=0x28f to=0x1000000000000000000000000000000000000038 response={"jsonrpc":"2.0","id":56,"result":"0x29653093459eefdacfeb56c433b654a993d993b74708e8d179f58fdff3095ddc"}
tx 56/100: nonce=0x290 to=0x1000000000000000000000000000000000000039 response={"jsonrpc":"2.0","id":57,"result":"0x86dcfc3068abb10f138bab169a1c17239b6cd62c57043832de6a0b41fecdc1f4"}
tx 57/100: nonce=0x291 to=0x100000000000000000000000000000000000003a response={"jsonrpc":"2.0","id":58,"result":"0x377fe7bd5f218cfa651fb1a8e0156e52284345cfe7fcbd449682dd68b35228ee"}
tx 58/100: nonce=0x292 to=0x100000000000000000000000000000000000003b response={"jsonrpc":"2.0","id":59,"result":"0xfcac148e616b156b88189b6bc5f1c5f6f746cad787c3bd2001cfdab39c1fca9b"}
tx 59/100: nonce=0x293 to=0x100000000000000000000000000000000000003c response={"jsonrpc":"2.0","id":60,"result":"0x183ccddaa6d515a291b89cbe6c37cc19ce621f988a361f801d5a83d138782368"}
tx 60/100: nonce=0x294 to=0x100000000000000000000000000000000000003d response={"jsonrpc":"2.0","id":61,"result":"0xf324cce67f994ec6613b84ac02aa0d3a12f47b940277b47b92f39ae23a4d4f7e"}
tx 61/100: nonce=0x295 to=0x100000000000000000000000000000000000003e response={"jsonrpc":"2.0","id":62,"result":"0x146e9f431db6555fa48e7a4d76a3570851201d9147759684d87e582f2905ea68"}
tx 62/100: nonce=0x296 to=0x100000000000000000000000000000000000003f response={"jsonrpc":"2.0","id":63,"result":"0xaac0f31209e5928b130434b17606c93760078826d69a04e325c72636ece27dfe"}
tx 63/100: nonce=0x297 to=0x1000000000000000000000000000000000000040 response={"jsonrpc":"2.0","id":64,"result":"0x77960a60f7a53553227bbb277b4b9171e9220aae5acb3a815f82499d9b033e3c"}
tx 64/100: nonce=0x298 to=0x1000000000000000000000000000000000000041 response={"jsonrpc":"2.0","id":65,"result":"0x7079fb657fd7f32f74db60384777359503c83f836a6650462a3956c4f6d30536"}
tx 65/100: nonce=0x299 to=0x1000000000000000000000000000000000000042 response={"jsonrpc":"2.0","id":66,"result":"0x21f989daf997a9f6b91927f4ec07f212fb2c5632defa223f74f902b24c5dcef2"}
tx 66/100: nonce=0x29a to=0x1000000000000000000000000000000000000043 response={"jsonrpc":"2.0","id":67,"result":"0x05eed76bf331e60d0b987f121a8c75f1374521534361fd2161adee81b8aefce3"}
tx 67/100: nonce=0x29b to=0x1000000000000000000000000000000000000044 response={"jsonrpc":"2.0","id":68,"result":"0x68d747732798f485e06c59ef5efe4065ac15ce8fec4b76eb06ac7e37d84a4647"}
tx 68/100: nonce=0x29c to=0x1000000000000000000000000000000000000045 response={"jsonrpc":"2.0","id":69,"result":"0x81229af4ed36b7837fa73f8dc0e493b886a62ea9c5c219cb4a758c6b110c37a5"}
tx 69/100: nonce=0x29d to=0x1000000000000000000000000000000000000046 response={"jsonrpc":"2.0","id":70,"result":"0x057ece3f7c986067013187fca13ccb8c82b639caf0b594b5aaa531f211eb8b9f"}
tx 70/100: nonce=0x29e to=0x1000000000000000000000000000000000000047 response={"jsonrpc":"2.0","id":71,"result":"0x036642199be47885c564481cff81858643e8b6fffb938f2770cdf82a312e4a3f"}
tx 71/100: nonce=0x29f to=0x1000000000000000000000000000000000000048 response={"jsonrpc":"2.0","id":72,"result":"0xb86f495344d09457dd5cbce71913036d22ab6d639d688fde2be609c4dc8b4ca6"}
tx 72/100: nonce=0x2a0 to=0x1000000000000000000000000000000000000049 response={"jsonrpc":"2.0","id":73,"result":"0x03d48498d8686b3fa107df0b01d621236a59fefe5a20f883f6d801338a187309"}
tx 73/100: nonce=0x2a1 to=0x100000000000000000000000000000000000004a response={"jsonrpc":"2.0","id":74,"result":"0xf4143cd6922fffebfa7fdcec7ac1443ee1f6e89f573b5e1e109298c3c0dba4cb"}
tx 74/100: nonce=0x2a2 to=0x100000000000000000000000000000000000004b response={"jsonrpc":"2.0","id":75,"result":"0x20471531fbe44b6d05d49f13c8e7990afd3dbd136767493fda52d7c6ecb008ab"}
tx 75/100: nonce=0x2a3 to=0x100000000000000000000000000000000000004c response={"jsonrpc":"2.0","id":76,"result":"0x94fab810f11e5731eee656cc66dfa6330a787d50e17c5feae729b5f7e21f9ff2"}
tx 76/100: nonce=0x2a4 to=0x100000000000000000000000000000000000004d response={"jsonrpc":"2.0","id":77,"result":"0x2bc8376b6b7118f4a923cf36d294561c957b6e216741af5c9caaa22a9f6ddb9a"}
tx 77/100: nonce=0x2a5 to=0x100000000000000000000000000000000000004e response={"jsonrpc":"2.0","id":78,"result":"0x6bd1cf0d614a679a8ea58644282f73b6b62aca4a928dca4bd6dccf951ccb1e8e"}
tx 78/100: nonce=0x2a6 to=0x100000000000000000000000000000000000004f response={"jsonrpc":"2.0","id":79,"result":"0xd9b97504bede8086668c0b9e85a42b479aadabc5e27aef31778422ce3740dfac"}
tx 79/100: nonce=0x2a7 to=0x1000000000000000000000000000000000000050 response={"jsonrpc":"2.0","id":80,"result":"0xc89bf3dcc1bbdfb7b8f32ead216901510c33dae05d86509118f1665b625d9f09"}
tx 80/100: nonce=0x2a8 to=0x1000000000000000000000000000000000000051 response={"jsonrpc":"2.0","id":81,"result":"0xb47875e2dc2204602ad1d62317db7d7b0151dcd4ac5e911aaf1fefb6365d7f2f"}
tx 81/100: nonce=0x2a9 to=0x1000000000000000000000000000000000000052 response={"jsonrpc":"2.0","id":82,"result":"0x84099c6bb85aed528baa8d603a936de7dfae09000b0d7acd3331103f60e41eb5"}
tx 82/100: nonce=0x2aa to=0x1000000000000000000000000000000000000053 response={"jsonrpc":"2.0","id":83,"result":"0xcdc5db088d8703f3ff6d3de67a947cb8829a22044c1b8441f33102581cf2ded0"}
tx 83/100: nonce=0x2ab to=0x1000000000000000000000000000000000000054 response={"jsonrpc":"2.0","id":84,"result":"0x6da56f6a58567e73bfc0d4b01d7c237bb8bac2982b6f46279fba44af4e9c1c96"}
tx 84/100: nonce=0x2ac to=0x1000000000000000000000000000000000000055 response={"jsonrpc":"2.0","id":85,"result":"0x0c68ba4309b0f1c83662a32e5425dfabeb6743b440b36b2e7a6ef2821826c88f"}
tx 85/100: nonce=0x2ad to=0x1000000000000000000000000000000000000056 response={"jsonrpc":"2.0","id":86,"result":"0xc24558841f8310901c7d5a8cd2e561a8a0fb1787a7d8b87b2d8db3c1ae6b84f7"}
tx 86/100: nonce=0x2ae to=0x1000000000000000000000000000000000000057 response={"jsonrpc":"2.0","id":87,"result":"0x18e62271c6e2109a639dc1bcb8f5bfc9d533081b51e5d27395ed96b840941a76"}
tx 87/100: nonce=0x2af to=0x1000000000000000000000000000000000000058 response={"jsonrpc":"2.0","id":88,"result":"0x157e72a155fc54165ab0b25c7e9a768ffb95a31297b1c9f91f1de3ad2566eb8b"}
tx 88/100: nonce=0x2b0 to=0x1000000000000000000000000000000000000059 response={"jsonrpc":"2.0","id":89,"result":"0xe943633d1297fcb2dd44c9a36575500d0ee7d39712b2fe8be3912a1f986ebed0"}
tx 89/100: nonce=0x2b1 to=0x100000000000000000000000000000000000005a response={"jsonrpc":"2.0","id":90,"result":"0xb13821de0bd0b449ad98fbd467f9a9b9bb74e24d6fc234e42469fafcaf2f0c12"}
tx 90/100: nonce=0x2b2 to=0x100000000000000000000000000000000000005b response={"jsonrpc":"2.0","id":91,"result":"0x23d08bae206f4f08ccfa00a3c14914927d3fdcd4342517207e60e099ba9819f3"}
tx 91/100: nonce=0x2b3 to=0x100000000000000000000000000000000000005c response={"jsonrpc":"2.0","id":92,"result":"0x2e5876a84602fa3361a33b27447c79946d1276d61e287bcdafee12d59497618d"}
tx 92/100: nonce=0x2b4 to=0x100000000000000000000000000000000000005d response={"jsonrpc":"2.0","id":93,"result":"0x5208947e77c48cc840f4220dea7161206c15d18a9999df2ee6e135c8d739627b"}
tx 93/100: nonce=0x2b5 to=0x100000000000000000000000000000000000005e response={"jsonrpc":"2.0","id":94,"result":"0x4fffdece7ebfa93c253fe110cc3344ade19f6beb3e3ee6bc77fbfa6a33f571a6"}
tx 94/100: nonce=0x2b6 to=0x100000000000000000000000000000000000005f response={"jsonrpc":"2.0","id":95,"result":"0x18c196f8d1e6cd3b6688bc949dfeeb01aa006db54f9142caa761291256dd93f7"}
tx 95/100: nonce=0x2b7 to=0x1000000000000000000000000000000000000060 response={"jsonrpc":"2.0","id":96,"result":"0x272a1b7b203bf1a176d027c83f7e485af073c41a427ec21f82177048418400d3"}
tx 96/100: nonce=0x2b8 to=0x1000000000000000000000000000000000000061 response={"jsonrpc":"2.0","id":97,"result":"0x9f76269cda9863b0e1b75c5e3c7cb8072875ac24d1a171b4ab5b0cbcdc89fdf8"}
tx 97/100: nonce=0x2b9 to=0x1000000000000000000000000000000000000062 response={"jsonrpc":"2.0","id":98,"result":"0x971198fd1fd6527d8bf89027a409d82e2bc5c7086bfb6d15f268876c649dd49a"}
tx 98/100: nonce=0x2ba to=0x1000000000000000000000000000000000000063 response={"jsonrpc":"2.0","id":99,"result":"0x7b3260e8977f3772faf33a0c69ca3d975437471e0f35f368afd919c4cf98ea2d"}
tx 99/100: nonce=0x2bb to=0x1000000000000000000000000000000000000064 response={"jsonrpc":"2.0","id":100,"result":"0xa3a13e2a8ce108285770fed44546f4eee5ee5eb409bf16489288399a6d54b05f"}
Done. Check pending txs with:
curl -s -H 'Content-Type: application/json' --data '{"jsonrpc":"2.0","method":"txpool_status","params":[],"id":1}' http://127.0.0.1:8545
Sending 100 txs from 0x92424e4f86201c931ba53eb48619d93244c18e13 via http://127.0.0.1:8545, base_nonce=700, to_mode=sequential
tx 0/100: nonce=0x2bc to=0x1000000000000000000000000000000000000001 response={"jsonrpc":"2.0","id":1,"result":"0xff4ef584412526baa6f515ca4fc460974b778475d976ee0726de1db5933cf136"}
tx 1/100: nonce=0x2bd to=0x1000000000000000000000000000000000000002 response={"jsonrpc":"2.0","id":2,"result":"0xc600e02b5885b935f82021185ffb114c4d1e086e89ede2746e9ae808a323ac22"}
tx 2/100: nonce=0x2be to=0x1000000000000000000000000000000000000003 response={"jsonrpc":"2.0","id":3,"result":"0x318c891d0720fb357c81d0f17252de125b4d91cc237ce59c0bd346643de43c37"}
tx 3/100: nonce=0x2bf to=0x1000000000000000000000000000000000000004 response={"jsonrpc":"2.0","id":4,"result":"0x771cbf1d59fbed81df83d829f23aa20801c6e56de81fb148d6839f5e523c0370"}
tx 4/100: nonce=0x2c0 to=0x1000000000000000000000000000000000000005 response={"jsonrpc":"2.0","id":5,"result":"0x60aab95d275d01cce7019a81565f3f8808520c56343d2b4dad53fca10f0db907"}
tx 5/100: nonce=0x2c1 to=0x1000000000000000000000000000000000000006 response={"jsonrpc":"2.0","id":6,"result":"0x78e8ff21cedb7ee0b322493a13575ca0dc36ce6e8a035fb43043f714c7e915e2"}
tx 6/100: nonce=0x2c2 to=0x1000000000000000000000000000000000000007 response={"jsonrpc":"2.0","id":7,"result":"0xa3f9d7c9fe67bec86dc3f02fa2815f6ba2c10dbc7847857c7043483a7aae6192"}
tx 7/100: nonce=0x2c3 to=0x1000000000000000000000000000000000000008 response={"jsonrpc":"2.0","id":8,"result":"0xbda3ac8fb85c81d1e7d5fc1ed9351088dd375f7c8ce822b044c5383a29cfc93a"}
tx 8/100: nonce=0x2c4 to=0x1000000000000000000000000000000000000009 response={"jsonrpc":"2.0","id":9,"result":"0x0a6f890a9615a34dd44a4e29fba246732830ffb813e12dfdcb68d79b7262f082"}
tx 9/100: nonce=0x2c5 to=0x100000000000000000000000000000000000000a response={"jsonrpc":"2.0","id":10,"result":"0xdb71eda6b7057c2c5a50ad4f0ac294d839744ed3a95f0d3f3a103fcdd12a9fe5"}
tx 10/100: nonce=0x2c6 to=0x100000000000000000000000000000000000000b response={"jsonrpc":"2.0","id":11,"result":"0x5dfdd96943cf647fbc14359b8bc33193e6e684eb0012103b2678f99814870cc0"}
tx 11/100: nonce=0x2c7 to=0x100000000000000000000000000000000000000c response={"jsonrpc":"2.0","id":12,"result":"0xec1adfca897d801d9d1789ec66b9909bfd276f392f7a140546ea3a0611977b61"}
tx 12/100: nonce=0x2c8 to=0x100000000000000000000000000000000000000d response={"jsonrpc":"2.0","id":13,"result":"0xb062477ae9055723be65b24e80d274f2ca6b8b23ffdb42389c029e3bca0981aa"}
tx 13/100: nonce=0x2c9 to=0x100000000000000000000000000000000000000e response={"jsonrpc":"2.0","id":14,"result":"0x02bfbf1ce357cb5d004209d2eb2adb6e3e60e886216ff0f9110c8698c5385b24"}
tx 14/100: nonce=0x2ca to=0x100000000000000000000000000000000000000f response={"jsonrpc":"2.0","id":15,"result":"0x10f2eda7b5bc6e9333efea42518d50910617549cf248ebc66e5feb1487334286"}
tx 15/100: nonce=0x2cb to=0x1000000000000000000000000000000000000010 response={"jsonrpc":"2.0","id":16,"result":"0x486be120be56fc64890c53b94b7ef76db3b6c2d6c93b77b4f3b550cb1ec022b1"}
tx 16/100: nonce=0x2cc to=0x1000000000000000000000000000000000000011 response={"jsonrpc":"2.0","id":17,"result":"0xc4fa9bcc10e0c938a49bbc5a6c97f8ea0b7a60c2ffe65f6c85cd0c17604c1436"}
tx 17/100: nonce=0x2cd to=0x1000000000000000000000000000000000000012 response={"jsonrpc":"2.0","id":18,"result":"0xe9bf68c6a1b9fb0d272a2aecb52b5ca094fc7d2830220c64a10840843b7194b8"}
tx 18/100: nonce=0x2ce to=0x1000000000000000000000000000000000000013 response={"jsonrpc":"2.0","id":19,"result":"0xa93b58698240c32d3ea16f229baa5ba55b43b1fc96e3c5d0d8d81ca64e15e184"}
tx 19/100: nonce=0x2cf to=0x1000000000000000000000000000000000000014 response={"jsonrpc":"2.0","id":20,"result":"0x227310bda9206a22793522f9f123db315b39f44e738aca1b47a41242e5e3159c"}
tx 20/100: nonce=0x2d0 to=0x1000000000000000000000000000000000000015 response={"jsonrpc":"2.0","id":21,"result":"0x8b6187b4b345c335fca24a05613fb00838279def77feb8bc93c6cff51c07e1cd"}
tx 21/100: nonce=0x2d1 to=0x1000000000000000000000000000000000000016 response={"jsonrpc":"2.0","id":22,"result":"0xa7a2de8b88462a8ee4673996a14f8586774b1781f42790cc0276ca8c4fcc3ccb"}
tx 22/100: nonce=0x2d2 to=0x1000000000000000000000000000000000000017 response={"jsonrpc":"2.0","id":23,"result":"0xad646596cfdb95682b61d34944cf12ca67cad5c5aaac54ada39a5962bffadce6"}
tx 23/100: nonce=0x2d3 to=0x1000000000000000000000000000000000000018 response={"jsonrpc":"2.0","id":24,"result":"0x34bc94c3088be08bf0748ec72757de7e5898aae5d5bae82026b80fb2a42cfdbe"}
tx 24/100: nonce=0x2d4 to=0x1000000000000000000000000000000000000019 response={"jsonrpc":"2.0","id":25,"result":"0x6fbf307e19d1718ee0d3c6e0ea19ac777ddb8f0a000bb007ecb56bff3ac9e1db"}
tx 25/100: nonce=0x2d5 to=0x100000000000000000000000000000000000001a response={"jsonrpc":"2.0","id":26,"result":"0x94cc2e095d9cb9bacb8c29aaeb568d9918cc7ae32b31c8cf2cd538fb3d38f4b7"}
tx 26/100: nonce=0x2d6 to=0x100000000000000000000000000000000000001b response={"jsonrpc":"2.0","id":27,"result":"0x38b7e9396460da73e4f14a0b04ac79ed22f28c889cc9f75fade095796715cdf2"}
tx 27/100: nonce=0x2d7 to=0x100000000000000000000000000000000000001c response={"jsonrpc":"2.0","id":28,"result":"0x91868fd18ee84e587ebb453ea9755e69681592d85c4b4f7a49ec6fbfe902977c"}
tx 28/100: nonce=0x2d8 to=0x100000000000000000000000000000000000001d response={"jsonrpc":"2.0","id":29,"result":"0x5b1f659735ad17cbd1dac43bc1908c8a75a21e6778df05f652848a1bbe52a224"}
tx 29/100: nonce=0x2d9 to=0x100000000000000000000000000000000000001e response={"jsonrpc":"2.0","id":30,"result":"0xd44f8fe9ea0fc7438495353646b0a9ee08d05f1ea805b01d5a3bb63a0ee28198"}
tx 30/100: nonce=0x2da to=0x100000000000000000000000000000000000001f response={"jsonrpc":"2.0","id":31,"result":"0x4555a361697f5b0a65c6b4732d5179b8e036add02153ca79eb9d018ca167d763"}
tx 31/100: nonce=0x2db to=0x1000000000000000000000000000000000000020 response={"jsonrpc":"2.0","id":32,"result":"0x2200f72649d4c1a987d96ffafa2f26e3fa8a94ba91211db8792dc1d66d6989c7"}
tx 32/100: nonce=0x2dc to=0x1000000000000000000000000000000000000021 response={"jsonrpc":"2.0","id":33,"result":"0x69cf219c957f7d0d221ccf16b0e9e4396a1ecf7a2913bc484d65a73aa54a2d2c"}
tx 33/100: nonce=0x2dd to=0x1000000000000000000000000000000000000022 response={"jsonrpc":"2.0","id":34,"result":"0xa1beb1e53e7cb57e64466347541ee5e4ed1e4eb97d6a3c72706540ed59d1978e"}
tx 34/100: nonce=0x2de to=0x1000000000000000000000000000000000000023 response={"jsonrpc":"2.0","id":35,"result":"0xc6ccda6137ae26cde9a0c484dd99acc7cd4a4b5256951c04b53ca0189f8d3804"}
tx 35/100: nonce=0x2df to=0x1000000000000000000000000000000000000024 response={"jsonrpc":"2.0","id":36,"result":"0x8968f20133497b1f455c84cca640d74981ef96af2d6f760ec07e68903817cb08"}
tx 36/100: nonce=0x2e0 to=0x1000000000000000000000000000000000000025 response={"jsonrpc":"2.0","id":37,"result":"0xe30118bbed1eed9fe6819f9a97d8ece81416e2263cf846c4e98779df96f389e2"}
tx 37/100: nonce=0x2e1 to=0x1000000000000000000000000000000000000026 response={"jsonrpc":"2.0","id":38,"result":"0xb594b389909ed5f311bb9f980bbacd32f1cca291b7fd3937bc691f686359dc55"}
tx 38/100: nonce=0x2e2 to=0x1000000000000000000000000000000000000027 response={"jsonrpc":"2.0","id":39,"result":"0xe6b38bff6ced71cafd0e167b6bc1bbde51bc21edfbee66f6952394288a9f3954"}
tx 39/100: nonce=0x2e3 to=0x1000000000000000000000000000000000000028 response={"jsonrpc":"2.0","id":40,"result":"0x5526587dbe19ff0443daa3a826230c771ceab899f97fa102e6aa441ea9a09e2c"}
tx 40/100: nonce=0x2e4 to=0x1000000000000000000000000000000000000029 response={"jsonrpc":"2.0","id":41,"result":"0xc4629c32498671a5d7d009325e97a7dfd4c009b4cbc846b50197653073c02ff2"}
tx 41/100: nonce=0x2e5 to=0x100000000000000000000000000000000000002a response={"jsonrpc":"2.0","id":42,"result":"0xe6ac61e935da580f6937aed02fdfd780f90a822abd0ed1b0839bad0b1e26e9c4"}
tx 42/100: nonce=0x2e6 to=0x100000000000000000000000000000000000002b response={"jsonrpc":"2.0","id":43,"result":"0xb1a3a425608d9a0e85a2b8162b4036ad8b691bd3569c44aeccc7aa53e145f594"}
tx 43/100: nonce=0x2e7 to=0x100000000000000000000000000000000000002c response={"jsonrpc":"2.0","id":44,"result":"0x397c389942b0962fbfd3ecebf7b7f6b39ea2d395705296ea092692b4ccb4c22d"}
tx 44/100: nonce=0x2e8 to=0x100000000000000000000000000000000000002d response={"jsonrpc":"2.0","id":45,"result":"0xc7ef4dec136e2cca1bfc6e76c01788b69032bd2c9142e6e4fa8db5204a8b3b84"}
tx 45/100: nonce=0x2e9 to=0x100000000000000000000000000000000000002e response={"jsonrpc":"2.0","id":46,"result":"0x730783961040595e646b1dcbbc7e7fa0dda64061e6dbffd5055a29946fbe70d7"}
tx 46/100: nonce=0x2ea to=0x100000000000000000000000000000000000002f response={"jsonrpc":"2.0","id":47,"result":"0x7ccf40aa018009af0aed67de2907af6281e2ff416fc61ab06a217d87302992d5"}
tx 47/100: nonce=0x2eb to=0x1000000000000000000000000000000000000030 response={"jsonrpc":"2.0","id":48,"result":"0x2ccc98b9dc497c9a6f32c8c40690d4113a31610652442cc9de8e513ba2e64b25"}
tx 48/100: nonce=0x2ec to=0x1000000000000000000000000000000000000031 response={"jsonrpc":"2.0","id":49,"result":"0x7619b36c0cb7000f07b9cf7670663d85077487f04dfabf9197251d26688a1236"}
tx 49/100: nonce=0x2ed to=0x1000000000000000000000000000000000000032 response={"jsonrpc":"2.0","id":50,"result":"0x1b8c49ed521a208af78faaea9f74fe37d7e5046306d8ddb57640ce66679e4953"}
tx 50/100: nonce=0x2ee to=0x1000000000000000000000000000000000000033 response={"jsonrpc":"2.0","id":51,"result":"0x05c2e080b5e3bad162debcf951ce895ad6be655fceb8ef717670c14e40e69d4f"}
tx 51/100: nonce=0x2ef to=0x1000000000000000000000000000000000000034 response={"jsonrpc":"2.0","id":52,"result":"0x9c341623f839b722c0a8113aebe497298ca26de8affa7902e9bf1c9db66b0e3d"}
tx 52/100: nonce=0x2f0 to=0x1000000000000000000000000000000000000035 response={"jsonrpc":"2.0","id":53,"result":"0xe29d5e1259023325649b1e446f93f44d1801fa44f79254dc5505601a2939d9ba"}
tx 53/100: nonce=0x2f1 to=0x1000000000000000000000000000000000000036 response={"jsonrpc":"2.0","id":54,"result":"0xae8971fdf2fcc59e407848e63bc0a024c64e26f5bc695ef50c1df35111066764"}
tx 54/100: nonce=0x2f2 to=0x1000000000000000000000000000000000000037 response={"jsonrpc":"2.0","id":55,"result":"0x09e0dd622093ffb1ec4cdd9d81b4c35ec5f40298cc77739fb6a60c71cef916c9"}
tx 55/100: nonce=0x2f3 to=0x1000000000000000000000000000000000000038 response={"jsonrpc":"2.0","id":56,"result":"0xb924a874e097cb38bdf18c1faea1719ea64b8846a8a04b96ee56074c19cc1e2a"}
tx 56/100: nonce=0x2f4 to=0x1000000000000000000000000000000000000039 response={"jsonrpc":"2.0","id":57,"result":"0x322e21205fa11582e7b12788f60c749b34c1c4c89c11bd7e8c143b29cd9a3864"}
tx 57/100: nonce=0x2f5 to=0x100000000000000000000000000000000000003a response={"jsonrpc":"2.0","id":58,"result":"0xa15d55330833a9717f753c1035e4f1dfbbb0c45f54266954ba04bdda6d2314cd"}
tx 58/100: nonce=0x2f6 to=0x100000000000000000000000000000000000003b response={"jsonrpc":"2.0","id":59,"result":"0x6ac00202b77dd5ec57b5749ed8b74eb76e55a108106eade3a5239ee4ba25ff2f"}
tx 59/100: nonce=0x2f7 to=0x100000000000000000000000000000000000003c response={"jsonrpc":"2.0","id":60,"result":"0x1e97fff4a246082f1d956cdbd2add45f38bd5975983c9fab4ade8e12cbac2e32"}
tx 60/100: nonce=0x2f8 to=0x100000000000000000000000000000000000003d response={"jsonrpc":"2.0","id":61,"result":"0x49fc25678cc81db2a21ea13cff8f3ac5d8a46b617c44f779ed14104f939e94dd"}
tx 61/100: nonce=0x2f9 to=0x100000000000000000000000000000000000003e response={"jsonrpc":"2.0","id":62,"result":"0x276e258ab9face3a24ab9181513a1ae7fa5cda9ca4fa75fd45aeb24bc8559d5d"}
tx 62/100: nonce=0x2fa to=0x100000000000000000000000000000000000003f response={"jsonrpc":"2.0","id":63,"result":"0x228aa6c1381a7d3cc0bc66a00ccf88395296ab1bf120671c4bef00ba336cc895"}
tx 63/100: nonce=0x2fb to=0x1000000000000000000000000000000000000040 response={"jsonrpc":"2.0","id":64,"result":"0x8127bad6b235fe078bf14709aaa68927c96ce0bc4b8d8eac1bd9288dda4c98e3"}
tx 64/100: nonce=0x2fc to=0x1000000000000000000000000000000000000041 response={"jsonrpc":"2.0","id":65,"result":"0xb7f222dd352ceea187e3c2e88979aa1940fdf55e4e2cb033f145ad162c6e3fea"}
tx 65/100: nonce=0x2fd to=0x1000000000000000000000000000000000000042 response={"jsonrpc":"2.0","id":66,"result":"0xf2a7aed1579b52b508f5b660bbc5fd881566995d813bd75cf138b001bfc3a716"}
tx 66/100: nonce=0x2fe to=0x1000000000000000000000000000000000000043 response={"jsonrpc":"2.0","id":67,"result":"0xc640526bf95bb149caf1da1091658af515db836c8a340c30c8e8bfd864621a86"}
tx 67/100: nonce=0x2ff to=0x1000000000000000000000000000000000000044 response={"jsonrpc":"2.0","id":68,"result":"0x9cdabaa71d9986427a8939cb559d15b8fbdd0a689e030043bcd80e3fd6fb0de2"}
tx 68/100: nonce=0x300 to=0x1000000000000000000000000000000000000045 response={"jsonrpc":"2.0","id":69,"result":"0x098b3cf5c461ef86027cfcdb9461f2cc8e0baf00bbd8411d0dbb89f52f1c676a"}
tx 69/100: nonce=0x301 to=0x1000000000000000000000000000000000000046 response={"jsonrpc":"2.0","id":70,"result":"0xd70110800ebc7f8b4692cffcadc592de3d5ed16f217cb9985983dbabfbb118a3"}
tx 70/100: nonce=0x302 to=0x1000000000000000000000000000000000000047 response={"jsonrpc":"2.0","id":71,"result":"0x4f9bc467f02c52a0a47ea5a0582ff46a635ea98c07216120e73fc53078a924ec"}
tx 71/100: nonce=0x303 to=0x1000000000000000000000000000000000000048 response={"jsonrpc":"2.0","id":72,"result":"0x0fbdfc3bb9a8489ef8f6d4ade4ef9fe4d247048fb91459c6f96cfd1c09536a3b"}
tx 72/100: nonce=0x304 to=0x1000000000000000000000000000000000000049 response={"jsonrpc":"2.0","id":73,"result":"0xd642862d68e52cd4e3c7ab2a1d12395fabfc015b2a765befe375690a1646b5f5"}
tx 73/100: nonce=0x305 to=0x100000000000000000000000000000000000004a response={"jsonrpc":"2.0","id":74,"result":"0xedb72a3cde55dacafe5bcc4e5caf5795462f53f0c2cf67d2d05d048ce76dc019"}
tx 74/100: nonce=0x306 to=0x100000000000000000000000000000000000004b response={"jsonrpc":"2.0","id":75,"result":"0x9f83e0cccfa5d0d294bfa5960b05d1bc46db5dbb7eae06de72ac1b24f2a87b00"}
tx 75/100: nonce=0x307 to=0x100000000000000000000000000000000000004c response={"jsonrpc":"2.0","id":76,"result":"0xc419c5c78bcfdf05fa0b8e872c613ec0a1c6465d64276256a1aa5b9b919b64c3"}
tx 76/100: nonce=0x308 to=0x100000000000000000000000000000000000004d response={"jsonrpc":"2.0","id":77,"result":"0xe931d6d8586175796fd46b8ea7e1cbcec949461b201f7c4d3fbc1cab7e86efe0"}
tx 77/100: nonce=0x309 to=0x100000000000000000000000000000000000004e response={"jsonrpc":"2.0","id":78,"result":"0x9b6d11fc4def385b3f0ea12fe136f8df3a33d477516a3b37a68990157a78f479"}
tx 78/100: nonce=0x30a to=0x100000000000000000000000000000000000004f response={"jsonrpc":"2.0","id":79,"result":"0xfcf9da59f9ce779a5ba7cb17fa2de4ac1ced35c7400e65580f82d72bf6237c8c"}
tx 79/100: nonce=0x30b to=0x1000000000000000000000000000000000000050 response={"jsonrpc":"2.0","id":80,"result":"0x61919dbcbeadd03a23dc76dee8813d8333bb400da0ed74a235e709e5c7a7a6f4"}
tx 80/100: nonce=0x30c to=0x1000000000000000000000000000000000000051 response={"jsonrpc":"2.0","id":81,"result":"0xefe9e6be4f76e5b274a393cd537f7ccada5a28b5850ce09fa2a736d44c3bd2de"}
tx 81/100: nonce=0x30d to=0x1000000000000000000000000000000000000052 response={"jsonrpc":"2.0","id":82,"result":"0xf1a3207bd3fbf0657ec937183cecc2ce7aa1fb709e9d4a80af9a0200eac6f926"}
tx 82/100: nonce=0x30e to=0x1000000000000000000000000000000000000053 response={"jsonrpc":"2.0","id":83,"result":"0x700110ab949b7299068d9a54171dfbc3d6aac1f9f2280dc9e4cd2450d525f167"}
tx 83/100: nonce=0x30f to=0x1000000000000000000000000000000000000054 response={"jsonrpc":"2.0","id":84,"result":"0xcaa004846e53d27fd018657220d75472e957a066721a96647e6696e9bf19551a"}
tx 84/100: nonce=0x310 to=0x1000000000000000000000000000000000000055 response={"jsonrpc":"2.0","id":85,"result":"0xe2cb6d336db1d5155b37f845e870173e1a5be653f9eb4c1fca92ff4bb2590183"}
tx 85/100: nonce=0x311 to=0x1000000000000000000000000000000000000056 response={"jsonrpc":"2.0","id":86,"result":"0xafe659c8a93e528b719f37b9b2c2242c5a15beb8eba9a5ce091a43aa1052a9f9"}
tx 86/100: nonce=0x312 to=0x1000000000000000000000000000000000000057 response={"jsonrpc":"2.0","id":87,"result":"0x430d730ee84417f37d2972052cf83e1002b71d61252e817379fff8a11a6ed2e8"}
tx 87/100: nonce=0x313 to=0x1000000000000000000000000000000000000058 response={"jsonrpc":"2.0","id":88,"result":"0x4b6456b7f8b0cdba0eece1d6dad4d88bf7c139fec5472f42c32dbd182b328b49"}
tx 88/100: nonce=0x314 to=0x1000000000000000000000000000000000000059 response={"jsonrpc":"2.0","id":89,"result":"0xa62088d4651538dd47e61c19e2c6ff2158c8d34b251a9b443e805720b43c1aff"}
tx 89/100: nonce=0x315 to=0x100000000000000000000000000000000000005a response={"jsonrpc":"2.0","id":90,"result":"0x19db3e2172d6c27f00a4429e136c099cfb23887fbf2c9be5a87f22a5f287dad9"}
tx 90/100: nonce=0x316 to=0x100000000000000000000000000000000000005b response={"jsonrpc":"2.0","id":91,"result":"0xb65bf7be69c11398f852eecc8b4d649a8e408448af4b1b7c5aeb532e32ad7b3b"}
tx 91/100: nonce=0x317 to=0x100000000000000000000000000000000000005c response={"jsonrpc":"2.0","id":92,"result":"0x6879661635bd1c434cc460e97258d6e2c3545e6facf2d45aa341e890a9eba717"}
tx 92/100: nonce=0x318 to=0x100000000000000000000000000000000000005d response={"jsonrpc":"2.0","id":93,"result":"0xbad3556efe263adf26b3c5cb649f768e8901432ca5e1f337edf2cc8b516ef7b8"}
tx 93/100: nonce=0x319 to=0x100000000000000000000000000000000000005e response={"jsonrpc":"2.0","id":94,"result":"0xfaf998b6c591399505165cec1c49a78f986e9dfada362b3a450d17240db63333"}
tx 94/100: nonce=0x31a to=0x100000000000000000000000000000000000005f response={"jsonrpc":"2.0","id":95,"result":"0x81f415de9091ef8a0528da4a8804ef53b5753f102d9dd4c277feb31e6ac28854"}
tx 95/100: nonce=0x31b to=0x1000000000000000000000000000000000000060 response={"jsonrpc":"2.0","id":96,"result":"0xb5b57475747811c18e219c288cf404178e3688ac82f6c61c8db40b995684b736"}
tx 96/100: nonce=0x31c to=0x1000000000000000000000000000000000000061 response={"jsonrpc":"2.0","id":97,"result":"0x83d488309444a02c36b223927a8c83c53db4bd3f18418a6de7fd9a7cb92999ae"}
tx 97/100: nonce=0x31d to=0x1000000000000000000000000000000000000062 response={"jsonrpc":"2.0","id":98,"result":"0x3ca7b307082a53cfc9561474fe5dc7fc16f7bcd774c0fd6e1ba3ab2b28b0d4e2"}
tx 98/100: nonce=0x31e to=0x1000000000000000000000000000000000000063 response={"jsonrpc":"2.0","id":99,"result":"0xe622830f671b5db075b891cdf46b1f9498bd48175511fc8e02b43162b583611a"}
tx 99/100: nonce=0x31f to=0x1000000000000000000000000000000000000064 response={"jsonrpc":"2.0","id":100,"result":"0xe66f77440d72062380ebfc8dcb4bd0b758a6e6ae3cf23a3a84c6adf6fb128f83"}
Done. Check pending txs with:
curl -s -H 'Content-Type: application/json' --data '{"jsonrpc":"2.0","method":"txpool_status","params":[],"id":1}' http://127.0.0.1:8545
Sending 100 txs from 0x92424e4f86201c931ba53eb48619d93244c18e13 via http://127.0.0.1:8545, base_nonce=800, to_mode=sequential
tx 0/100: nonce=0x320 to=0x1000000000000000000000000000000000000001 response={"jsonrpc":"2.0","id":1,"result":"0x97c4d47e450931947b59e32254c49e8141f60f07757fab5b0838614ab38b7052"}
tx 1/100: nonce=0x321 to=0x1000000000000000000000000000000000000002 response={"jsonrpc":"2.0","id":2,"result":"0x45527e84845de67caf982b1a1a55924b8f38bbc006a7ece35388d8cebd3658d7"}
tx 2/100: nonce=0x322 to=0x1000000000000000000000000000000000000003 response={"jsonrpc":"2.0","id":3,"result":"0x6e6045cf21bea5f26cada7057241041b9d68c7b6eed4ca2f3d2cbbfe46e870bc"}
tx 3/100: nonce=0x323 to=0x1000000000000000000000000000000000000004 response={"jsonrpc":"2.0","id":4,"result":"0x53cc7929edfb365d1bada2c46bf7c0ae63632cb8ebe602642113d9cff6115332"}
tx 4/100: nonce=0x324 to=0x1000000000000000000000000000000000000005 response={"jsonrpc":"2.0","id":5,"result":"0xe220d7a7d19810d7466f7b92e97271f4a6986a0d78d8cd418f96055d1127404e"}
tx 5/100: nonce=0x325 to=0x1000000000000000000000000000000000000006 response={"jsonrpc":"2.0","id":6,"result":"0xbe29448bcb3c0072404d305e4f18117416a1d93432dae09fce6a080991547be2"}
tx 6/100: nonce=0x326 to=0x1000000000000000000000000000000000000007 response={"jsonrpc":"2.0","id":7,"result":"0xebe500bf4221d85f6198b8106e2f776919e931fab823c1ad303d03b26c4d9e79"}
tx 7/100: nonce=0x327 to=0x1000000000000000000000000000000000000008 response={"jsonrpc":"2.0","id":8,"result":"0xd0e86ed031b61cd7964dbdd1c2c0480751462b7598c97f29458c93352100d7f2"}
tx 8/100: nonce=0x328 to=0x1000000000000000000000000000000000000009 response={"jsonrpc":"2.0","id":9,"result":"0xcde2be4e9119326cdac7a2451d41deb64a793a6cbd63ec9e180fa3cfb22d6145"}
tx 9/100: nonce=0x329 to=0x100000000000000000000000000000000000000a response={"jsonrpc":"2.0","id":10,"result":"0x6d52ef9ca4b6976514b3139ff6323fe8a6aab32848671fc97c8db1d7746429f4"}
tx 10/100: nonce=0x32a to=0x100000000000000000000000000000000000000b response={"jsonrpc":"2.0","id":11,"result":"0x3aab581eafcebd805b05094de97b8750303ea5ec360d406a83c016d66d7e3d37"}
tx 11/100: nonce=0x32b to=0x100000000000000000000000000000000000000c response={"jsonrpc":"2.0","id":12,"result":"0x3a83a8a4eb05bc133a1dfa4d55868e06f5b18d2d2b2e6feccf3ec7087204cbf8"}
tx 12/100: nonce=0x32c to=0x100000000000000000000000000000000000000d response={"jsonrpc":"2.0","id":13,"result":"0x960b52bec218d311cea43332cf6f61e298626e2489cff941d47637578d6a4f8f"}
tx 13/100: nonce=0x32d to=0x100000000000000000000000000000000000000e response={"jsonrpc":"2.0","id":14,"result":"0x863bb83ad90d4a16ed9dbf0eac7b44aa4c724327ea02bf337e284af605d6d035"}
tx 14/100: nonce=0x32e to=0x100000000000000000000000000000000000000f response={"jsonrpc":"2.0","id":15,"result":"0xc0f606394326092f11fda0d9f1f2c6bef2259b5f9ea3dceedb72c61e63a49f36"}
tx 15/100: nonce=0x32f to=0x1000000000000000000000000000000000000010 response={"jsonrpc":"2.0","id":16,"result":"0x9f31653086f2de15a2549177c05a9e06a1236971b6d62509a8925b251bd19d52"}
tx 16/100: nonce=0x330 to=0x1000000000000000000000000000000000000011 response={"jsonrpc":"2.0","id":17,"result":"0xcaf55cd500aea8716b442d56fcf99e9fe586f2dd090e623eb41ce7668fbab4fd"}
tx 17/100: nonce=0x331 to=0x1000000000000000000000000000000000000012 response={"jsonrpc":"2.0","id":18,"result":"0x55c025f591041e378f8de6e1da5224fae8799650da71533a7a101d1f868d88a5"}
tx 18/100: nonce=0x332 to=0x1000000000000000000000000000000000000013 response={"jsonrpc":"2.0","id":19,"result":"0x4febb6bf20a3bdaa6705b2e5f1df5a906d7b9e90c04d4df4ebb6fd830a962379"}
tx 19/100: nonce=0x333 to=0x1000000000000000000000000000000000000014 response={"jsonrpc":"2.0","id":20,"result":"0x668385b0f372e2de11349fe6ad5cc3075bebfef58e9e89fd4c9abbcf3b8637ea"}
tx 20/100: nonce=0x334 to=0x1000000000000000000000000000000000000015 response={"jsonrpc":"2.0","id":21,"result":"0x48a79f952500281968817f8f122ab986c64c2d9cb17b2c6dfd14db57116531d6"}
tx 21/100: nonce=0x335 to=0x1000000000000000000000000000000000000016 response={"jsonrpc":"2.0","id":22,"result":"0x0f161d16e221b3a2c3938afa030e452329db30e8c8a8e1f8c4d0a1a90f6ae4c5"}
tx 22/100: nonce=0x336 to=0x1000000000000000000000000000000000000017 response={"jsonrpc":"2.0","id":23,"result":"0xc9d96edebb7426584db3579a5c784dbdef48242e7e75179eec04d585c6cdd11f"}
tx 23/100: nonce=0x337 to=0x1000000000000000000000000000000000000018 response={"jsonrpc":"2.0","id":24,"result":"0xa21a213379acc9f3d219a888b5053702c4a6ad9253b0d5962a8179c71cda3cd1"}
tx 24/100: nonce=0x338 to=0x1000000000000000000000000000000000000019 response={"jsonrpc":"2.0","id":25,"result":"0x5b4699bd74f98c6a2e1a28e04b324ef9b4f95f75b95108eea6b58d398e1937fb"}
tx 25/100: nonce=0x339 to=0x100000000000000000000000000000000000001a response={"jsonrpc":"2.0","id":26,"result":"0xf34ef57082ae972be0e5b56c7a12c65d5f0258e86a595cffd86dfb2f4eba08f3"}
tx 26/100: nonce=0x33a to=0x100000000000000000000000000000000000001b response={"jsonrpc":"2.0","id":27,"result":"0xdb5952539560a759ffabc5aea04d02b0ec11f4091c76e37269616f328a75f804"}
tx 27/100: nonce=0x33b to=0x100000000000000000000000000000000000001c response={"jsonrpc":"2.0","id":28,"result":"0x439b2c613c0c1263ce113ab08f77708044d13e9f8a29637d1f78e98f36e244fb"}
tx 28/100: nonce=0x33c to=0x100000000000000000000000000000000000001d response={"jsonrpc":"2.0","id":29,"result":"0x8e0c30c516358fc4f23e26a0173112ff086e39d940e68f3f97a9847a9eae7a43"}
tx 29/100: nonce=0x33d to=0x100000000000000000000000000000000000001e response={"jsonrpc":"2.0","id":30,"result":"0xcc767b00c7eab206d206366d48adeb71d6161b2314bba0cb474c4108886cbc6f"}
tx 30/100: nonce=0x33e to=0x100000000000000000000000000000000000001f response={"jsonrpc":"2.0","id":31,"result":"0x8dc0221cbe879e262e9c9aba8f3eb188a6fe0517e99649a7ecf0b9830e7e9836"}
tx 31/100: nonce=0x33f to=0x1000000000000000000000000000000000000020 response={"jsonrpc":"2.0","id":32,"result":"0x9828cf9bbbba0fd2d4a05a656d2af3f20280d975b69dd2ec26eb92a23a87d5ce"}
tx 32/100: nonce=0x340 to=0x1000000000000000000000000000000000000021 response={"jsonrpc":"2.0","id":33,"result":"0x0d6e8363a2ca48d49c637169dfd3af1f0ce98d7c8eafe49ec95160a0296d92c4"}
tx 33/100: nonce=0x341 to=0x1000000000000000000000000000000000000022 response={"jsonrpc":"2.0","id":34,"result":"0x956672f3a43bab5612a81e2392852827f8f0d81681b373de8f980a4b7e912eca"}
tx 34/100: nonce=0x342 to=0x1000000000000000000000000000000000000023 response={"jsonrpc":"2.0","id":35,"result":"0xdb5a51212c365f90b6493f1b10a4d2ce15d4ce14988e9ac3f5d0476ecc09f6b4"}
tx 35/100: nonce=0x343 to=0x1000000000000000000000000000000000000024 response={"jsonrpc":"2.0","id":36,"result":"0xe6505d2ce85096543c36ba8242b393e3b0018afc1fb8db275b2672db5c931778"}
tx 36/100: nonce=0x344 to=0x1000000000000000000000000000000000000025 response={"jsonrpc":"2.0","id":37,"result":"0x122f40820a991560a0c94ca7c6d6e8434381d319d30797f5ae084eb036c590fd"}
tx 37/100: nonce=0x345 to=0x1000000000000000000000000000000000000026 response={"jsonrpc":"2.0","id":38,"result":"0x9b702017994d260f7e50e00ec71f55a9510b0239c62236125eb9ce35d3f7f58d"}
tx 38/100: nonce=0x346 to=0x1000000000000000000000000000000000000027 response={"jsonrpc":"2.0","id":39,"result":"0x93e449cb2a2ff791dc0539a9b330cf6c59c5086e29720f57748ebe837b96cdd7"}
tx 39/100: nonce=0x347 to=0x1000000000000000000000000000000000000028 response={"jsonrpc":"2.0","id":40,"result":"0x00436cdd698f5c727b3c53f8f64c252a9ae05032b66bbc913c8836f84c83ac33"}
tx 40/100: nonce=0x348 to=0x1000000000000000000000000000000000000029 response={"jsonrpc":"2.0","id":41,"result":"0x9d8cddbc42bd5eaa5320fb4150c9a90b64e24ae83fda0a95b67529b28a41b6bb"}
tx 41/100: nonce=0x349 to=0x100000000000000000000000000000000000002a response={"jsonrpc":"2.0","id":42,"result":"0x79ddad1e53d188fb65ec8256ccd5ce2880ee6f7f0075311d811e7dc0d045e496"}
tx 42/100: nonce=0x34a to=0x100000000000000000000000000000000000002b response={"jsonrpc":"2.0","id":43,"result":"0x89a53305f84b9cebead3f95f833689af0a40bc88056e4cac1cf9be5583be4b07"}
tx 43/100: nonce=0x34b to=0x100000000000000000000000000000000000002c response={"jsonrpc":"2.0","id":44,"result":"0x190ec0c52c5d794072f20b2b6b2b244bb03b5ea21b2eb5889bbca6224d0ab41d"}
tx 44/100: nonce=0x34c to=0x100000000000000000000000000000000000002d response={"jsonrpc":"2.0","id":45,"result":"0x64ec36f102e4ac1b33e3c33dad5edf83d038c96e79d9a0e8a2da0ed8f3bdb397"}
tx 45/100: nonce=0x34d to=0x100000000000000000000000000000000000002e response={"jsonrpc":"2.0","id":46,"result":"0xe6a2cef34d71e84cd78181624dd915b2bdc90d34878e9dd3056d526550756f02"}
tx 46/100: nonce=0x34e to=0x100000000000000000000000000000000000002f response={"jsonrpc":"2.0","id":47,"result":"0x53925f113b242c2d419e54acc1eb90a9af876b7e31d2953880e19b7263de7a55"}
tx 47/100: nonce=0x34f to=0x1000000000000000000000000000000000000030 response={"jsonrpc":"2.0","id":48,"result":"0x9d29a76b60e9f42231de4975f7ef34214fdaef793534e563df3a5cbb655f53b3"}
tx 48/100: nonce=0x350 to=0x1000000000000000000000000000000000000031 response={"jsonrpc":"2.0","id":49,"result":"0xc91757125a6461e4e2d31fefe1dc9bd41056141fc1fa709aee0935509a4bc73c"}
tx 49/100: nonce=0x351 to=0x1000000000000000000000000000000000000032 response={"jsonrpc":"2.0","id":50,"result":"0x10a416b7284eb855e47626759dd664df3c6d7436c39500759f3212c97a6b9212"}
tx 50/100: nonce=0x352 to=0x1000000000000000000000000000000000000033 response={"jsonrpc":"2.0","id":51,"result":"0x14551c9834bf09872de25016aba870bdcf975120b2009bc6164dff8a133c3e24"}
tx 51/100: nonce=0x353 to=0x1000000000000000000000000000000000000034 response={"jsonrpc":"2.0","id":52,"result":"0xdc31d96db3bd1d142fbc80a2020f77e79772adb0447e32aa1f09a5bce77bf449"}
tx 52/100: nonce=0x354 to=0x1000000000000000000000000000000000000035 response={"jsonrpc":"2.0","id":53,"result":"0x9c83544e56bdcd12bc3ca873961bf1d95a95fdd872b1f6a10be9a1f1a3580288"}
tx 53/100: nonce=0x355 to=0x1000000000000000000000000000000000000036 response={"jsonrpc":"2.0","id":54,"result":"0x88af998d6c8c52198781c3641d0f7dbb822e4792398d4fa36710dbfdfdb1716e"}
tx 54/100: nonce=0x356 to=0x1000000000000000000000000000000000000037 response={"jsonrpc":"2.0","id":55,"result":"0xc9b35f662cd8e7b485517ed77bcbc94be493fd4915a60510a6bd9a98ce7e6a6e"}
tx 55/100: nonce=0x357 to=0x1000000000000000000000000000000000000038 response={"jsonrpc":"2.0","id":56,"result":"0xe471cbdbe15f702d00ca34e1bbf109a4f0459a724044f7cef2dde12d13202c89"}
tx 56/100: nonce=0x358 to=0x1000000000000000000000000000000000000039 response={"jsonrpc":"2.0","id":57,"result":"0x84e40589d87ac2622dbc636ce0040f9d4173d422de860932576526d8df9b110e"}
tx 57/100: nonce=0x359 to=0x100000000000000000000000000000000000003a response={"jsonrpc":"2.0","id":58,"result":"0x9761e00b64d7083e0b303e20492f5fbe23d4744ed1fcfd31c5af5ad631d03ddc"}
tx 58/100: nonce=0x35a to=0x100000000000000000000000000000000000003b response={"jsonrpc":"2.0","id":59,"result":"0xa04346f76f22fd4f6bf6a9bc87c39dd7e65db3d46c14c21d30ea56e6b18c8977"}
tx 59/100: nonce=0x35b to=0x100000000000000000000000000000000000003c response={"jsonrpc":"2.0","id":60,"result":"0xe243edb5aa564103c52618a326648e3c1448d062f0d5aad6839c40a5c9ab408f"}
tx 60/100: nonce=0x35c to=0x100000000000000000000000000000000000003d response={"jsonrpc":"2.0","id":61,"result":"0x5cc5f4fe15dbcd531d162c5ad99b6df2fccdcbf7a756570e2725cedccfafe32e"}
tx 61/100: nonce=0x35d to=0x100000000000000000000000000000000000003e response={"jsonrpc":"2.0","id":62,"result":"0x30c925c97f6bab47edf000f962a73f1b6f54c4a813623b30f16cc4847f882c7e"}
tx 62/100: nonce=0x35e to=0x100000000000000000000000000000000000003f response={"jsonrpc":"2.0","id":63,"result":"0xa3eee09ecba11f696fda1cb8e950646ed3f4113da772483025de3d8ceec55985"}
tx 63/100: nonce=0x35f to=0x1000000000000000000000000000000000000040 response={"jsonrpc":"2.0","id":64,"result":"0xea46353d77b0d9d1db481f1dc85001a8b5c605851cdb0de4e31353218dc89c89"}
tx 64/100: nonce=0x360 to=0x1000000000000000000000000000000000000041 response={"jsonrpc":"2.0","id":65,"result":"0x9dece64ed2391b2e21f0e340218d5422d9c0cfb6ea16a8b71698a560bcdf459d"}
tx 65/100: nonce=0x361 to=0x1000000000000000000000000000000000000042 response={"jsonrpc":"2.0","id":66,"result":"0xd286b575333402602c68ca393f534c6af4e1c12d5ef0506b188abaaa39bda9a7"}
tx 66/100: nonce=0x362 to=0x1000000000000000000000000000000000000043 response={"jsonrpc":"2.0","id":67,"result":"0xd240ab537beb05bb84914780cc464730bf637da994029a743e1c8815f3785e87"}
tx 67/100: nonce=0x363 to=0x1000000000000000000000000000000000000044 response={"jsonrpc":"2.0","id":68,"result":"0xec44a37f7de66d0f5ab3299c84270a1d2c976d9dd047e3975d34ad591edcb6f3"}
tx 68/100: nonce=0x364 to=0x1000000000000000000000000000000000000045 response={"jsonrpc":"2.0","id":69,"result":"0x0f457098ff36330773ffbd332fc4d4a9687867d442ce1877882df11d39fce7d8"}
tx 69/100: nonce=0x365 to=0x1000000000000000000000000000000000000046 response={"jsonrpc":"2.0","id":70,"result":"0x03a5f52b2927790522bc5c34f673fb40e922088b0a663760a872401edd799105"}
tx 70/100: nonce=0x366 to=0x1000000000000000000000000000000000000047 response={"jsonrpc":"2.0","id":71,"result":"0x14c3ffae1783a320ce96227c26610fbab2d3d765144299cf8b7ad32b12e7be68"}
tx 71/100: nonce=0x367 to=0x1000000000000000000000000000000000000048 response={"jsonrpc":"2.0","id":72,"result":"0xf9808c57c631b0e3799f031ca3d9ac6a939c0687ad6a756534f2caa6cf465165"}
tx 72/100: nonce=0x368 to=0x1000000000000000000000000000000000000049 response={"jsonrpc":"2.0","id":73,"result":"0x98476f2baa564f2cced4d78c687f71686a5df31db4904d98a6326bc37770fa22"}
tx 73/100: nonce=0x369 to=0x100000000000000000000000000000000000004a response={"jsonrpc":"2.0","id":74,"result":"0xbb84bf1cb4e08165ef5bcf9649cc364e9064dc6178aa7034cd0ceafe1ed220a0"}
tx 74/100: nonce=0x36a to=0x100000000000000000000000000000000000004b response={"jsonrpc":"2.0","id":75,"result":"0xb417fb0a6508ff2f733313fa5301077ec1a9d90fe428ed5de31bd0bddb58c6d5"}
tx 75/100: nonce=0x36b to=0x100000000000000000000000000000000000004c response={"jsonrpc":"2.0","id":76,"result":"0xab464793820b59fd66d5b2e26689524f407d049769595897f9eb38c79debf640"}
tx 76/100: nonce=0x36c to=0x100000000000000000000000000000000000004d response={"jsonrpc":"2.0","id":77,"result":"0x56538395e71afa77da9d0238c8fd4f8b6a9c522e0ff0b37b87b8326bb26f4120"}
tx 77/100: nonce=0x36d to=0x100000000000000000000000000000000000004e response={"jsonrpc":"2.0","id":78,"result":"0x7423fcfded375de89c59463813a53d7b407e5872d373afb4d799b2ff9a154549"}
tx 78/100: nonce=0x36e to=0x100000000000000000000000000000000000004f response={"jsonrpc":"2.0","id":79,"result":"0x5ef26cc77f0fc339982779aa7f46ea58d21d81e3c04e53fe29373d3b936377a1"}
tx 79/100: nonce=0x36f to=0x1000000000000000000000000000000000000050 response={"jsonrpc":"2.0","id":80,"result":"0x073b89fc03ac4e870395980b9bd187d66f5fa2ddc575ed128723b688051e8d14"}
tx 80/100: nonce=0x370 to=0x1000000000000000000000000000000000000051 response={"jsonrpc":"2.0","id":81,"result":"0x96f3d948292c0fb2e27c3053bab936a38b1c50042f08b04e02decb64b2bde1ae"}
tx 81/100: nonce=0x371 to=0x1000000000000000000000000000000000000052 response={"jsonrpc":"2.0","id":82,"result":"0x358f0cefbaf01d107cad010716f6c95b12387eb33be58f8a3bbcce7b705d8a77"}
tx 82/100: nonce=0x372 to=0x1000000000000000000000000000000000000053 response={"jsonrpc":"2.0","id":83,"result":"0x889e23d1f677311e24433a1ae67ae5f039f5cfa9ae65d53f471384c530b259bc"}
tx 83/100: nonce=0x373 to=0x1000000000000000000000000000000000000054 response={"jsonrpc":"2.0","id":84,"result":"0x63185d6c84072d242dc39eefbfa49e989a0b677b984db27096bf5ccfef0233fe"}
tx 84/100: nonce=0x374 to=0x1000000000000000000000000000000000000055 response={"jsonrpc":"2.0","id":85,"result":"0x95995f3b528d31e25c3d1e1cc1c664b7a1d8c6bfa25d63adf5ca97e43e877a86"}
tx 85/100: nonce=0x375 to=0x1000000000000000000000000000000000000056 response={"jsonrpc":"2.0","id":86,"result":"0xb35264c78f4a3a0f7c3c2221c24d026ca9890d6649f7e93e0b4a92ca50b1e726"}
tx 86/100: nonce=0x376 to=0x1000000000000000000000000000000000000057 response={"jsonrpc":"2.0","id":87,"result":"0xfc574b64fac3990985aba62101cef007eeea81a55d06d9e9f9615b62793bace9"}
tx 87/100: nonce=0x377 to=0x1000000000000000000000000000000000000058 response={"jsonrpc":"2.0","id":88,"result":"0xb137a91b7fb8e0016df1919462bd4851412bd95e2c376a741377f69604601cd9"}
tx 88/100: nonce=0x378 to=0x1000000000000000000000000000000000000059 response={"jsonrpc":"2.0","id":89,"result":"0xc6627003dfcf37491ad026d886158cf9bdaa08b3af1920215971e17c48647b53"}
tx 89/100: nonce=0x379 to=0x100000000000000000000000000000000000005a response={"jsonrpc":"2.0","id":90,"result":"0x4d2cf580d59397698286a0ef7c9b7b3f126ef28059172e69b16c4a207fb25897"}
tx 90/100: nonce=0x37a to=0x100000000000000000000000000000000000005b response={"jsonrpc":"2.0","id":91,"result":"0xb4f3c55eb7cb577a499a210e04cfc4105ac8c4820e99c1f5e9c3d0f74d2eae80"}
tx 91/100: nonce=0x37b to=0x100000000000000000000000000000000000005c response={"jsonrpc":"2.0","id":92,"result":"0xf02daa533d75520186bb1bf65b0aaaef28d6abd8a01910df2ae9f9903659c7c8"}
tx 92/100: nonce=0x37c to=0x100000000000000000000000000000000000005d response={"jsonrpc":"2.0","id":93,"result":"0xa82113ce311e3b0cbbfb7a9aed5fc8d06e456bd92c65488c72fc94c8fead824c"}
tx 93/100: nonce=0x37d to=0x100000000000000000000000000000000000005e response={"jsonrpc":"2.0","id":94,"result":"0x5ae1c6ff404fe85edf2a97ea1f190e00fa67d041a09629619638fcced57d33f0"}
tx 94/100: nonce=0x37e to=0x100000000000000000000000000000000000005f response={"jsonrpc":"2.0","id":95,"result":"0xacc2e74c6029877e0325b1dda41052a1b475715bddd4b45cf0ae0a3ed5fdb930"}
tx 95/100: nonce=0x37f to=0x1000000000000000000000000000000000000060 response={"jsonrpc":"2.0","id":96,"result":"0x53340ee623236a70df973771c8923f19a4ed2dffa4fd96fd3364616609882680"}
tx 96/100: nonce=0x380 to=0x1000000000000000000000000000000000000061 response={"jsonrpc":"2.0","id":97,"result":"0x5ce971653307aded05a00e33935ad14bbd2d8c953a0e4b46a22ffc4e0c6144bd"}
tx 97/100: nonce=0x381 to=0x1000000000000000000000000000000000000062 response={"jsonrpc":"2.0","id":98,"result":"0x6875f98f3743a4e63a20f3e58ea79456cbf67216ab1927de303db22869d84b2c"}
tx 98/100: nonce=0x382 to=0x1000000000000000000000000000000000000063 response={"jsonrpc":"2.0","id":99,"result":"0x0b499a33b68b76258afb084837ac90b0ec9dad6b93c70b4c833efb1979425519"}
tx 99/100: nonce=0x383 to=0x1000000000000000000000000000000000000064 response={"jsonrpc":"2.0","id":100,"result":"0x51081f16ce496c165d5d95510919bf978ed2fdaad62487a9f8d66128fb7c9053"}
Done. Check pending txs with:
curl -s -H 'Content-Type: application/json' --data '{"jsonrpc":"2.0","method":"txpool_status","params":[],"id":1}' http://127.0.0.1:8545
Sending 100 txs from 0x92424e4f86201c931ba53eb48619d93244c18e13 via http://127.0.0.1:8545, base_nonce=900, to_mode=sequential
tx 0/100: nonce=0x384 to=0x1000000000000000000000000000000000000001 response={"jsonrpc":"2.0","id":1,"result":"0x30d9dc81699d554407829f53ffc4fb8b875dc1d992809887ff79f35d381d78a2"}
tx 1/100: nonce=0x385 to=0x1000000000000000000000000000000000000002 response={"jsonrpc":"2.0","id":2,"result":"0x6cea18ea71f49771885c402962aa414fb714d6db10e2329705b999bae52dff5a"}
tx 2/100: nonce=0x386 to=0x1000000000000000000000000000000000000003 response={"jsonrpc":"2.0","id":3,"result":"0x3ce93213949cfef85c41295bcc21fcafe1e8882bc9917df2f5d6c1721f493994"}
tx 3/100: nonce=0x387 to=0x1000000000000000000000000000000000000004 response={"jsonrpc":"2.0","id":4,"result":"0xc059bbd6a2b3ae41135a60f067e366a4880f35d3c5002773d85ebedeef5c4025"}
tx 4/100: nonce=0x388 to=0x1000000000000000000000000000000000000005 response={"jsonrpc":"2.0","id":5,"result":"0x7ec5b291ea4f61e672e9f71d58c11d10723c5fe16a30fa828da26ea52a0c4870"}
tx 5/100: nonce=0x389 to=0x1000000000000000000000000000000000000006 response={"jsonrpc":"2.0","id":6,"result":"0x9adcd9bd264a94abec5bd271638b4665787df5ff6c90d50cb8c400acab527805"}
tx 6/100: nonce=0x38a to=0x1000000000000000000000000000000000000007 response={"jsonrpc":"2.0","id":7,"result":"0x238d47a1b10edd08d0f9ee8b1978ebced9b97ba1f285ec54547dde3983e5eb1f"}
tx 7/100: nonce=0x38b to=0x1000000000000000000000000000000000000008 response={"jsonrpc":"2.0","id":8,"result":"0xd79b5a7a8c1739640cca776a673a4bb692900e1160fcf2cdde274b8dcb6cd7f9"}
tx 8/100: nonce=0x38c to=0x1000000000000000000000000000000000000009 response={"jsonrpc":"2.0","id":9,"result":"0x915fec3852e5f52670d76bfb2c44427af2e441020c584f9e94acda49d3db5bc7"}
tx 9/100: nonce=0x38d to=0x100000000000000000000000000000000000000a response={"jsonrpc":"2.0","id":10,"result":"0x64c2c7e8559657a97a85c8875a488fea489a328b7ae12bc830bbd75963d4f538"}
tx 10/100: nonce=0x38e to=0x100000000000000000000000000000000000000b response={"jsonrpc":"2.0","id":11,"result":"0x578bfcb494c0d8148b7843754ae8f5fb700e58a984641c4b44c4a070bbd2b426"}
tx 11/100: nonce=0x38f to=0x100000000000000000000000000000000000000c response={"jsonrpc":"2.0","id":12,"result":"0x7d90bcdf3bd3e1def8f1de37d901dddd083c6f6b460aa0edc1ccbcda543d6a50"}
tx 12/100: nonce=0x390 to=0x100000000000000000000000000000000000000d response={"jsonrpc":"2.0","id":13,"result":"0x4427b8f0000e6d6c27cc3941f907974fd030f7374a2b667db9f456bde1d8f3fc"}
tx 13/100: nonce=0x391 to=0x100000000000000000000000000000000000000e response={"jsonrpc":"2.0","id":14,"result":"0x3963e632d455db67f721a5708b3e2f649224d5b16fc5b0a6b5255ebe4374fec3"}
tx 14/100: nonce=0x392 to=0x100000000000000000000000000000000000000f response={"jsonrpc":"2.0","id":15,"result":"0x86df2594f07882f0d0ff0b76483378264d5409d3e0ef4750549d1615ebb02d85"}
tx 15/100: nonce=0x393 to=0x1000000000000000000000000000000000000010 response={"jsonrpc":"2.0","id":16,"result":"0xab3210f1c3f8daeb47aa54e67644dd75e096c2a3fed7452eab34ddd8f07b45da"}
tx 16/100: nonce=0x394 to=0x1000000000000000000000000000000000000011 response={"jsonrpc":"2.0","id":17,"result":"0x1c54a740f2bbcfb4b0d9f44c3bc17cfa1f73785421c4a41db9ddcdd87fd57663"}
tx 17/100: nonce=0x395 to=0x1000000000000000000000000000000000000012 response={"jsonrpc":"2.0","id":18,"result":"0xae1ac3e48852692c095c4a5439a169109725846ed30b86ec8fb8e10caea5f82e"}
tx 18/100: nonce=0x396 to=0x1000000000000000000000000000000000000013 response={"jsonrpc":"2.0","id":19,"result":"0xa3a31f12db39529eaa9c915d5f2ee88fb3b2433fcf35f69773d592bf8f29292d"}
tx 19/100: nonce=0x397 to=0x1000000000000000000000000000000000000014 response={"jsonrpc":"2.0","id":20,"result":"0x6cfa09820f9579f06f7c310b25535b97da602a828d904729abc9656b0d10e6db"}
tx 20/100: nonce=0x398 to=0x1000000000000000000000000000000000000015 response={"jsonrpc":"2.0","id":21,"result":"0xc3cb80a08c51ec14b2b7c3c0b3dc39d1f2fa2d95f51b691e1d2b6dfb8638d4d8"}
tx 21/100: nonce=0x399 to=0x1000000000000000000000000000000000000016 response={"jsonrpc":"2.0","id":22,"result":"0x6ef087567290053adf5797c4465211a1a98ac9771c3aac0aaa7252ac3b65ba9e"}
tx 22/100: nonce=0x39a to=0x1000000000000000000000000000000000000017 response={"jsonrpc":"2.0","id":23,"result":"0xad8fad4b74cd3ec990340c9d254cb06070d300364a1f4bcbdbff2188b08f3e5a"}
tx 23/100: nonce=0x39b to=0x1000000000000000000000000000000000000018 response={"jsonrpc":"2.0","id":24,"result":"0xd9d9da19dbc05dff1533abb82a204977a3f3a61da743f1a46cb4940c5636dc0c"}
tx 24/100: nonce=0x39c to=0x1000000000000000000000000000000000000019 response={"jsonrpc":"2.0","id":25,"result":"0x4f0b1110d522cfd46a27c337a825e5bdc07654652a720510cfc567c14bc6fe55"}
tx 25/100: nonce=0x39d to=0x100000000000000000000000000000000000001a response={"jsonrpc":"2.0","id":26,"result":"0x4c3f9e9b644e805de2814de294a268862968426f00418d24e1f20cda5e77f2a6"}
tx 26/100: nonce=0x39e to=0x100000000000000000000000000000000000001b response={"jsonrpc":"2.0","id":27,"result":"0xa914b9c2680dbff8c58e498820db42d47ada3bf3713e543cc4faecb2cc143751"}
tx 27/100: nonce=0x39f to=0x100000000000000000000000000000000000001c response={"jsonrpc":"2.0","id":28,"result":"0x9750dd1daf0b519f7020d7e1a1b51dbdea8be81a020af273605e37547698bd5d"}
tx 28/100: nonce=0x3a0 to=0x100000000000000000000000000000000000001d response={"jsonrpc":"2.0","id":29,"result":"0xe231d69f87dbc782a8a0bb70e6a0bfa3a15b2c6a95a8f811011c0b7841cdb691"}
tx 29/100: nonce=0x3a1 to=0x100000000000000000000000000000000000001e response={"jsonrpc":"2.0","id":30,"result":"0x7d71166cc770217d633d69c0f1e0084cd1292a9f3717eb63a617c16fe6938988"}
tx 30/100: nonce=0x3a2 to=0x100000000000000000000000000000000000001f response={"jsonrpc":"2.0","id":31,"result":"0xa94303bb5fff0f545c265ec5aa601195707f13f24b0c431ef6df5be8f717bc75"}
tx 31/100: nonce=0x3a3 to=0x1000000000000000000000000000000000000020 response={"jsonrpc":"2.0","id":32,"result":"0xff9c45dc5a438b5f990f1626400f43b0ff97f783988f7ac58b16e6a51ee1a441"}
tx 32/100: nonce=0x3a4 to=0x1000000000000000000000000000000000000021 response={"jsonrpc":"2.0","id":33,"result":"0x0229fae2506c9c32d63989a936e424096c0fc111bdc948bbaf3520aa5809b833"}
tx 33/100: nonce=0x3a5 to=0x1000000000000000000000000000000000000022 response={"jsonrpc":"2.0","id":34,"result":"0xe4275b4ce98dc8fc3f16219657e93f585a52b29fa9bb160e936e462bdb0aebe3"}
tx 34/100: nonce=0x3a6 to=0x1000000000000000000000000000000000000023 response={"jsonrpc":"2.0","id":35,"result":"0x25711b8707a26628b76512aa5b8eada86cf6290a1bd67ffa35cd20bc57a5bd90"}
tx 35/100: nonce=0x3a7 to=0x1000000000000000000000000000000000000024 response={"jsonrpc":"2.0","id":36,"result":"0xf38e0ca195da27f77c20ac47302fc3ec68e187b3232122ccaf03738ead1e16f0"}
tx 36/100: nonce=0x3a8 to=0x1000000000000000000000000000000000000025 response={"jsonrpc":"2.0","id":37,"result":"0x2eab47babe1a6b851e31c1f9d1e92e51c5707a44f43b9a2c0d86262b9733d277"}
tx 37/100: nonce=0x3a9 to=0x1000000000000000000000000000000000000026 response={"jsonrpc":"2.0","id":38,"result":"0xb7bd84558080c5cd513d7f38a958230bd2ff376edc64a4e2329be485b336d464"}
tx 38/100: nonce=0x3aa to=0x1000000000000000000000000000000000000027 response={"jsonrpc":"2.0","id":39,"result":"0x0b90cc47cc0d4349a43f94178b90e9670ca056ee3c8b4a46cbd69d535b4dbf63"}
tx 39/100: nonce=0x3ab to=0x1000000000000000000000000000000000000028 response={"jsonrpc":"2.0","id":40,"result":"0x002425a918c9a82f92a3417b1d342f484adeb914e418301574d5ce05420fff9e"}
tx 40/100: nonce=0x3ac to=0x1000000000000000000000000000000000000029 response={"jsonrpc":"2.0","id":41,"result":"0x591a7c836c0051e69b562a226933ca4560580c8a51c50953f7d3ccf7dca9f77d"}
tx 41/100: nonce=0x3ad to=0x100000000000000000000000000000000000002a response={"jsonrpc":"2.0","id":42,"result":"0xc737f6e3c1bc89e7c0aaab7803d7c0213c463c5f9aeee91a54dc89e38d425890"}
tx 42/100: nonce=0x3ae to=0x100000000000000000000000000000000000002b response={"jsonrpc":"2.0","id":43,"result":"0xcf11f48c012dd03e0c706fee2e3095723270664baff005ffc323718370528df8"}
tx 43/100: nonce=0x3af to=0x100000000000000000000000000000000000002c response={"jsonrpc":"2.0","id":44,"result":"0xbbe6e31b5cc0f543302fa54d3fcf0fa760c2bea4e1e857cd96de0cc9b4989677"}
tx 44/100: nonce=0x3b0 to=0x100000000000000000000000000000000000002d response={"jsonrpc":"2.0","id":45,"result":"0x24c96c307519418138f40dbced0f6f4056ad8278eecefd141fde9e01f85dd7c1"}
tx 45/100: nonce=0x3b1 to=0x100000000000000000000000000000000000002e response={"jsonrpc":"2.0","id":46,"result":"0xdb214cef9de88879aca74ebe2809c54326fe8c30d40e4d5210a51f016b597a97"}
tx 46/100: nonce=0x3b2 to=0x100000000000000000000000000000000000002f response={"jsonrpc":"2.0","id":47,"result":"0x4911c3cd604bee315299176f1bfb82d6fa5df758c33f93b511edf49a0e485f6f"}
tx 47/100: nonce=0x3b3 to=0x1000000000000000000000000000000000000030 response={"jsonrpc":"2.0","id":48,"result":"0x3f2c2804fdf3492fbb7a02c8bfeffaf750ea396931b0a515a76150cb1669aa5c"}
tx 48/100: nonce=0x3b4 to=0x1000000000000000000000000000000000000031 response={"jsonrpc":"2.0","id":49,"result":"0x8f0fba4ac3e3a7e524a739823a64ef3fe1b6c527e933b01e5345668e11acf372"}
tx 49/100: nonce=0x3b5 to=0x1000000000000000000000000000000000000032 response={"jsonrpc":"2.0","id":50,"result":"0x40dd4e1a62d9d375b4817d149fc11e6c154b06bdd1f700ffead8a8413f5b594c"}
tx 50/100: nonce=0x3b6 to=0x1000000000000000000000000000000000000033 response={"jsonrpc":"2.0","id":51,"result":"0xcc8454ca94810028c1b1b354130eb48e24c4fe57a07274e9fef210e66cea1a99"}
tx 51/100: nonce=0x3b7 to=0x1000000000000000000000000000000000000034 response={"jsonrpc":"2.0","id":52,"result":"0xaef2692131ca1ab229bd4535fd30cec393607101f59149de0f18cf8bd761dc55"}
tx 52/100: nonce=0x3b8 to=0x1000000000000000000000000000000000000035 response={"jsonrpc":"2.0","id":53,"result":"0x5fbac91d6a5fbf14196fa4d5594e28d585da39c7c4d4d3f8f32a0a3141f52a88"}
tx 53/100: nonce=0x3b9 to=0x1000000000000000000000000000000000000036 response={"jsonrpc":"2.0","id":54,"result":"0x7183810de4f0460fe0f45f5f3177d03e00ed023842026905ab4c042e7b6e9549"}
tx 54/100: nonce=0x3ba to=0x1000000000000000000000000000000000000037 response={"jsonrpc":"2.0","id":55,"result":"0xf5cb28c98d602f5eca432894c4504a0515c26ad7de3b6bd09ec2fef8580da13d"}
tx 55/100: nonce=0x3bb to=0x1000000000000000000000000000000000000038 response={"jsonrpc":"2.0","id":56,"result":"0x37f0aa649be9ded37f8128a9af06d897a2a4913db55cf093cfe3e366851c4ea0"}
tx 56/100: nonce=0x3bc to=0x1000000000000000000000000000000000000039 response={"jsonrpc":"2.0","id":57,"result":"0x4d4266b7b5add3aaebe0b3d79c495d0149bad3431288ecac665f88e01e203822"}
tx 57/100: nonce=0x3bd to=0x100000000000000000000000000000000000003a response={"jsonrpc":"2.0","id":58,"result":"0x46f5afb8abc58e36da34aaed744cf39c002c5b8f2f6b8c176d3e7c195a6f96b5"}
tx 58/100: nonce=0x3be to=0x100000000000000000000000000000000000003b response={"jsonrpc":"2.0","id":59,"result":"0xd632901d9c28142d65600832cffce60e47b6bdd9a200421529ff0a7966c5f8af"}
tx 59/100: nonce=0x3bf to=0x100000000000000000000000000000000000003c response={"jsonrpc":"2.0","id":60,"result":"0xee7bc2a27d5ae70a4baad1b651ea28391618486b2781f9ed2042ba4b57b4b63e"}
tx 60/100: nonce=0x3c0 to=0x100000000000000000000000000000000000003d response={"jsonrpc":"2.0","id":61,"result":"0xef04b599755ae1b1947c47c6905a5d968ef0f8b6952a6bdf80c1f430ce9464e4"}
tx 61/100: nonce=0x3c1 to=0x100000000000000000000000000000000000003e response={"jsonrpc":"2.0","id":62,"result":"0x37d69b183613f070beb868bd1e1fe2129a0851fdd8068ecb85be38463ee2a129"}
tx 62/100: nonce=0x3c2 to=0x100000000000000000000000000000000000003f response={"jsonrpc":"2.0","id":63,"result":"0x238363ac53b96d101996a70673b6e9f910259c99e57ac2eee0fbedc064fcb2c4"}
tx 63/100: nonce=0x3c3 to=0x1000000000000000000000000000000000000040 response={"jsonrpc":"2.0","id":64,"result":"0x9dcf45e84d5a74e3ffd72e3529d5effb43c29718042cb9e2fbb4f45d8e37f796"}
tx 64/100: nonce=0x3c4 to=0x1000000000000000000000000000000000000041 response={"jsonrpc":"2.0","id":65,"result":"0x1a86269fcee0370aba785f475572bcc739bd6671c0a39af2125c01b0df2f0d2d"}
tx 65/100: nonce=0x3c5 to=0x1000000000000000000000000000000000000042 response={"jsonrpc":"2.0","id":66,"result":"0x2767381a1713ca585cf8bde3de13b8ef0c1f24dbcf22ccc28ce72cc58438c70b"}
tx 66/100: nonce=0x3c6 to=0x1000000000000000000000000000000000000043 response={"jsonrpc":"2.0","id":67,"result":"0x28a59181c2f50c9e0df04575d22540cc2e0cc71dc88985a047ca586cd5bfa051"}
tx 67/100: nonce=0x3c7 to=0x1000000000000000000000000000000000000044 response={"jsonrpc":"2.0","id":68,"result":"0xeb77f61e6dcd689703e00952925627f729ea3d62d2d8d541fe545b4ff4deb674"}
tx 68/100: nonce=0x3c8 to=0x1000000000000000000000000000000000000045 response={"jsonrpc":"2.0","id":69,"result":"0x9edeabe8a70101ce2f11efa6fa5f2df010715b2934fd1288faffaa42b10644a0"}
tx 69/100: nonce=0x3c9 to=0x1000000000000000000000000000000000000046 response={"jsonrpc":"2.0","id":70,"result":"0x6f85bfff11914a9f04fae2e6ca12df4d1a20d06c8ad14f90499d09660cf169f1"}
tx 70/100: nonce=0x3ca to=0x1000000000000000000000000000000000000047 response={"jsonrpc":"2.0","id":71,"result":"0x4adf8bd528b3f57625a858f4b8be5eb04462548c30ea300dc494073b8e1e72c2"}
tx 71/100: nonce=0x3cb to=0x1000000000000000000000000000000000000048 response={"jsonrpc":"2.0","id":72,"result":"0x2d7ac26989958ffa093c5f5f0ef75338614bcc399ed6dad701ab3cde52874bac"}
tx 72/100: nonce=0x3cc to=0x1000000000000000000000000000000000000049 response={"jsonrpc":"2.0","id":73,"result":"0x35fdcf3f64bfb778cd3404b19e642aad57ab670cdecdf788621db1515092b079"}
tx 73/100: nonce=0x3cd to=0x100000000000000000000000000000000000004a response={"jsonrpc":"2.0","id":74,"result":"0x9c2eb5981bfaa98eef32025870545022f074cd249b990461a14890cc4b54cdc5"}
tx 74/100: nonce=0x3ce to=0x100000000000000000000000000000000000004b response={"jsonrpc":"2.0","id":75,"result":"0x4f8da5b24382f9a3b6590f0c5bd506981060892fa961d38f08e5f9166c3a3b4b"}
tx 75/100: nonce=0x3cf to=0x100000000000000000000000000000000000004c response={"jsonrpc":"2.0","id":76,"result":"0x5b1d8f9bed3ed057095e3163a9a0a4b30696f532c1aea850734a5a669b5bf5b1"}
tx 76/100: nonce=0x3d0 to=0x100000000000000000000000000000000000004d response={"jsonrpc":"2.0","id":77,"result":"0xdb08cbb0313ebfe3f8adf3df6432945e479d7c0772820fb9d37b250bf718fcd1"}
tx 77/100: nonce=0x3d1 to=0x100000000000000000000000000000000000004e response={"jsonrpc":"2.0","id":78,"result":"0xbd93041d77ca508ee3ced0bce001a2a57c1e95c0abe4b0737a036c195f37beea"}
tx 78/100: nonce=0x3d2 to=0x100000000000000000000000000000000000004f response={"jsonrpc":"2.0","id":79,"result":"0x39a66390a2ee396176e2a8707e1feaf223a7a2d257e3cf8fa013494807db1e03"}
tx 79/100: nonce=0x3d3 to=0x1000000000000000000000000000000000000050 response={"jsonrpc":"2.0","id":80,"result":"0xd9483688004da8a1ac7821685cf7a36765c83d59c6e4ee8ad32d6f9d3ef4f71f"}
tx 80/100: nonce=0x3d4 to=0x1000000000000000000000000000000000000051 response={"jsonrpc":"2.0","id":81,"result":"0xbe2679e4d8f3d7aa0d0acddb7a8fb1fd4918c7755c5a3debfcb0d4c35e219582"}
tx 81/100: nonce=0x3d5 to=0x1000000000000000000000000000000000000052 response={"jsonrpc":"2.0","id":82,"result":"0x807c8da0e1e50b5552768caf2ed8514738a4fe6fa35d913c18fef7b550e14c97"}
tx 82/100: nonce=0x3d6 to=0x1000000000000000000000000000000000000053 response={"jsonrpc":"2.0","id":83,"result":"0x53e4550b8cdba3702adf29bccaf77c57f59c84711cb7cbecd296513a7a20aea3"}
tx 83/100: nonce=0x3d7 to=0x1000000000000000000000000000000000000054 response={"jsonrpc":"2.0","id":84,"result":"0x1d16c5858b3c61f57de98af4643a17d22f437f126346de48434b38d66b2eacff"}
tx 84/100: nonce=0x3d8 to=0x1000000000000000000000000000000000000055 response={"jsonrpc":"2.0","id":85,"result":"0x5cf54e3f17406b43d4ee5a52caef779f4cd084a9eb56d4686e350e6849f4f825"}
tx 85/100: nonce=0x3d9 to=0x1000000000000000000000000000000000000056 response={"jsonrpc":"2.0","id":86,"result":"0xba70fe89414a6481df87f30187208d2b97a9a3695e300c7ec8c32e6a2a9d50fd"}
tx 86/100: nonce=0x3da to=0x1000000000000000000000000000000000000057 response={"jsonrpc":"2.0","id":87,"result":"0x25a1c9795d7290c24fa49084227e52df88ad7f503dd80b4fd96f6c98f707f6a5"}
tx 87/100: nonce=0x3db to=0x1000000000000000000000000000000000000058 response={"jsonrpc":"2.0","id":88,"result":"0x0a404167b31c0b863c516228431ce363caa2f8e343f947a7480e51552c990494"}
tx 88/100: nonce=0x3dc to=0x1000000000000000000000000000000000000059 response={"jsonrpc":"2.0","id":89,"result":"0xef62865ce050d2cca91a73ea2d00c68bb351244afc1215ace6bc68d817368910"}
tx 89/100: nonce=0x3dd to=0x100000000000000000000000000000000000005a response={"jsonrpc":"2.0","id":90,"result":"0x1f07db8e3553c69f61f9eb777de9d07ebf18dd9ad70eb237324b81d8fa613aa3"}
tx 90/100: nonce=0x3de to=0x100000000000000000000000000000000000005b response={"jsonrpc":"2.0","id":91,"result":"0xe0e0c6f6b4c11c64cf7d35b87736a4476a494309fdf55249db12270f214f3e98"}
tx 91/100: nonce=0x3df to=0x100000000000000000000000000000000000005c response={"jsonrpc":"2.0","id":92,"result":"0xe433fd24422e960847bb7718faac8971109edc8c9720467d271b8c4973a8d139"}
tx 92/100: nonce=0x3e0 to=0x100000000000000000000000000000000000005d response={"jsonrpc":"2.0","id":93,"result":"0x8b2f1e241eed7be9436ae5ef1f39e8a01393bfc802c3a8127bbd1ca4e4f7551a"}
tx 93/100: nonce=0x3e1 to=0x100000000000000000000000000000000000005e response={"jsonrpc":"2.0","id":94,"result":"0xab7c2a81533434b9b7d114557630aea503e1d6d0dc87817fec46f4746c1ae553"}
tx 94/100: nonce=0x3e2 to=0x100000000000000000000000000000000000005f response={"jsonrpc":"2.0","id":95,"result":"0x8bd66fa5675080ae6f1400b0cbd5a189e502c3c4003d751a2b7960b171346ac0"}
tx 95/100: nonce=0x3e3 to=0x1000000000000000000000000000000000000060 response={"jsonrpc":"2.0","id":96,"result":"0xc74da2d42e7f064e2233bf1d7f750e60307d3624ad57e905e0174f1f56aef9d4"}
tx 96/100: nonce=0x3e4 to=0x1000000000000000000000000000000000000061 response={"jsonrpc":"2.0","id":97,"result":"0x979f54e6c9296a2e819d2eb3225ad8e6d6e52edad860ebac36e090b62fb40cf6"}
tx 97/100: nonce=0x3e5 to=0x1000000000000000000000000000000000000062 response={"jsonrpc":"2.0","id":98,"result":"0x7dff10ee0ff5ce12ccbcac26e497f3e049d3b4e81caa52a30ced9de5f1da9791"}
tx 98/100: nonce=0x3e6 to=0x1000000000000000000000000000000000000063 response={"jsonrpc":"2.0","id":99,"result":"0xe60cb987e0632986bea006367f5b5b11e60757c5f3ee8f58b6a053a241ef946b"}
tx 99/100: nonce=0x3e7 to=0x1000000000000000000000000000000000000064 response={"jsonrpc":"2.0","id":100,"result":"0xb561863f4350b52dcd12179b02d3e6c6f93235d16827071b678be5fd540896bf"}
Done. Check pending txs with:
curl -s -H 'Content-Type: application/json' --data '{"jsonrpc":"2.0","method":"txpool_status","params":[],"id":1}' http://127.0.0.1:8545
Sending 100 txs from 0x92424e4f86201c931ba53eb48619d93244c18e13 via http://127.0.0.1:8545, base_nonce=1000, to_mode=sequential
tx 0/100: nonce=0x3e8 to=0x1000000000000000000000000000000000000001 response={"jsonrpc":"2.0","id":1,"result":"0x61da43280e6e68eb8925f7f49788971a3ea39bb5dcf86180f60d88312cc1cae3"}
tx 1/100: nonce=0x3e9 to=0x1000000000000000000000000000000000000002 response={"jsonrpc":"2.0","id":2,"result":"0x67f9cb6e9948598e43b7b53f0ce2a613494d5baef88e966366253ec7249a69cb"}
tx 2/100: nonce=0x3ea to=0x1000000000000000000000000000000000000003 response={"jsonrpc":"2.0","id":3,"result":"0x45df2a9e565b65e3712cab77d5493dc3bf23f88c17caada811c88e43f6b75e6f"}
tx 3/100: nonce=0x3eb to=0x1000000000000000000000000000000000000004 response={"jsonrpc":"2.0","id":4,"result":"0x7b1e00096fb583add472f0492cc7fce5393dc418d6713d2bcfd569b2ddf9f8dd"}
tx 4/100: nonce=0x3ec to=0x1000000000000000000000000000000000000005 response={"jsonrpc":"2.0","id":5,"result":"0xab37fb62c8802325cbccfafaf9c99b406199e95d4b684fde33da0311c6752199"}
tx 5/100: nonce=0x3ed to=0x1000000000000000000000000000000000000006 response={"jsonrpc":"2.0","id":6,"result":"0xf72193b07cb933a386bfbecae3249b924e062250a4818ee82797a178138fd24b"}
tx 6/100: nonce=0x3ee to=0x1000000000000000000000000000000000000007 response={"jsonrpc":"2.0","id":7,"result":"0x73d556726713552bcea00c9659dd30078aaecc4f9585af18673b63ed9e6da1a0"}
tx 7/100: nonce=0x3ef to=0x1000000000000000000000000000000000000008 response={"jsonrpc":"2.0","id":8,"result":"0x2e0013c7fbdbb79abd8988e18345e300e506330d1b85b1e3105dd91ce8e66d72"}
tx 8/100: nonce=0x3f0 to=0x1000000000000000000000000000000000000009 response={"jsonrpc":"2.0","id":9,"result":"0x2e61a8833afae9e303c26873804f41c6666b1001d82c7fd547ff9289fe3d68d0"}
tx 9/100: nonce=0x3f1 to=0x100000000000000000000000000000000000000a response={"jsonrpc":"2.0","id":10,"result":"0x58a67b9ef7bde87618a75f9aa0be2851a66a61a5653b4fa96cfb972b645f4749"}
tx 10/100: nonce=0x3f2 to=0x100000000000000000000000000000000000000b response={"jsonrpc":"2.0","id":11,"result":"0xcfd7d37c090396dd43b3bd71be845bb3aa4b4630637143c11978045407dc0833"}
tx 11/100: nonce=0x3f3 to=0x100000000000000000000000000000000000000c response={"jsonrpc":"2.0","id":12,"result":"0x3d79cb13f4fcfcedf3ba2516899e5e1ce2e6244740a02e0c186a705c84d5bfea"}
tx 12/100: nonce=0x3f4 to=0x100000000000000000000000000000000000000d response={"jsonrpc":"2.0","id":13,"result":"0xfc40271e5948f7ec85662dff8460058bbc667bb83895c4ae9022a9e76d81bc85"}
tx 13/100: nonce=0x3f5 to=0x100000000000000000000000000000000000000e response={"jsonrpc":"2.0","id":14,"result":"0x107a8e74a49adca3413ca614fcce6772f473587b1c5732b066c0cb360a57785e"}
tx 14/100: nonce=0x3f6 to=0x100000000000000000000000000000000000000f response={"jsonrpc":"2.0","id":15,"result":"0xd99f9cd0ea95fde921f1eeef523f7b44631d136bd8a6ca90f91b25063459e879"}
tx 15/100: nonce=0x3f7 to=0x1000000000000000000000000000000000000010 response={"jsonrpc":"2.0","id":16,"result":"0xde1adc81352c98b100a2d14fbafbab7b17a8814d70342b6c26e53662b9874ca4"}
tx 16/100: nonce=0x3f8 to=0x1000000000000000000000000000000000000011 response={"jsonrpc":"2.0","id":17,"result":"0x87f135ec85de58340b5bde03d871169a04e7719d613ead4d230fcac8e88e9867"}
tx 17/100: nonce=0x3f9 to=0x1000000000000000000000000000000000000012 response={"jsonrpc":"2.0","id":18,"result":"0x7da309a588f8c772c77e2acc77fc249952b7f49f86a14e8a9d2883f60ab77478"}
tx 18/100: nonce=0x3fa to=0x1000000000000000000000000000000000000013 response={"jsonrpc":"2.0","id":19,"result":"0x1717973f005a916dbac923c1ebc19ec1b3881df140779a5ac5b8eeba86a13f8d"}
tx 19/100: nonce=0x3fb to=0x1000000000000000000000000000000000000014 response={"jsonrpc":"2.0","id":20,"result":"0x7a622d0f0e3e05a7a3fe20307786984bd60df643495aa855926f6a4c327dc943"}
tx 20/100: nonce=0x3fc to=0x1000000000000000000000000000000000000015 response={"jsonrpc":"2.0","id":21,"result":"0x65f78edf1ec129c01ed8a356329cefb93d181b78d5b94bf48924c69f4059b47b"}
tx 21/100: nonce=0x3fd to=0x1000000000000000000000000000000000000016 response={"jsonrpc":"2.0","id":22,"result":"0xdaa97f92aead0a3197d05e23d882a6873e40dc11c873573699baee145407e7c7"}
tx 22/100: nonce=0x3fe to=0x1000000000000000000000000000000000000017 response={"jsonrpc":"2.0","id":23,"result":"0xcdc97eaf3ff307dd9e2faa97e2a6688850db510a50e6031f3d130f09a7473097"}
tx 23/100: nonce=0x3ff to=0x1000000000000000000000000000000000000018 response={"jsonrpc":"2.0","id":24,"result":"0x4980da4fe08fa97c830d70bf2082227e084386e5d368594b734e3d2c1ac60f85"}
tx 24/100: nonce=0x400 to=0x1000000000000000000000000000000000000019 response={"jsonrpc":"2.0","id":25,"result":"0xdb3ad492853334e57618231d023b43b06ce3a0d059ed0be5ce2a98054af328cf"}
tx 25/100: nonce=0x401 to=0x100000000000000000000000000000000000001a response={"jsonrpc":"2.0","id":26,"result":"0x30903a63a63410c858521947dfa823c46a9ea25f2623a07573943ee3c30c8c34"}
tx 26/100: nonce=0x402 to=0x100000000000000000000000000000000000001b response={"jsonrpc":"2.0","id":27,"result":"0x26875e80e73cc0df6d33ce3198d4808d047aede6e65406c85c48e7b0b7145da9"}
tx 27/100: nonce=0x403 to=0x100000000000000000000000000000000000001c response={"jsonrpc":"2.0","id":28,"result":"0x79424c1a7c4d91c06de82b1cd8092658fea7f7ac5854a8ea37114fcb0c99fbf3"}
tx 28/100: nonce=0x404 to=0x100000000000000000000000000000000000001d response={"jsonrpc":"2.0","id":29,"result":"0x00ff58edeef809d47d444af3a07cc6ec4f09b2b1a4d05b19af8012c8f6e21945"}
tx 29/100: nonce=0x405 to=0x100000000000000000000000000000000000001e response={"jsonrpc":"2.0","id":30,"result":"0x705477d9d174057233af835d043d83c9720bbdbe21d88e9b61926479e771d737"}
tx 30/100: nonce=0x406 to=0x100000000000000000000000000000000000001f response={"jsonrpc":"2.0","id":31,"result":"0x04b89a755eae6d4e5bde3ade4ae5726e560916a8e27174ebd7353924839e1d96"}
tx 31/100: nonce=0x407 to=0x1000000000000000000000000000000000000020 response={"jsonrpc":"2.0","id":32,"result":"0xfde7bac96a7a6506378aa2571addfeefcb69b9cba019fa59ec9747cfa538a6e1"}
tx 32/100: nonce=0x408 to=0x1000000000000000000000000000000000000021 response={"jsonrpc":"2.0","id":33,"result":"0xc624c6442db127a90855ea1a98aea2d34aa4699143f30511dd29e1e83fc8132f"}
tx 33/100: nonce=0x409 to=0x1000000000000000000000000000000000000022 response={"jsonrpc":"2.0","id":34,"result":"0x502eb2eb18c99094a8b79c57b7ce1cfc4cae3dada2b98fa9a5650a6d3598057f"}
tx 34/100: nonce=0x40a to=0x1000000000000000000000000000000000000023 response={"jsonrpc":"2.0","id":35,"result":"0x21b1b6abfc55f97496ed7871ab638b9a9a044e90b9e58718137e74d6a6f34035"}
tx 35/100: nonce=0x40b to=0x1000000000000000000000000000000000000024 response={"jsonrpc":"2.0","id":36,"result":"0x5c13a5c29b6fd95fcd2e6ce7ab270e77f496d001b1ca5379ff63100d68d60f75"}
tx 36/100: nonce=0x40c to=0x1000000000000000000000000000000000000025 response={"jsonrpc":"2.0","id":37,"result":"0x531c6e42e5a9e8cba79584a64e3d030bf96ea90831c57da3691258f70dfe4a5d"}
tx 37/100: nonce=0x40d to=0x1000000000000000000000000000000000000026 response={"jsonrpc":"2.0","id":38,"result":"0x9b1fb8e5d715a87e843f8b401ec246e134cef090f2fef3199c37593105dfffef"}
tx 38/100: nonce=0x40e to=0x1000000000000000000000000000000000000027 response={"jsonrpc":"2.0","id":39,"result":"0x383434bf454699558ddc36508a5e4e06e00a9d87145150bd6ee7c923acb7523d"}
tx 39/100: nonce=0x40f to=0x1000000000000000000000000000000000000028 response={"jsonrpc":"2.0","id":40,"result":"0x765d7bd082de0078bf8c830f1aa2b606e6f6ab8ccb3a4dccf37f9ac1506d5e52"}
tx 40/100: nonce=0x410 to=0x1000000000000000000000000000000000000029 response={"jsonrpc":"2.0","id":41,"result":"0x0b80072ee55bb53c43228f8e3c772dbf58dbedd10ef295d5b61646b1324c20b0"}
tx 41/100: nonce=0x411 to=0x100000000000000000000000000000000000002a response={"jsonrpc":"2.0","id":42,"result":"0x1ebe94e9b1f87de07acb2a1b82bd29a50d8412334739a8ab629070bebe7ee46c"}
tx 42/100: nonce=0x412 to=0x100000000000000000000000000000000000002b response={"jsonrpc":"2.0","id":43,"result":"0xa776cc24c8b21f7c7923da51f0a68298c6f4137f21ad05b3b71241b963a2ccaa"}
tx 43/100: nonce=0x413 to=0x100000000000000000000000000000000000002c response={"jsonrpc":"2.0","id":44,"result":"0x34ffb99c351eb0755c9e1596f4ff2e9fe13536765606b5d8398a1d21be13f107"}
tx 44/100: nonce=0x414 to=0x100000000000000000000000000000000000002d response={"jsonrpc":"2.0","id":45,"result":"0xcca47b662b206fa60eb25064f12766cc61d13799afd7042ffa0ee66b81e426f4"}
tx 45/100: nonce=0x415 to=0x100000000000000000000000000000000000002e response={"jsonrpc":"2.0","id":46,"result":"0x797ad15e5a2311dccc673812b2cb355b7fc32f1e3d47b0ab2a6931a51a0d4fff"}
tx 46/100: nonce=0x416 to=0x100000000000000000000000000000000000002f response={"jsonrpc":"2.0","id":47,"result":"0xbe4174096081ce9c207a64bcb689b9d80c431cc6da93d47c1e8e7988532bbcba"}
tx 47/100: nonce=0x417 to=0x1000000000000000000000000000000000000030 response={"jsonrpc":"2.0","id":48,"result":"0xb5398ac8e7045a73dfed822f37d908504be3ab3cdd1cb6becfadfeb44c41010f"}
tx 48/100: nonce=0x418 to=0x1000000000000000000000000000000000000031 response={"jsonrpc":"2.0","id":49,"result":"0x152be5903172785f4e65df1771c2b699fcde42cefa73b34b5620be2ffdba9c3d"}
tx 49/100: nonce=0x419 to=0x1000000000000000000000000000000000000032 response={"jsonrpc":"2.0","id":50,"result":"0x1d26d4800f29b51ded17ef593c8b2fea1bcc83457dbc7254d6a417ae3ded48a2"}
tx 50/100: nonce=0x41a to=0x1000000000000000000000000000000000000033 response={"jsonrpc":"2.0","id":51,"result":"0xc34f776d013e7f3ed1cf9c8e0b048c6fa8f78ef43741d5810c257b22a5ad13bb"}
tx 51/100: nonce=0x41b to=0x1000000000000000000000000000000000000034 response={"jsonrpc":"2.0","id":52,"result":"0x26461217413fb09f60c5880c7efa0bef134f90b5a0ea8e8b61a1c9e252892d6f"}
tx 52/100: nonce=0x41c to=0x1000000000000000000000000000000000000035 response={"jsonrpc":"2.0","id":53,"result":"0x5fa935ffb8c658aed65c23ef9977a032c33b85a6a7d57dc80c64ea0b82c649f5"}
tx 53/100: nonce=0x41d to=0x1000000000000000000000000000000000000036 response={"jsonrpc":"2.0","id":54,"result":"0x4e503be09ff0916153f847c178827f80786ab5e5d4f78a93eaed2e42aa9bada9"}
tx 54/100: nonce=0x41e to=0x1000000000000000000000000000000000000037 response={"jsonrpc":"2.0","id":55,"result":"0xc27ac70ab807249b4fe595b52d33c5977777f94263c0ef6eca91094da9561deb"}
tx 55/100: nonce=0x41f to=0x1000000000000000000000000000000000000038 response={"jsonrpc":"2.0","id":56,"result":"0x76b740b560ece067bc0309db9aac569dfee0e3a2001d499694404ab62b192a10"}
tx 56/100: nonce=0x420 to=0x1000000000000000000000000000000000000039 response={"jsonrpc":"2.0","id":57,"result":"0x9f0018857547ed8f22523479ade36f2f2c12f9e8a1419d834b1c87f0a6025318"}
tx 57/100: nonce=0x421 to=0x100000000000000000000000000000000000003a response={"jsonrpc":"2.0","id":58,"result":"0xa7b0e82e85dc6b5fcdaab73f374eb07deea931e4b837532ef37c054d1494135b"}
tx 58/100: nonce=0x422 to=0x100000000000000000000000000000000000003b response={"jsonrpc":"2.0","id":59,"result":"0x912b7d6034c3e41873cd775c4a2e24b4a7fa71857c984d3d512d82157c13f9e3"}
tx 59/100: nonce=0x423 to=0x100000000000000000000000000000000000003c response={"jsonrpc":"2.0","id":60,"result":"0x80d98a1eeef3dad0031f410a4d9bd8cfcca0f718d05bb48a7c727c63c25e8874"}
tx 60/100: nonce=0x424 to=0x100000000000000000000000000000000000003d response={"jsonrpc":"2.0","id":61,"result":"0x97c81acdfda66a865d919248554c69bb82f9d297eac91049703ae6bdc56eadf3"}
tx 61/100: nonce=0x425 to=0x100000000000000000000000000000000000003e response={"jsonrpc":"2.0","id":62,"result":"0x8f10b65bafccbfab42f4987c20e1a5c349c193585ebde07a0b41c1503710562c"}
tx 62/100: nonce=0x426 to=0x100000000000000000000000000000000000003f response={"jsonrpc":"2.0","id":63,"result":"0xa37221abb39b8506aecdc7f3f2792cefc40831c5e27cc52ef021c92144373dc4"}
tx 63/100: nonce=0x427 to=0x1000000000000000000000000000000000000040 response={"jsonrpc":"2.0","id":64,"result":"0xbea52e09eca64dc9618535d2d2acdfc4ad38d97c1cf5101dce318a0ed4ac07cd"}
tx 64/100: nonce=0x428 to=0x1000000000000000000000000000000000000041 response={"jsonrpc":"2.0","id":65,"result":"0x7727ef63744cf6d10335190c7d485942f62780723b761d266d4345118b983956"}
tx 65/100: nonce=0x429 to=0x1000000000000000000000000000000000000042 response={"jsonrpc":"2.0","id":66,"result":"0xce07307947658fd278e843e9b430d7b0784a0d6bc4a5770018d8bd44420de5c4"}
tx 66/100: nonce=0x42a to=0x1000000000000000000000000000000000000043 response={"jsonrpc":"2.0","id":67,"result":"0x557489adfbefcd8cd99d910ce034c83fee5c55f2260f2cb0e411621dcb52d475"}
tx 67/100: nonce=0x42b to=0x1000000000000000000000000000000000000044 response={"jsonrpc":"2.0","id":68,"result":"0x44162be0d3ff814e32fa05bd45f85c9473100fbb54388ebede1c4f80b58bbe62"}
tx 68/100: nonce=0x42c to=0x1000000000000000000000000000000000000045 response={"jsonrpc":"2.0","id":69,"result":"0xa42474d6b77d4a260a76970c0121d1daa83506a6d5fdee41a92a24f73e004e4a"}
tx 69/100: nonce=0x42d to=0x1000000000000000000000000000000000000046 response={"jsonrpc":"2.0","id":70,"result":"0xd9387aaf3f9a46a3d9b63e81a887597f84541a8e8517f1895f1bc44fc57a3ec1"}
tx 70/100: nonce=0x42e to=0x1000000000000000000000000000000000000047 response={"jsonrpc":"2.0","id":71,"result":"0x74f0a6e00c590cb72582db0ad7153b6ad9312a5feb7197b0f3fdf6ebf07c2478"}
tx 71/100: nonce=0x42f to=0x1000000000000000000000000000000000000048 response={"jsonrpc":"2.0","id":72,"result":"0x79f73616527b0e2b3d68ea36af364e8afdc8a554d139b6d604e93282bbb49fbb"}
tx 72/100: nonce=0x430 to=0x1000000000000000000000000000000000000049 response={"jsonrpc":"2.0","id":73,"result":"0x4e9e0ffbd43fa6721614aa9ad251aa3314029bd455047f2d2e4ea25be9a7f5f3"}
tx 73/100: nonce=0x431 to=0x100000000000000000000000000000000000004a response={"jsonrpc":"2.0","id":74,"result":"0xd71c0a4e0e784fdab052d6cffdd0258cc490078e6fbcbac3e7161bd9819cacbf"}
tx 74/100: nonce=0x432 to=0x100000000000000000000000000000000000004b response={"jsonrpc":"2.0","id":75,"result":"0x4088026549c9d91b2173e30a4bf826b3e742e8c31e05499a02f45e769f6e4202"}
tx 75/100: nonce=0x433 to=0x100000000000000000000000000000000000004c response={"jsonrpc":"2.0","id":76,"result":"0xa7a5fb42e08f77fcfa62889aae1c1ddf88f2d2f2a72c4c8da959dfa77afff52c"}
tx 76/100: nonce=0x434 to=0x100000000000000000000000000000000000004d response={"jsonrpc":"2.0","id":77,"result":"0xeba3c07aaeb3a6db2856c15668aa2a62e89686049f55c6f1737361e0c0fc9f88"}
tx 77/100: nonce=0x435 to=0x100000000000000000000000000000000000004e response={"jsonrpc":"2.0","id":78,"result":"0x1a64bdeb7f93194aa5ee27598eb8a56de4d80554a93526aedf17130223d71714"}
tx 78/100: nonce=0x436 to=0x100000000000000000000000000000000000004f response={"jsonrpc":"2.0","id":79,"result":"0x0904d5636c5a5a595500f752141448ddd078a4cc07da7c9147f58d8236692c69"}
tx 79/100: nonce=0x437 to=0x1000000000000000000000000000000000000050 response={"jsonrpc":"2.0","id":80,"result":"0xe6731a6d0ca60bb796b56386cbc83c9fe3b425895b8027f8f899e7c007c59644"}
tx 80/100: nonce=0x438 to=0x1000000000000000000000000000000000000051 response={"jsonrpc":"2.0","id":81,"result":"0xd4b51f95f2ddd642d3658b0a1a0a6b49fc9dcc4bacb57a68b3361f29dcb24200"}
tx 81/100: nonce=0x439 to=0x1000000000000000000000000000000000000052 response={"jsonrpc":"2.0","id":82,"result":"0x9c86d57f351335786d95d33deb1e0c3605da1aaa4e00c653cfaee0809668ed37"}
tx 82/100: nonce=0x43a to=0x1000000000000000000000000000000000000053 response={"jsonrpc":"2.0","id":83,"result":"0x7c1d51477bf0a2d6dce82074cdfd3bc0205bc5dbd7f337a42f8e82bfed631a33"}
tx 83/100: nonce=0x43b to=0x1000000000000000000000000000000000000054 response={"jsonrpc":"2.0","id":84,"result":"0x39047c7ee3f7d84f7b201b6f371b942dce408cb9cf194269a63933430159b635"}
tx 84/100: nonce=0x43c to=0x1000000000000000000000000000000000000055 response={"jsonrpc":"2.0","id":85,"result":"0x65749258e792cd707f9b11dcaf33c9285c1b31e0c8364075624d45e118325ec5"}
tx 85/100: nonce=0x43d to=0x1000000000000000000000000000000000000056 response={"jsonrpc":"2.0","id":86,"result":"0x982870b391549d1b595489e8e6d5506dc1880ff896ac7cf4fe882e15801f7994"}
tx 86/100: nonce=0x43e to=0x1000000000000000000000000000000000000057 response={"jsonrpc":"2.0","id":87,"result":"0x9e14c9ef28647a1a4fd5b95c4177783de91f2b30ced388339615c0e5db3e6cbc"}
tx 87/100: nonce=0x43f to=0x1000000000000000000000000000000000000058 response={"jsonrpc":"2.0","id":88,"result":"0xbbdfa0a5a16fed0ee6592fa7b3b4b681a600cc4c52199613e0b90fe9a5d99080"}
tx 88/100: nonce=0x440 to=0x1000000000000000000000000000000000000059 response={"jsonrpc":"2.0","id":89,"result":"0x0d2521562b38a89c171c1535f25fa8b614f08f57c95918eff9b2cdf6a4804f4c"}
tx 89/100: nonce=0x441 to=0x100000000000000000000000000000000000005a response={"jsonrpc":"2.0","id":90,"result":"0x361546a9e21f5d06ed85e1e59cd9cb50720fe348b725a9536712ae37ad691440"}
tx 90/100: nonce=0x442 to=0x100000000000000000000000000000000000005b response={"jsonrpc":"2.0","id":91,"result":"0x6a43f500924e03ea8842c124b6947383ff86920147241d465743c45dd204f516"}
tx 91/100: nonce=0x443 to=0x100000000000000000000000000000000000005c response={"jsonrpc":"2.0","id":92,"result":"0x4213a26536542e01d72ae6111e7f5986c35835fc56a42be41b9d9af6ba0e1eca"}
tx 92/100: nonce=0x444 to=0x100000000000000000000000000000000000005d response={"jsonrpc":"2.0","id":93,"result":"0x2f336778a89ca80dcc8db499ab02a765997c94e4971831a743ff60c9e6d6c30d"}
tx 93/100: nonce=0x445 to=0x100000000000000000000000000000000000005e response={"jsonrpc":"2.0","id":94,"result":"0x2c8a3b6d6f6d31a7b633b2e9472915c94d84e1960570c111d83c7f6d2af49af7"}
tx 94/100: nonce=0x446 to=0x100000000000000000000000000000000000005f response={"jsonrpc":"2.0","id":95,"result":"0x733a7dcf2580c3af2527c8fe40e6d2df66e32fd212e7878728f4293b02abdd1d"}
tx 95/100: nonce=0x447 to=0x1000000000000000000000000000000000000060 response={"jsonrpc":"2.0","id":96,"result":"0x945d67ee1979e47deba0dd5fa463d52cc3059d78df923b71bb9515872fb140c9"}
tx 96/100: nonce=0x448 to=0x1000000000000000000000000000000000000061 response={"jsonrpc":"2.0","id":97,"result":"0x4bfb6655eb999f64ca7c305ca6fe8aeab7ba3bc9e646263f3f67226878825b5f"}
tx 97/100: nonce=0x449 to=0x1000000000000000000000000000000000000062 response={"jsonrpc":"2.0","id":98,"result":"0xca8fe90c809cf0192334e83269ce980f3bf5e4b62a4fe6985f8e1b6e393a56b0"}
tx 98/100: nonce=0x44a to=0x1000000000000000000000000000000000000063 response={"jsonrpc":"2.0","id":99,"result":"0xb624d34947467ca05e98c9a2ecc1fb2592df4b9f70daf7ed97391b9a30536638"}
tx 99/100: nonce=0x44b to=0x1000000000000000000000000000000000000064 response={"jsonrpc":"2.0","id":100,"result":"0x1dccefebc59ea3cd74350975c527893b797a1207d8c19a974405a66f3f349d50"}
Done. Check pending txs with:
curl -s -H 'Content-Type: application/json' --data '{"jsonrpc":"2.0","method":"txpool_status","params":[],"id":1}' http://127.0.0.1:8545
Sending 100 txs from 0x92424e4f86201c931ba53eb48619d93244c18e13 via http://127.0.0.1:8545, base_nonce=1100, to_mode=sequential
tx 0/100: nonce=0x44c to=0x1000000000000000000000000000000000000001 response={"jsonrpc":"2.0","id":1,"result":"0xfe97d259d137307bb564a52ef4b04e8cab3ff6b9199de21025359a6007fb2563"}
tx 1/100: nonce=0x44d to=0x1000000000000000000000000000000000000002 response={"jsonrpc":"2.0","id":2,"result":"0xc3aaa6a861cd528ace5729dacfd81cde1aceb0a261e3f00921f79673a07cbfc2"}
tx 2/100: nonce=0x44e to=0x1000000000000000000000000000000000000003 response={"jsonrpc":"2.0","id":3,"result":"0xcb58c6790ae28692b9684f9d04f80d8ec174fb8d1b3e2798a89e3fc2cdcc27d5"}
tx 3/100: nonce=0x44f to=0x1000000000000000000000000000000000000004 response={"jsonrpc":"2.0","id":4,"result":"0x1d90769ec07d234b6d017e266f9c7b1f49dc865e33434cb772bdd00c0c1bfe99"}
tx 4/100: nonce=0x450 to=0x1000000000000000000000000000000000000005 response={"jsonrpc":"2.0","id":5,"result":"0xe48f29e05d7fde7278605a5491974fe502f43bb288c49fc33b58189b66be4990"}
tx 5/100: nonce=0x451 to=0x1000000000000000000000000000000000000006 response={"jsonrpc":"2.0","id":6,"result":"0xaa413cb78f6ff62c6575297057154d86bba2489bfc8929e327821b0efe8cdffa"}
tx 6/100: nonce=0x452 to=0x1000000000000000000000000000000000000007 response={"jsonrpc":"2.0","id":7,"result":"0x14b2d16071705f2680dade2b95fc59311788c614f42f547b136e1c2d3fc9b2d9"}
tx 7/100: nonce=0x453 to=0x1000000000000000000000000000000000000008 response={"jsonrpc":"2.0","id":8,"result":"0x829efa97d0e889e362117844f5bdfef5f69aef2aaef6ad8159bfefae986adfe5"}
tx 8/100: nonce=0x454 to=0x1000000000000000000000000000000000000009 response={"jsonrpc":"2.0","id":9,"result":"0x541913b676962b9dbebae82035f35c10a695a795115204fbbd335fc81a739730"}
tx 9/100: nonce=0x455 to=0x100000000000000000000000000000000000000a response={"jsonrpc":"2.0","id":10,"result":"0xdbebf5f13cd7c49464fb20bd0b1f3d46b23ea7e21d3eae7e5d9898e68c3ad8b0"}
tx 10/100: nonce=0x456 to=0x100000000000000000000000000000000000000b response={"jsonrpc":"2.0","id":11,"result":"0xfabc1851f179e467fe522c3a98b6add2ff6fe808be2742573fdaae0fcbacdf6e"}
tx 11/100: nonce=0x457 to=0x100000000000000000000000000000000000000c response={"jsonrpc":"2.0","id":12,"result":"0xc398177b8e62aeff24bb5b0eceac3f736bc463283295b92872882d2ff5a53d13"}
tx 12/100: nonce=0x458 to=0x100000000000000000000000000000000000000d response={"jsonrpc":"2.0","id":13,"result":"0x256fcfd5fc1687ea01dba4dd57c36bc455c834f4c62d09311db407ae0b562539"}
tx 13/100: nonce=0x459 to=0x100000000000000000000000000000000000000e response={"jsonrpc":"2.0","id":14,"result":"0xf639b23231bdf965ed406e5de9543b10fbb12cc246707536c20439a9bb522e33"}
tx 14/100: nonce=0x45a to=0x100000000000000000000000000000000000000f response={"jsonrpc":"2.0","id":15,"result":"0x950620ad801e63c2a840f5df8a913701c0da16c8076714e94a752ca994252ea7"}
tx 15/100: nonce=0x45b to=0x1000000000000000000000000000000000000010 response={"jsonrpc":"2.0","id":16,"result":"0xc59938e6fdf4532546b2e37fd8469bcae2c89bcea851d8fe03215150c6607899"}
tx 16/100: nonce=0x45c to=0x1000000000000000000000000000000000000011 response={"jsonrpc":"2.0","id":17,"result":"0xba7adb3acd26d0141198b8e1cc7ce92882b5f770b328398597f20ca837379a5d"}
tx 17/100: nonce=0x45d to=0x1000000000000000000000000000000000000012 response={"jsonrpc":"2.0","id":18,"result":"0x2c1a6284796e108597641039e47c472260678152453aae3e96ba47ec4160647f"}
tx 18/100: nonce=0x45e to=0x1000000000000000000000000000000000000013 response={"jsonrpc":"2.0","id":19,"result":"0xd6e4551a4ccffeb82eb65c9f18fd53816cc6edf17f354ebaad5edb0d9365bbee"}
tx 19/100: nonce=0x45f to=0x1000000000000000000000000000000000000014 response={"jsonrpc":"2.0","id":20,"result":"0xe1b0d3a672676a7c1f160e81fdcf06a11c6ce467d762becac8c8bea93cae3c94"}
tx 20/100: nonce=0x460 to=0x1000000000000000000000000000000000000015 response={"jsonrpc":"2.0","id":21,"result":"0x348d5f86f641308bdc533d3cc2a9616023d53742870ec18e47164176e25806df"}
tx 21/100: nonce=0x461 to=0x1000000000000000000000000000000000000016 response={"jsonrpc":"2.0","id":22,"result":"0xc24af733747ce49e5dd20c23426ffd94ab59627dccb9ee88286edc59e1cee96f"}
tx 22/100: nonce=0x462 to=0x1000000000000000000000000000000000000017 response={"jsonrpc":"2.0","id":23,"result":"0x862d37311fc9d8a81e198bf038a1d055938de02949f4ca6f36cc572c5f346250"}
tx 23/100: nonce=0x463 to=0x1000000000000000000000000000000000000018 response={"jsonrpc":"2.0","id":24,"result":"0xf235b1d49d0154e5342bc7f860bb9c71ad40a2dc14c7c28a8dc85eb5f2e423cd"}
tx 24/100: nonce=0x464 to=0x1000000000000000000000000000000000000019 response={"jsonrpc":"2.0","id":25,"result":"0x2f917d6767c149aebbe453fcb7116f1667e102d8abe7747fd52d8ba15f8fe56d"}
tx 25/100: nonce=0x465 to=0x100000000000000000000000000000000000001a response={"jsonrpc":"2.0","id":26,"result":"0xde9c9e93cc92952e553fc480991d3b76b2fb9f3dabaac1155601c36459a135bb"}
tx 26/100: nonce=0x466 to=0x100000000000000000000000000000000000001b response={"jsonrpc":"2.0","id":27,"result":"0x9b8efe859707eda2570c85bbe4f9e36e50d95664ac32babee71693d4070bfdcb"}
tx 27/100: nonce=0x467 to=0x100000000000000000000000000000000000001c response={"jsonrpc":"2.0","id":28,"result":"0x63116d2f077e0a8015a3586fda1af9688e5c7d38856e6130db987a89af92ee76"}
tx 28/100: nonce=0x468 to=0x100000000000000000000000000000000000001d response={"jsonrpc":"2.0","id":29,"result":"0x56a1feb551b0289f8107d72530ecfc564c6fe54abed60b7d617b46672a03b58a"}
tx 29/100: nonce=0x469 to=0x100000000000000000000000000000000000001e response={"jsonrpc":"2.0","id":30,"result":"0x4987cf489cf086c881812b00933507e91bf72b0e3e8bf424c5f4c385c78d5ffe"}
tx 30/100: nonce=0x46a to=0x100000000000000000000000000000000000001f response={"jsonrpc":"2.0","id":31,"result":"0x739f839cf4b8c2002d421374849f27901b3a217cf3d20211671959ab719c1b12"}
tx 31/100: nonce=0x46b to=0x1000000000000000000000000000000000000020 response={"jsonrpc":"2.0","id":32,"result":"0x13fe0df5cd57a4ff999e1b92c8e204391ff5b1587774d92d3eddd9d9f738ca4a"}
tx 32/100: nonce=0x46c to=0x1000000000000000000000000000000000000021 response={"jsonrpc":"2.0","id":33,"result":"0xb791f31aa67285f58b2de1cd6988c82e232c1962c6a7fb48ca0f9d66ec55dcd3"}
tx 33/100: nonce=0x46d to=0x1000000000000000000000000000000000000022 response={"jsonrpc":"2.0","id":34,"result":"0x035feaffac3f68db6f2cd3e1ac921fca36c7b79dd91d7504e9bb3d837b43b55f"}
tx 34/100: nonce=0x46e to=0x1000000000000000000000000000000000000023 response={"jsonrpc":"2.0","id":35,"result":"0x2d89dd1a1e0ff093daab76ae18ec7989515360be631713223d844694b1cf2f71"}
tx 35/100: nonce=0x46f to=0x1000000000000000000000000000000000000024 response={"jsonrpc":"2.0","id":36,"result":"0x8872c985f9973c100b38b07451892f09b93f44f040a018396daab624e75b1329"}
tx 36/100: nonce=0x470 to=0x1000000000000000000000000000000000000025 response={"jsonrpc":"2.0","id":37,"result":"0xbb61a20a79c4ddaa77b7e08c97b8a94d248156a4e39c41ae68ca879e6a32cafa"}
tx 37/100: nonce=0x471 to=0x1000000000000000000000000000000000000026 response={"jsonrpc":"2.0","id":38,"result":"0x3f818b28b56958a390ba5676075886104ffca6afafa1b61c63d6eb9638e3dea9"}
tx 38/100: nonce=0x472 to=0x1000000000000000000000000000000000000027 response={"jsonrpc":"2.0","id":39,"result":"0xe279bacf25a38ceb0974ed1cf910760b7f507655a6a51fd84d3dd7135ce31322"}
tx 39/100: nonce=0x473 to=0x1000000000000000000000000000000000000028 response={"jsonrpc":"2.0","id":40,"result":"0x3e17b3dbf12b24bc16aa139ae210d49afa7725d11ebf7b71de6ee708bfc32fd5"}
tx 40/100: nonce=0x474 to=0x1000000000000000000000000000000000000029 response={"jsonrpc":"2.0","id":41,"result":"0xa781f9f950448eaa66d32ce509fc84b0e8efde37d206837c8315048fbe513409"}
tx 41/100: nonce=0x475 to=0x100000000000000000000000000000000000002a response={"jsonrpc":"2.0","id":42,"result":"0x797453c0d17d271c1650a6479070adda298366856370a47cbe51a1eb9dc81297"}
tx 42/100: nonce=0x476 to=0x100000000000000000000000000000000000002b response={"jsonrpc":"2.0","id":43,"result":"0x646157016ec61e0aba03c8a5e30e4fb7f48f88d093fbad13018cb3ecb82fcb45"}
tx 43/100: nonce=0x477 to=0x100000000000000000000000000000000000002c response={"jsonrpc":"2.0","id":44,"result":"0x0b5a354d4ff203c5e820e38314cf1ba5444ac07cee70e0ff545f3ffe124ab74f"}
tx 44/100: nonce=0x478 to=0x100000000000000000000000000000000000002d response={"jsonrpc":"2.0","id":45,"result":"0xfe413a1c84901d904a3169f0f9e6dc9ff246e6c64816107c5c2b031b736471e6"}
tx 45/100: nonce=0x479 to=0x100000000000000000000000000000000000002e response={"jsonrpc":"2.0","id":46,"result":"0x3fe8f826f943d30050f2929bdecde889dd26cd9f305017203cc137f07394ebf4"}
tx 46/100: nonce=0x47a to=0x100000000000000000000000000000000000002f response={"jsonrpc":"2.0","id":47,"result":"0x96e8498d8cd9a9ed7ffd3697b33e71da43798bfb21fe457a48f52334243e5e65"}
tx 47/100: nonce=0x47b to=0x1000000000000000000000000000000000000030 response={"jsonrpc":"2.0","id":48,"result":"0xe5d0b9e53af5282cb9671dcb88751b6dedf25c127d7f1d498aff4d085caa97de"}
tx 48/100: nonce=0x47c to=0x1000000000000000000000000000000000000031 response={"jsonrpc":"2.0","id":49,"result":"0x810bb365b9429856c3ad432505e29b02ee6a13b614db07bca6cd9c469a36e22e"}
tx 49/100: nonce=0x47d to=0x1000000000000000000000000000000000000032 response={"jsonrpc":"2.0","id":50,"result":"0xda763ac98f087c245ef7e9b20c9e29499b8b6938822275c290af06586a7707cf"}
tx 50/100: nonce=0x47e to=0x1000000000000000000000000000000000000033 response={"jsonrpc":"2.0","id":51,"result":"0xcb5136649ce56e61c42c085e9809191b2fd7f1e1675546d60c334fe8149652a5"}
tx 51/100: nonce=0x47f to=0x1000000000000000000000000000000000000034 response={"jsonrpc":"2.0","id":52,"result":"0xd6e102cb4e4ac5c2658044d7cbd23fc2ee60ad7d57639de0a11c12c2e740dc03"}
tx 52/100: nonce=0x480 to=0x1000000000000000000000000000000000000035 response={"jsonrpc":"2.0","id":53,"result":"0xffc0edd1be8c6d188a86b4ada2367b9df3f18ad7e79b3f46dea60092058271fe"}
tx 53/100: nonce=0x481 to=0x1000000000000000000000000000000000000036 response={"jsonrpc":"2.0","id":54,"result":"0xe68017284f472e273f35ca98e4d7819b95c6fff060f86cf257213bf70c5d437e"}
tx 54/100: nonce=0x482 to=0x1000000000000000000000000000000000000037 response={"jsonrpc":"2.0","id":55,"result":"0x7b7c248353d146a0c86b413edf0f4bdc1db66766d2c014fc08f3be6db9dd52a0"}
tx 55/100: nonce=0x483 to=0x1000000000000000000000000000000000000038 response={"jsonrpc":"2.0","id":56,"result":"0x0fd736800a36f1dd49e2d727395524a1942ba0217a3efd9ad79f827334109858"}
tx 56/100: nonce=0x484 to=0x1000000000000000000000000000000000000039 response={"jsonrpc":"2.0","id":57,"result":"0x13a602e6abc1e8fe64ec6d645c2d38e45627cf202b96b9fee5f0a82bafcd1f9c"}
tx 57/100: nonce=0x485 to=0x100000000000000000000000000000000000003a response={"jsonrpc":"2.0","id":58,"result":"0x00e5f2f492255b74fbec3a6a0815715156585467a567d2761e75ab47e83f2901"}
tx 58/100: nonce=0x486 to=0x100000000000000000000000000000000000003b response={"jsonrpc":"2.0","id":59,"result":"0x62d478ead6f798a06ec6671e0534f6837dc56876172c9b9c437c28281b96e84b"}
tx 59/100: nonce=0x487 to=0x100000000000000000000000000000000000003c response={"jsonrpc":"2.0","id":60,"result":"0x3b0ac6edff30e03cc873dd484530b1b8391efc929b8e7e924b274dbe5a6afaa6"}
tx 60/100: nonce=0x488 to=0x100000000000000000000000000000000000003d response={"jsonrpc":"2.0","id":61,"result":"0x7209fb449bd653b58d028050c7e448d13fa5867a2e9c62041ddbc6107a8e72a0"}
tx 61/100: nonce=0x489 to=0x100000000000000000000000000000000000003e response={"jsonrpc":"2.0","id":62,"result":"0xf74c0a98e2adf876bc9580009a94c774e113d9d0be85d1f6eb17c262d28e04c7"}
tx 62/100: nonce=0x48a to=0x100000000000000000000000000000000000003f response={"jsonrpc":"2.0","id":63,"result":"0x3f3f8a0f8053bbb8714f6961d50da155c460fe4ecf85ed40021205cd9b2f6fee"}
tx 63/100: nonce=0x48b to=0x1000000000000000000000000000000000000040 response={"jsonrpc":"2.0","id":64,"result":"0x5775769bf4fbc7355683e2cc424773e74efe16243a16cc01da4e8575ec99ea2f"}
tx 64/100: nonce=0x48c to=0x1000000000000000000000000000000000000041 response={"jsonrpc":"2.0","id":65,"result":"0x782becb26550fbf24fe8df6325bcb382fbe6078b98403a4a8b7a3472ffc68f4c"}
tx 65/100: nonce=0x48d to=0x1000000000000000000000000000000000000042 response={"jsonrpc":"2.0","id":66,"result":"0xe22e43778a6b97a9036b3535bbe04bf47b06be1ccb51819a60ca98be7fb73250"}
tx 66/100: nonce=0x48e to=0x1000000000000000000000000000000000000043 response={"jsonrpc":"2.0","id":67,"result":"0x72e27b3c722c404d03b4670966b012cd358504f9aa7c614b09a777077b11c1c1"}
tx 67/100: nonce=0x48f to=0x1000000000000000000000000000000000000044 response={"jsonrpc":"2.0","id":68,"result":"0x641488bc1e552db8469591ebdfdac563b7b73a59a084d336a6b67409f6d26c6c"}
tx 68/100: nonce=0x490 to=0x1000000000000000000000000000000000000045 response={"jsonrpc":"2.0","id":69,"result":"0x51262527ad34d8b1fd2e1b396856c67ee6596c0df255a15e436a5dbce4ae7978"}
tx 69/100: nonce=0x491 to=0x1000000000000000000000000000000000000046 response={"jsonrpc":"2.0","id":70,"result":"0xe83d31010f3722c20fd10b91a01d6877ca977aac254eb730ee31074640bf0cb3"}
tx 70/100: nonce=0x492 to=0x1000000000000000000000000000000000000047 response={"jsonrpc":"2.0","id":71,"result":"0xa6c6590870c3f9f10c51c30e72482787dc07e5d8990afd665bf87246b3e9bee5"}
tx 71/100: nonce=0x493 to=0x1000000000000000000000000000000000000048 response={"jsonrpc":"2.0","id":72,"result":"0x5ddd385701841ba304029acd0c85435bf44dd34a68d637d36086c8c91be445b9"}
tx 72/100: nonce=0x494 to=0x1000000000000000000000000000000000000049 response={"jsonrpc":"2.0","id":73,"result":"0xd186dda383d4076adcf7bd09195d5123f5f311d4aaa4ef4de384ff3d4a3fb505"}
tx 73/100: nonce=0x495 to=0x100000000000000000000000000000000000004a response={"jsonrpc":"2.0","id":74,"result":"0xddfd053f087c751d67748abaae490022f375dfdd77e2579cd85ceba1afc7be82"}
tx 74/100: nonce=0x496 to=0x100000000000000000000000000000000000004b response={"jsonrpc":"2.0","id":75,"result":"0xea5feb8b3a0d01a9dbe30c3c150b62bfa3a30380a1c908c2a5324f181759511e"}
tx 75/100: nonce=0x497 to=0x100000000000000000000000000000000000004c response={"jsonrpc":"2.0","id":76,"result":"0xd0b6dd9752cbc8d4e52d98eeff7d920c5f026d040ec439928bc537aed41825c7"}
tx 76/100: nonce=0x498 to=0x100000000000000000000000000000000000004d response={"jsonrpc":"2.0","id":77,"result":"0x99a85c180479146fe52a9d0b2b9ce9ee6fafa53cacc7e6b20daf768b826a255a"}
tx 77/100: nonce=0x499 to=0x100000000000000000000000000000000000004e response={"jsonrpc":"2.0","id":78,"result":"0x978450ebb8fc59df1e371a640fc5e3781f0c00f95b29234a9da0e03de184981a"}
tx 78/100: nonce=0x49a to=0x100000000000000000000000000000000000004f response={"jsonrpc":"2.0","id":79,"result":"0x90b638b3e9481d486e316cd68084f7971879511c24360e2c297767389fc873b9"}
tx 79/100: nonce=0x49b to=0x1000000000000000000000000000000000000050 response={"jsonrpc":"2.0","id":80,"result":"0x45f6e1929542f58edd6d6a1f986ed25939a3211c4eb018973cba6b6a63755e50"}
tx 80/100: nonce=0x49c to=0x1000000000000000000000000000000000000051 response={"jsonrpc":"2.0","id":81,"result":"0x932b6200ade59c2823fe2a9dffa07a60c5c81b9db548dbd66a59f0967978cf5c"}
tx 81/100: nonce=0x49d to=0x1000000000000000000000000000000000000052 response={"jsonrpc":"2.0","id":82,"result":"0xc7ef1cbc648101bfa16ad0c55cd37e9e66e24e090dbf5e87691cc7a0dec3b5fd"}
tx 82/100: nonce=0x49e to=0x1000000000000000000000000000000000000053 response={"jsonrpc":"2.0","id":83,"result":"0xd6afe68ab4bda503fa67bb86c6a0aa9fabfec5d2ad014f7d2999dd3c335ae440"}
tx 83/100: nonce=0x49f to=0x1000000000000000000000000000000000000054 response={"jsonrpc":"2.0","id":84,"result":"0xbcacb174336f8c7d36e3b300dd70c77950839efeddf8cb4f2f1a9ca7b8091380"}
tx 84/100: nonce=0x4a0 to=0x1000000000000000000000000000000000000055 response={"jsonrpc":"2.0","id":85,"result":"0xb39123b2b99a1ad8a4003bdf1f03b63e255d27d0f358174073c291ea903b763f"}
tx 85/100: nonce=0x4a1 to=0x1000000000000000000000000000000000000056 response={"jsonrpc":"2.0","id":86,"result":"0x78ce675104ef561267496df70f2d04ef2d41bc15411a4e2de088c85f916ace33"}
tx 86/100: nonce=0x4a2 to=0x1000000000000000000000000000000000000057 response={"jsonrpc":"2.0","id":87,"result":"0xe3d364a7e7275b988df6d0f7d353de049b3f4c1b263e3a73e2503887ac625f33"}
tx 87/100: nonce=0x4a3 to=0x1000000000000000000000000000000000000058 response={"jsonrpc":"2.0","id":88,"result":"0x3ab6373d9b0b5f4b24f49e939b31f715b2fa1163ecc95931fbdab1e0c8cdc06e"}
tx 88/100: nonce=0x4a4 to=0x1000000000000000000000000000000000000059 response={"jsonrpc":"2.0","id":89,"result":"0x269fbb72c0549f4cf53338c0910d7e3f01a688c62ca1ebff72e56bd52fd1f084"}
tx 89/100: nonce=0x4a5 to=0x100000000000000000000000000000000000005a response={"jsonrpc":"2.0","id":90,"result":"0x569d7799c04b55a779d4fe40226af2430a3c9bc61d337aafb62541daf4776141"}
tx 90/100: nonce=0x4a6 to=0x100000000000000000000000000000000000005b response={"jsonrpc":"2.0","id":91,"result":"0x915706db138bcaa6b598dfeadb2fb726426a8e0df9c2968aa5958fab00b3e91d"}
tx 91/100: nonce=0x4a7 to=0x100000000000000000000000000000000000005c response={"jsonrpc":"2.0","id":92,"result":"0x3ac55ebede34a4d92d37e66420fe58d996ab40ba65cfb96c5aa6511f1e52bf5f"}
tx 92/100: nonce=0x4a8 to=0x100000000000000000000000000000000000005d response={"jsonrpc":"2.0","id":93,"result":"0xdc2d5f7581f0abaeb7e13a878d6b7062c38241f34806e2345ee4bc14bd1d1cfb"}
tx 93/100: nonce=0x4a9 to=0x100000000000000000000000000000000000005e response={"jsonrpc":"2.0","id":94,"result":"0x6328f4fd519c7e3b99acaf2e26507a517641c0214dad94f3cf960c4dcac36ee5"}
tx 94/100: nonce=0x4aa to=0x100000000000000000000000000000000000005f response={"jsonrpc":"2.0","id":95,"result":"0x49d91e55d6a8a43db49c2d0f71300848613adc5980a7e63af5893b7e26ef6765"}
tx 95/100: nonce=0x4ab to=0x1000000000000000000000000000000000000060 response={"jsonrpc":"2.0","id":96,"result":"0xb7ff34bb938063082e7941de612e7dd98e039dd87112b0a1d6a004a78b613e89"}
tx 96/100: nonce=0x4ac to=0x1000000000000000000000000000000000000061 response={"jsonrpc":"2.0","id":97,"result":"0x7c13d2b2c00f961cd060ada25de06334dec51cb107f71f07901855ce7ff5316b"}
tx 97/100: nonce=0x4ad to=0x1000000000000000000000000000000000000062 response={"jsonrpc":"2.0","id":98,"result":"0x13bc9f305489a9d0b3dad168d804693c5a410a88ccac6b6bf69a9f5af058a34d"}
tx 98/100: nonce=0x4ae to=0x1000000000000000000000000000000000000063 response={"jsonrpc":"2.0","id":99,"result":"0x04a1ee2877178f7f14e2833b405dc79d8b5b614af332a2807443d0d309e6dc70"}
tx 99/100: nonce=0x4af to=0x1000000000000000000000000000000000000064 response={"jsonrpc":"2.0","id":100,"result":"0x4911518925472a37886594c3284074a26ef9a8af48d0a870b88d1acb520202ce"}
Done. Check pending txs with:
curl -s -H 'Content-Type: application/json' --data '{"jsonrpc":"2.0","method":"txpool_status","params":[],"id":1}' http://127.0.0.1:8545
Sending 100 txs from 0x92424e4f86201c931ba53eb48619d93244c18e13 via http://127.0.0.1:8545, base_nonce=1200, to_mode=sequential
tx 0/100: nonce=0x4b0 to=0x1000000000000000000000000000000000000001 response={"jsonrpc":"2.0","id":1,"result":"0xb996aa69d0a8d0aafbc019787c4a63025db0a6f5ff1d430d30ba878f10539201"}
tx 1/100: nonce=0x4b1 to=0x1000000000000000000000000000000000000002 response={"jsonrpc":"2.0","id":2,"result":"0x733eee7c440922a4519590e7aa59d1eb54069e733c1450c03834c90c2cb33429"}
tx 2/100: nonce=0x4b2 to=0x1000000000000000000000000000000000000003 response={"jsonrpc":"2.0","id":3,"result":"0x19edc780c2b2a30b5f0dc81006b075c3a2b752855e8f80069e9f510871bd935a"}
tx 3/100: nonce=0x4b3 to=0x1000000000000000000000000000000000000004 response={"jsonrpc":"2.0","id":4,"result":"0x333da5e686182661d4002cc3ef0a0082a612ecf0ebdc927c48f6e998b09408ae"}
tx 4/100: nonce=0x4b4 to=0x1000000000000000000000000000000000000005 response={"jsonrpc":"2.0","id":5,"result":"0xda5c4355aa7157ddfb2fd71e391605e85415babd3d3489898662449597bb87cf"}
tx 5/100: nonce=0x4b5 to=0x1000000000000000000000000000000000000006 response={"jsonrpc":"2.0","id":6,"result":"0x94838ee0983710cc152d1b7f5e2d37399a4a5fed7462a3e7208bbfdcbf7dd40d"}
tx 6/100: nonce=0x4b6 to=0x1000000000000000000000000000000000000007 response={"jsonrpc":"2.0","id":7,"result":"0x0f3cfdd54929a41480eee161cc6bad3469f550691f2a94bb4a91f3a4fced9fcd"}
tx 7/100: nonce=0x4b7 to=0x1000000000000000000000000000000000000008 response={"jsonrpc":"2.0","id":8,"result":"0xd7d5d2bde82a5027fd66cce96c8f6d923a3f04bcab008bdacb46cd15795bbcfe"}
tx 8/100: nonce=0x4b8 to=0x1000000000000000000000000000000000000009 response={"jsonrpc":"2.0","id":9,"result":"0x65630380132872a5c7ee88e69242b85ad037e03e427af5920c84a0b6a897fdfe"}
tx 9/100: nonce=0x4b9 to=0x100000000000000000000000000000000000000a response={"jsonrpc":"2.0","id":10,"result":"0x42bb62965240bbc75dccd0c85a082a419de8b21510deefde74b251c48bc7bfab"}
tx 10/100: nonce=0x4ba to=0x100000000000000000000000000000000000000b response={"jsonrpc":"2.0","id":11,"result":"0x09b63b82c0176f271268ec6ed4233c5dc536f3dab8a52f401d267509844129fe"}
tx 11/100: nonce=0x4bb to=0x100000000000000000000000000000000000000c response={"jsonrpc":"2.0","id":12,"result":"0xaee0353023ca333a700a4b12069a691bfb778091afae30c2b88e70eb8ac81bd1"}
tx 12/100: nonce=0x4bc to=0x100000000000000000000000000000000000000d response={"jsonrpc":"2.0","id":13,"result":"0xf41ace89e93c5b77aa08462d2a0d20bfc56ae9b7abc0868e41ba765bdbbda0a4"}
tx 13/100: nonce=0x4bd to=0x100000000000000000000000000000000000000e response={"jsonrpc":"2.0","id":14,"result":"0x1b2fece759212bd6210c62aa1d1f20a5bc879cb583a96f7fe9e065a9b1ad9d98"}
tx 14/100: nonce=0x4be to=0x100000000000000000000000000000000000000f response={"jsonrpc":"2.0","id":15,"result":"0x9a6e0705ab26b0729c8212b493f9c41de6d6d40c1b5037f820c9c8d9f0be55b8"}
tx 15/100: nonce=0x4bf to=0x1000000000000000000000000000000000000010 response={"jsonrpc":"2.0","id":16,"result":"0x5165a2a2d342b0e9fbc8d890eb2beec898d24d18be3bcdbbccb4f25a04cfc077"}
tx 16/100: nonce=0x4c0 to=0x1000000000000000000000000000000000000011 response={"jsonrpc":"2.0","id":17,"result":"0x31ef2ea6fe92a333fe73ce5cf34535166699e3c271a349f638ea8271957cfe7d"}
tx 17/100: nonce=0x4c1 to=0x1000000000000000000000000000000000000012 response={"jsonrpc":"2.0","id":18,"result":"0x1a2b3180a51eff0fee5e170ce5f490a93afc0208bc6d9f259d35cb83aec32db7"}
tx 18/100: nonce=0x4c2 to=0x1000000000000000000000000000000000000013 response={"jsonrpc":"2.0","id":19,"result":"0xfffc15ad1d104751c8b4484cbf23dd45f2b8b791f6fe155330dd200e984a6cdc"}
tx 19/100: nonce=0x4c3 to=0x1000000000000000000000000000000000000014 response={"jsonrpc":"2.0","id":20,"result":"0x5c28b44c3e19e2ee0205751d0c04b7e1a4104251af124804029c3e9f38a913e7"}
tx 20/100: nonce=0x4c4 to=0x1000000000000000000000000000000000000015 response={"jsonrpc":"2.0","id":21,"result":"0x1be7989375677fdcadabfa5432444c56b165774fc76fe611e9e72507f9c4ca0f"}
tx 21/100: nonce=0x4c5 to=0x1000000000000000000000000000000000000016 response={"jsonrpc":"2.0","id":22,"result":"0x2bbb7fa98dddc3bcc1ba2066bdfc19f9c09818b55b43e8453c808d276e0f981a"}
tx 22/100: nonce=0x4c6 to=0x1000000000000000000000000000000000000017 response={"jsonrpc":"2.0","id":23,"result":"0xcbfc4b9dfcf9846410da05e851aa72f8f682544b6305f88177b3ce6d759cc7a2"}
tx 23/100: nonce=0x4c7 to=0x1000000000000000000000000000000000000018 response={"jsonrpc":"2.0","id":24,"result":"0x4be11299f2c9adc3063a02c5a7b39978f819ab7000ccb9798b390cd6bb4b1bc0"}
tx 24/100: nonce=0x4c8 to=0x1000000000000000000000000000000000000019 response={"jsonrpc":"2.0","id":25,"result":"0xcbc090a4a4c563704d77024ea1ca44414274bbc788214265b1238609c69403aa"}
tx 25/100: nonce=0x4c9 to=0x100000000000000000000000000000000000001a response={"jsonrpc":"2.0","id":26,"result":"0x4e5403f3735d69a56b661f25db48117b484f3da678b6796915422526b8eda7dc"}
tx 26/100: nonce=0x4ca to=0x100000000000000000000000000000000000001b response={"jsonrpc":"2.0","id":27,"result":"0x7c75655b92726ea7fd1faff6bcf3a49872f6be6c9452327b97b48bad2c576a7d"}
tx 27/100: nonce=0x4cb to=0x100000000000000000000000000000000000001c response={"jsonrpc":"2.0","id":28,"result":"0x64256df248e4ff210ed94d5c293cdb0ad82e7f2ad1f795d904263821b9b808bb"}
tx 28/100: nonce=0x4cc to=0x100000000000000000000000000000000000001d response={"jsonrpc":"2.0","id":29,"result":"0x19e29c8d5711614a8e556089ce8952a6331da60d8c36bf136dbb7c6d843b5d4b"}
tx 29/100: nonce=0x4cd to=0x100000000000000000000000000000000000001e response={"jsonrpc":"2.0","id":30,"result":"0x477b753427698a47140bf9bee975438b7d8ebbe97b8bbb72bdce06ef0b99b462"}
tx 30/100: nonce=0x4ce to=0x100000000000000000000000000000000000001f response={"jsonrpc":"2.0","id":31,"result":"0xfa0148361bdc84dc5a21b6b38d69dcd7f8cbbaa2b06c183db3fa37e53e9b980a"}
tx 31/100: nonce=0x4cf to=0x1000000000000000000000000000000000000020 response={"jsonrpc":"2.0","id":32,"result":"0x88b8f3bb755194d9e6706d5d546327b10b132a999b79f1fe6db610c3b8cd7dd0"}
tx 32/100: nonce=0x4d0 to=0x1000000000000000000000000000000000000021 response={"jsonrpc":"2.0","id":33,"result":"0xfc57c2aca4127bc46e8b5de339fa41791c36096e41251a3df39893576bde0b28"}
tx 33/100: nonce=0x4d1 to=0x1000000000000000000000000000000000000022 response={"jsonrpc":"2.0","id":34,"result":"0x33a0317e1a96ef90f98337a917e2cb5c1aedd45a8d5848f696f8d7d0782504a1"}
tx 34/100: nonce=0x4d2 to=0x1000000000000000000000000000000000000023 response={"jsonrpc":"2.0","id":35,"result":"0x3f5a45307f0d5a062072eb21666be6bb689ac0c91bb453e558f0ddf9180149f3"}
tx 35/100: nonce=0x4d3 to=0x1000000000000000000000000000000000000024 response={"jsonrpc":"2.0","id":36,"result":"0x213f033f649bac320fab0b20e484f2052311839818da39d90fd231ae510dcecd"}
tx 36/100: nonce=0x4d4 to=0x1000000000000000000000000000000000000025 response={"jsonrpc":"2.0","id":37,"result":"0x28ea5adb3495f9e429ecb53cf3e45e9ad9ded52f170c200a99299c671bf785fa"}
tx 37/100: nonce=0x4d5 to=0x1000000000000000000000000000000000000026 response={"jsonrpc":"2.0","id":38,"result":"0x79ca4217a75b25e3ac5bd68bd2b1af51170e99b49d32586e9157bf54588dea9d"}
tx 38/100: nonce=0x4d6 to=0x1000000000000000000000000000000000000027 response={"jsonrpc":"2.0","id":39,"result":"0xf3faf9ca1e749f439d17d9af62cf4b40bb85c64a00c5122f85a7dc98787ee121"}
tx 39/100: nonce=0x4d7 to=0x1000000000000000000000000000000000000028 response={"jsonrpc":"2.0","id":40,"result":"0xd432e8b94021999cc184555a73ade9916cb72e0e5d76caccfde83469290314cc"}
tx 40/100: nonce=0x4d8 to=0x1000000000000000000000000000000000000029 response={"jsonrpc":"2.0","id":41,"result":"0xc4dec749bd686bced7a8e191e2295bbb9d068f22b13182e767878360de7bf01f"}
tx 41/100: nonce=0x4d9 to=0x100000000000000000000000000000000000002a response={"jsonrpc":"2.0","id":42,"result":"0x0e231c37d68cefe7780f6e37d8901a393fb40f1735200d5a9adcebd1f449a301"}
tx 42/100: nonce=0x4da to=0x100000000000000000000000000000000000002b response={"jsonrpc":"2.0","id":43,"result":"0xf82053aa1cbc8a9500e0a6f19eee62ce6d3380ee24f20d1634f8db4d802e13ca"}
tx 43/100: nonce=0x4db to=0x100000000000000000000000000000000000002c response={"jsonrpc":"2.0","id":44,"result":"0xfb4d56bf2f4583ff83fde56006d0551c33756de107dedfafa8d3d150810ebc59"}
tx 44/100: nonce=0x4dc to=0x100000000000000000000000000000000000002d response={"jsonrpc":"2.0","id":45,"result":"0xef0782e2df45792afbb5397ae4e83a74ace58fe8d1567260f7d8f9a97b53aa94"}
tx 45/100: nonce=0x4dd to=0x100000000000000000000000000000000000002e response={"jsonrpc":"2.0","id":46,"result":"0x75e25443d8599a40e96aa7d0051f9c3a7d6bc46d3026c1861c190f08fdfbf55b"}
tx 46/100: nonce=0x4de to=0x100000000000000000000000000000000000002f response={"jsonrpc":"2.0","id":47,"result":"0x5d9b35b389e4eaedebd0731309ff40327e8d57da4e59f99284468715f923060c"}
tx 47/100: nonce=0x4df to=0x1000000000000000000000000000000000000030 response={"jsonrpc":"2.0","id":48,"result":"0x6efa947b2bee6815c2b5dd69d53b309bfccbb43b062fc0351d37f5ab851a7f99"}
tx 48/100: nonce=0x4e0 to=0x1000000000000000000000000000000000000031 response={"jsonrpc":"2.0","id":49,"result":"0x7ebfa8be7490343e72543fad2ab55b8fc76c265f6e565e0d1cb8a455d85a87a3"}
tx 49/100: nonce=0x4e1 to=0x1000000000000000000000000000000000000032 response={"jsonrpc":"2.0","id":50,"result":"0x98ea7018d14c462a8483ccf33eae8ec45ccba79e5fd0a6c6bdde697b257ec1f2"}
tx 50/100: nonce=0x4e2 to=0x1000000000000000000000000000000000000033 response={"jsonrpc":"2.0","id":51,"result":"0xdf292f6e86ee3212ed908f01ea6c7ee5dff747057e5e458a9354a1932e0979ad"}
tx 51/100: nonce=0x4e3 to=0x1000000000000000000000000000000000000034 response={"jsonrpc":"2.0","id":52,"result":"0x3c2211fd3268ddb2d8a1182f5f655e95aef0b79d9973b62d759824284e593c8d"}
tx 52/100: nonce=0x4e4 to=0x1000000000000000000000000000000000000035 response={"jsonrpc":"2.0","id":53,"result":"0xd9413f55bda3c5324bff680328d8a7e65d93a0e61af640ceb95c5c498bc0eeb3"}
tx 53/100: nonce=0x4e5 to=0x1000000000000000000000000000000000000036 response={"jsonrpc":"2.0","id":54,"result":"0xb989601162f868da012bdc7ad8cec3e7efac82c0445243b1574d00780709cefa"}
tx 54/100: nonce=0x4e6 to=0x1000000000000000000000000000000000000037 response={"jsonrpc":"2.0","id":55,"result":"0x725ffa7f8c71411d6ed377efc9dc9057bb09cd6d39ae23584983db9bf7b581e3"}
tx 55/100: nonce=0x4e7 to=0x1000000000000000000000000000000000000038 response={"jsonrpc":"2.0","id":56,"result":"0x4982f47f9027b7e17f21c77510124c883fa1cba15d734417e00d619ae1832b89"}
tx 56/100: nonce=0x4e8 to=0x1000000000000000000000000000000000000039 response={"jsonrpc":"2.0","id":57,"result":"0xdd05f2228254acccd9f86f54df7ef4b31de3e5da3acc696681349c251a93a874"}
tx 57/100: nonce=0x4e9 to=0x100000000000000000000000000000000000003a response={"jsonrpc":"2.0","id":58,"result":"0x68e75688e44da072956c6efea013d99572552a68b37fdb4a5a56ed5d71e442cd"}
tx 58/100: nonce=0x4ea to=0x100000000000000000000000000000000000003b response={"jsonrpc":"2.0","id":59,"result":"0xb6e69eaa48c3d9a0e411ea523321ae523f058b14d151ead6a9aac378dd04a91c"}
tx 59/100: nonce=0x4eb to=0x100000000000000000000000000000000000003c response={"jsonrpc":"2.0","id":60,"result":"0xd7a4aa8672e21e5c5ec30a5b2eb9d7799aa97b171bc7dd9066f6b4e194322c70"}
tx 60/100: nonce=0x4ec to=0x100000000000000000000000000000000000003d response={"jsonrpc":"2.0","id":61,"result":"0xc4129d103d364511117041778a487451071ab0bd664c6908287203cd2aa56378"}
tx 61/100: nonce=0x4ed to=0x100000000000000000000000000000000000003e response={"jsonrpc":"2.0","id":62,"result":"0x002c0211db33dc1aa398c362ee201662355a4542f88bc0347989a77f859f5c8b"}
tx 62/100: nonce=0x4ee to=0x100000000000000000000000000000000000003f response={"jsonrpc":"2.0","id":63,"result":"0xba5f1b760250eabb72f2c27b190e3fc52ee2ba32430f2f0a3ca08da39b6f9537"}
tx 63/100: nonce=0x4ef to=0x1000000000000000000000000000000000000040 response={"jsonrpc":"2.0","id":64,"result":"0xc168c6d819711328ee6e30e98b1279e43b0125c9d31c2ea1dfb33bb94477118c"}
tx 64/100: nonce=0x4f0 to=0x1000000000000000000000000000000000000041 response={"jsonrpc":"2.0","id":65,"result":"0x1625fbda108d14a433c8e03ca6042f22d182739ef82deb36fb8e52447cb1d4c6"}
tx 65/100: nonce=0x4f1 to=0x1000000000000000000000000000000000000042 response={"jsonrpc":"2.0","id":66,"result":"0xad272a9982a35ff985f8abf81af705fff3e5eee9cfe95e1364d5d2f3cae679c7"}
tx 66/100: nonce=0x4f2 to=0x1000000000000000000000000000000000000043 response={"jsonrpc":"2.0","id":67,"result":"0x5d644169fcd464334658216baa73e41dac6f44490535ce78b461a9a934eac2a6"}
tx 67/100: nonce=0x4f3 to=0x1000000000000000000000000000000000000044 response={"jsonrpc":"2.0","id":68,"result":"0xe18a98df560197ea5cd7b6d63d3edb25fc3a9783e908f690e0258945bbbfe8e1"}
tx 68/100: nonce=0x4f4 to=0x1000000000000000000000000000000000000045 response={"jsonrpc":"2.0","id":69,"result":"0x01b21567ed20bd253592c6d77bbec3dbcb51f5cda9c396a48517e22f5d20e84b"}
tx 69/100: nonce=0x4f5 to=0x1000000000000000000000000000000000000046 response={"jsonrpc":"2.0","id":70,"result":"0xeb4a9e8dc8e30afab306e56ff99a0997f902ca546d81047c71ee50346dd6fb16"}
tx 70/100: nonce=0x4f6 to=0x1000000000000000000000000000000000000047 response={"jsonrpc":"2.0","id":71,"result":"0xb1a1541a021cfeb41f698d3fcdd73e288390969a384fb12d996a504c05a7c472"}
tx 71/100: nonce=0x4f7 to=0x1000000000000000000000000000000000000048 response={"jsonrpc":"2.0","id":72,"result":"0x20ca289eddaad32d38ed8e52f2670601e03b15c5d49c97b4219c79b6eebf5368"}
tx 72/100: nonce=0x4f8 to=0x1000000000000000000000000000000000000049 response={"jsonrpc":"2.0","id":73,"result":"0xf95475746125ae28ee8ca8b066ca75b2d980929ea2eb971e75867bdc2203fc84"}
tx 73/100: nonce=0x4f9 to=0x100000000000000000000000000000000000004a response={"jsonrpc":"2.0","id":74,"result":"0xbec0dd47bd244d2967df38c0f37ca3d2e111f1551e8441ccc2177a4b5e3d7f6d"}
tx 74/100: nonce=0x4fa to=0x100000000000000000000000000000000000004b response={"jsonrpc":"2.0","id":75,"result":"0x1a17d271f59f61bfe73394e54b1f92584adc43a200d8f037febf9c2c2fe13441"}
tx 75/100: nonce=0x4fb to=0x100000000000000000000000000000000000004c response={"jsonrpc":"2.0","id":76,"result":"0x866cd1b64d5652216582885129ed30143030cfafc489459403f9c7134b73c8d2"}
tx 76/100: nonce=0x4fc to=0x100000000000000000000000000000000000004d response={"jsonrpc":"2.0","id":77,"result":"0x8bfe725244b6274dd03d622697a330a86a68f1c9bf1905a05c85763cf09fa457"}
tx 77/100: nonce=0x4fd to=0x100000000000000000000000000000000000004e response={"jsonrpc":"2.0","id":78,"result":"0x6c333cd828bd8854ca3b09276181f1f097331cb7ea960b193dff0ac7b098335a"}
tx 78/100: nonce=0x4fe to=0x100000000000000000000000000000000000004f response={"jsonrpc":"2.0","id":79,"result":"0x42889b84c4497af568ff4d63bf3ee6d8babb0dd67e7fd51d510f2b30ae71fdbc"}
tx 79/100: nonce=0x4ff to=0x1000000000000000000000000000000000000050 response={"jsonrpc":"2.0","id":80,"result":"0xa04a4d6539bdb43e50a19e86d4559a2d44a912ca1cefa1ff87a3dc9a5a398b08"}
tx 80/100: nonce=0x500 to=0x1000000000000000000000000000000000000051 response={"jsonrpc":"2.0","id":81,"result":"0x3eadabba095ecc2c89328932c9a9a317b2cc01974d958a0b4e5adb4639babb95"}
tx 81/100: nonce=0x501 to=0x1000000000000000000000000000000000000052 response={"jsonrpc":"2.0","id":82,"result":"0x279b228338eb222d95ff4d77a02dd9249a2a6b3f98189bcd5cbda0f804d6cea4"}
tx 82/100: nonce=0x502 to=0x1000000000000000000000000000000000000053 response={"jsonrpc":"2.0","id":83,"result":"0x404b2ea269649c57319ef3b1759530b7ea1cdd02b6af85923c36aab4c7e5a714"}
tx 83/100: nonce=0x503 to=0x1000000000000000000000000000000000000054 response={"jsonrpc":"2.0","id":84,"result":"0x5eaeb7a640532753b5042ecc847c0f3f014a04fd033da2d7c2f3e024249a3dff"}
tx 84/100: nonce=0x504 to=0x1000000000000000000000000000000000000055 response={"jsonrpc":"2.0","id":85,"result":"0xc7ddcfba9142aaff02746c4488d1cbe986223185c7acd17bb4c3385360f7a8d5"}
tx 85/100: nonce=0x505 to=0x1000000000000000000000000000000000000056 response={"jsonrpc":"2.0","id":86,"result":"0x9d0af66a17873de8d7a90c1c37e3c5dca2a6c948193da6c58cf874ffb2f6b858"}
tx 86/100: nonce=0x506 to=0x1000000000000000000000000000000000000057 response={"jsonrpc":"2.0","id":87,"result":"0xfb17fe413088c48843d3f8e19d457d1020403d555c7481a33dc508f83485b7cb"}
tx 87/100: nonce=0x507 to=0x1000000000000000000000000000000000000058 response={"jsonrpc":"2.0","id":88,"result":"0xdd4054446bcc5dbfbcf01f2507c82845a8f551b9dd882a931be0d11f83222bc4"}
tx 88/100: nonce=0x508 to=0x1000000000000000000000000000000000000059 response={"jsonrpc":"2.0","id":89,"result":"0x0badd7783d31a00537f71f3c4e59ac7d8195f83c2ce0c17c3adf29fb39c94938"}
tx 89/100: nonce=0x509 to=0x100000000000000000000000000000000000005a response={"jsonrpc":"2.0","id":90,"result":"0x1473c8788cb08de99e86200814be2813ebc1fcaf347c7fe7c9dfeb9c4d1b4aec"}
tx 90/100: nonce=0x50a to=0x100000000000000000000000000000000000005b response={"jsonrpc":"2.0","id":91,"result":"0xb33cb9a40be7232d1b7faaa6bdea0ab1110378ed1353eb222266b09fca4d82bc"}
tx 91/100: nonce=0x50b to=0x100000000000000000000000000000000000005c response={"jsonrpc":"2.0","id":92,"result":"0x3bbc92bfa4d81fde0338f4483dc59d4f55fd5a65365a22314b3af2724ddfa45e"}
tx 92/100: nonce=0x50c to=0x100000000000000000000000000000000000005d response={"jsonrpc":"2.0","id":93,"result":"0x01e3592a0abc0d97f9a044cc66a772e7ec7c069c69d8e8c0bc33d0d20b9e6868"}
tx 93/100: nonce=0x50d to=0x100000000000000000000000000000000000005e response={"jsonrpc":"2.0","id":94,"result":"0x7bd4f3f7be552f4b1cf907aa8dab6377fc614b7c9c367e8e26fc9607dfaf4f72"}
tx 94/100: nonce=0x50e to=0x100000000000000000000000000000000000005f response={"jsonrpc":"2.0","id":95,"result":"0xa9967e024828bff82d19134ccd9f141c6ab3285856adff75c97860efb572388a"}
tx 95/100: nonce=0x50f to=0x1000000000000000000000000000000000000060 response={"jsonrpc":"2.0","id":96,"result":"0x63d240e39d80c71421c5206e72f44e76ff7c258e1e8a4aef6c98bdfaec465ba2"}
tx 96/100: nonce=0x510 to=0x1000000000000000000000000000000000000061 response={"jsonrpc":"2.0","id":97,"result":"0x5e37e023eaecf5fcca3153b16d23d295d7b0ceec6c36c4f8eeccfcd3f12e2195"}
tx 97/100: nonce=0x511 to=0x1000000000000000000000000000000000000062 response={"jsonrpc":"2.0","id":98,"result":"0xdf07f4108c173d5ca7b9715b88d848f2930345a618f06083b909b0382aecda92"}
tx 98/100: nonce=0x512 to=0x1000000000000000000000000000000000000063 response={"jsonrpc":"2.0","id":99,"result":"0xa7a1ad69398592963569d82a64577a8e1ec5ce45faa468fc76cda5e1d01cdb46"}
tx 99/100: nonce=0x513 to=0x1000000000000000000000000000000000000064 response={"jsonrpc":"2.0","id":100,"result":"0x6a1baa6a9d2b35e2d2bb724974e22c0185575cc1af66c9aa144fc46738b79ffe"}
Done. Check pending txs with:
curl -s -H 'Content-Type: application/json' --data '{"jsonrpc":"2.0","method":"txpool_status","params":[],"id":1}' http://127.0.0.1:8545
Sending 100 txs from 0x92424e4f86201c931ba53eb48619d93244c18e13 via http://127.0.0.1:8545, base_nonce=1300, to_mode=sequential
tx 0/100: nonce=0x514 to=0x1000000000000000000000000000000000000001 response={"jsonrpc":"2.0","id":1,"result":"0xca56a4f724e291ef4ad44ea797b1828de444f8d596664f78b8ca2a10b2dded8a"}
tx 1/100: nonce=0x515 to=0x1000000000000000000000000000000000000002 response={"jsonrpc":"2.0","id":2,"result":"0xbea6930c5f0e45bd0ff3c382006ce5d2416578d5d4a17fc0a909396ad7f6ab37"}
tx 2/100: nonce=0x516 to=0x1000000000000000000000000000000000000003 response={"jsonrpc":"2.0","id":3,"result":"0x56bcd01ebc89216fcdd4e0d12c13bf8b62bbc0c070ec7d81d8d465b7a647e31a"}
tx 3/100: nonce=0x517 to=0x1000000000000000000000000000000000000004 response={"jsonrpc":"2.0","id":4,"result":"0x11027eef87b8837c706f02285742c3f6d0146a713ce500e4a09d2a3d5043cc2f"}
tx 4/100: nonce=0x518 to=0x1000000000000000000000000000000000000005 response={"jsonrpc":"2.0","id":5,"result":"0xa69d32ec8f4d776351b5033c3ea1f1244c7a77a18eba39afd65f9737639de27a"}
tx 5/100: nonce=0x519 to=0x1000000000000000000000000000000000000006 response={"jsonrpc":"2.0","id":6,"result":"0x1b6668300e010bd7257ee7a4e8a9b8e0fdc8070168f69ebadde96d7e1a5622fd"}
tx 6/100: nonce=0x51a to=0x1000000000000000000000000000000000000007 response={"jsonrpc":"2.0","id":7,"result":"0xf43ffd4e8740fe8b50959c2d777c168a0a75a85195beb3498a311cd4ed410d59"}
tx 7/100: nonce=0x51b to=0x1000000000000000000000000000000000000008 response={"jsonrpc":"2.0","id":8,"result":"0x5907be733a995b27936a69d247192150e832a38fb6a93a0822867f5660370349"}
tx 8/100: nonce=0x51c to=0x1000000000000000000000000000000000000009 response={"jsonrpc":"2.0","id":9,"result":"0xbd702135fd98fe1bc3c91ff18890d81559e3467f765f58a8658fdcf990facdd3"}
tx 9/100: nonce=0x51d to=0x100000000000000000000000000000000000000a response={"jsonrpc":"2.0","id":10,"result":"0x133a9570c82968358afb5064f099dd5d110e21d9def3bf055ecb9f78cb3ab9ad"}
tx 10/100: nonce=0x51e to=0x100000000000000000000000000000000000000b response={"jsonrpc":"2.0","id":11,"result":"0x1c6fbed46d85f3be52eb30ded20a274e74a274042ce4cce2c373f36f8b87931a"}
tx 11/100: nonce=0x51f to=0x100000000000000000000000000000000000000c response={"jsonrpc":"2.0","id":12,"result":"0xb2c7d8db6c630765434eac530d049e00f8499e0aa6bc23fd94fe9d6653da8fea"}
tx 12/100: nonce=0x520 to=0x100000000000000000000000000000000000000d response={"jsonrpc":"2.0","id":13,"result":"0x72e2cb4cb64816780c85398ab5cfca2b30883812eb09784010bb47fad11809d2"}
tx 13/100: nonce=0x521 to=0x100000000000000000000000000000000000000e response={"jsonrpc":"2.0","id":14,"result":"0x2d38b66f80adeb6f77c2b239c1f94ad538f62a8b8d97a5f128174da8ff5edba1"}
tx 14/100: nonce=0x522 to=0x100000000000000000000000000000000000000f response={"jsonrpc":"2.0","id":15,"result":"0x60f1403c20d38466ae470c3979729a950c4cf7dcf521ad4ef98c3eaa778403ae"}
tx 15/100: nonce=0x523 to=0x1000000000000000000000000000000000000010 response={"jsonrpc":"2.0","id":16,"result":"0x87a221b27999aba0d7a8ca2ebdfac15a72fa3186c396a075ccc409d92ddbab2b"}
tx 16/100: nonce=0x524 to=0x1000000000000000000000000000000000000011 response={"jsonrpc":"2.0","id":17,"result":"0xc1da2b5bdd3eeb7f4d0a583c521c865de60f740e372e9ef0e624a160767ec86e"}
tx 17/100: nonce=0x525 to=0x1000000000000000000000000000000000000012 response={"jsonrpc":"2.0","id":18,"result":"0x1df70c4bdb759e31cf89f1445ac54bafe03696a43931e724b9a2c9d437cd2835"}
tx 18/100: nonce=0x526 to=0x1000000000000000000000000000000000000013 response={"jsonrpc":"2.0","id":19,"result":"0x3870534e51ca55786b6018364643ec773cfc368e8763b41d6645eb170133527e"}
tx 19/100: nonce=0x527 to=0x1000000000000000000000000000000000000014 response={"jsonrpc":"2.0","id":20,"result":"0xf79af85a8c2a9ef5ca61a9bdfca7bba392ffb02481bbf23e3c9ad0b0b1cdef4e"}
tx 20/100: nonce=0x528 to=0x1000000000000000000000000000000000000015 response={"jsonrpc":"2.0","id":21,"result":"0x4667e7e7842cf071daeabebf783c1b382baf7daf97bf04f8d1632f55f829fc8d"}
tx 21/100: nonce=0x529 to=0x1000000000000000000000000000000000000016 response={"jsonrpc":"2.0","id":22,"result":"0xb6437ecfe2b0636af792ce5c80071c4d559725f9a2c12d783f9b25750d5fadae"}
tx 22/100: nonce=0x52a to=0x1000000000000000000000000000000000000017 response={"jsonrpc":"2.0","id":23,"result":"0x85dac529b0e88ba295b1316cbb53dff689e0f722f0da015b97c33a9c52c2bd44"}
tx 23/100: nonce=0x52b to=0x1000000000000000000000000000000000000018 response={"jsonrpc":"2.0","id":24,"result":"0xc1761d44d2cd715354a87cd875b1302461aa3aa886319b1f9d9c3ac52f892ca8"}
tx 24/100: nonce=0x52c to=0x1000000000000000000000000000000000000019 response={"jsonrpc":"2.0","id":25,"result":"0xa0ecb118e6feb7010a3487267a554ecc4631e5dba9a1f0f7f174f039feaad020"}
tx 25/100: nonce=0x52d to=0x100000000000000000000000000000000000001a response={"jsonrpc":"2.0","id":26,"result":"0xcf2c814e84a1474b9873dd7ab77fdfca0dbf47291f01c52263c12dded5a48115"}
tx 26/100: nonce=0x52e to=0x100000000000000000000000000000000000001b response={"jsonrpc":"2.0","id":27,"result":"0xd016d2dc31e44c596e70d9487e3813a40b957172ff2c9483ea502b317c00788a"}
tx 27/100: nonce=0x52f to=0x100000000000000000000000000000000000001c response={"jsonrpc":"2.0","id":28,"result":"0x14ed4382d92aed1f6290d3cd46554ddbb53667f756d0501ec6fdefa73ec7cd56"}
tx 28/100: nonce=0x530 to=0x100000000000000000000000000000000000001d response={"jsonrpc":"2.0","id":29,"result":"0x19d207aafb08920570994166a369865cbeea7cb3e59c82407e7390542d0fe6d0"}
tx 29/100: nonce=0x531 to=0x100000000000000000000000000000000000001e response={"jsonrpc":"2.0","id":30,"result":"0x056b40786008f8ce6175dd8126137b7546f84e706924b37dc054d3d12273bbe1"}
tx 30/100: nonce=0x532 to=0x100000000000000000000000000000000000001f response={"jsonrpc":"2.0","id":31,"result":"0x4a402331b5e830504c77701aafa1fe86a8d7e171a3d50047b22d015797d65ee9"}
tx 31/100: nonce=0x533 to=0x1000000000000000000000000000000000000020 response={"jsonrpc":"2.0","id":32,"result":"0x21151821fc88e7a1a0c3004a8a9e348bf0297820557a533eb1414317eaa28a43"}
tx 32/100: nonce=0x534 to=0x1000000000000000000000000000000000000021 response={"jsonrpc":"2.0","id":33,"result":"0xfcc1eec78e7895bcbeaf1bc4ff707577627bc09fc691ebb6240fd921ad850b53"}
tx 33/100: nonce=0x535 to=0x1000000000000000000000000000000000000022 response={"jsonrpc":"2.0","id":34,"result":"0x1ad65e39a8715c8c4963fd5f7e9ad1a61c1b4094139c9d6c0de0d3fc63cfff8f"}
tx 34/100: nonce=0x536 to=0x1000000000000000000000000000000000000023 response={"jsonrpc":"2.0","id":35,"result":"0xbd541441e61e3ad3170501533340896198710cf16b4b5c58c259850c13398f21"}
tx 35/100: nonce=0x537 to=0x1000000000000000000000000000000000000024 response={"jsonrpc":"2.0","id":36,"result":"0x66ddd3740e6a0671d2371242e43a0c35e71dbe5f80a16f0f148a93badbaac6d8"}
tx 36/100: nonce=0x538 to=0x1000000000000000000000000000000000000025 response={"jsonrpc":"2.0","id":37,"result":"0xe065bf70194c684ad62c7126fcc528c81e85941d5f5f921483fb17ee259324df"}
tx 37/100: nonce=0x539 to=0x1000000000000000000000000000000000000026 response={"jsonrpc":"2.0","id":38,"result":"0x36ce319fb962514246ea239113f4524c5455748cdcbb9148a0d35c699318ecba"}
tx 38/100: nonce=0x53a to=0x1000000000000000000000000000000000000027 response={"jsonrpc":"2.0","id":39,"result":"0xee05460ddb51952cad0de0102b525634162a7af9ae38f1e2b3bb9424333b5bbb"}
tx 39/100: nonce=0x53b to=0x1000000000000000000000000000000000000028 response={"jsonrpc":"2.0","id":40,"result":"0x7199a662a3d356df992de8afcd4f8a2269f9da3f72a5d1556451dea7bb0c9555"}
tx 40/100: nonce=0x53c to=0x1000000000000000000000000000000000000029 response={"jsonrpc":"2.0","id":41,"result":"0xe339235d14517d4f7371f0d303cde4dec8ec0d31fba2ecc9b98562b649bb8ddc"}
tx 41/100: nonce=0x53d to=0x100000000000000000000000000000000000002a response={"jsonrpc":"2.0","id":42,"result":"0x8e233f6e9befe8b9404ad9f24ec72aaa8c112ee1d8cf39fb92c1423fa36ba31a"}
tx 42/100: nonce=0x53e to=0x100000000000000000000000000000000000002b response={"jsonrpc":"2.0","id":43,"result":"0x24b65e80e5110e34c776cc54a8332aa0f12fbbeec36b82936f194ba482887cc4"}
tx 43/100: nonce=0x53f to=0x100000000000000000000000000000000000002c response={"jsonrpc":"2.0","id":44,"result":"0xf9330b3d06dbed68eace314322ca68282280e5249e159242dac826a8bd5306e3"}
tx 44/100: nonce=0x540 to=0x100000000000000000000000000000000000002d response={"jsonrpc":"2.0","id":45,"result":"0xcb4f7c1efe09c5899e8048ca154eed3bd770c2b140ef79262eb5b6930017e65f"}
tx 45/100: nonce=0x541 to=0x100000000000000000000000000000000000002e response={"jsonrpc":"2.0","id":46,"result":"0x2962743c5b5c894f47950a23ee4257a8f5ce628329e9f46de750df1cc2f4e9cf"}
tx 46/100: nonce=0x542 to=0x100000000000000000000000000000000000002f response={"jsonrpc":"2.0","id":47,"result":"0x27b91db2359e80be57b60d2dda37f45702dc1e704d8359baab6ed9ea0ee77878"}
tx 47/100: nonce=0x543 to=0x1000000000000000000000000000000000000030 response={"jsonrpc":"2.0","id":48,"result":"0x50946823565d70b9c416d986e9c3547aadf53b3b5091fe481e638a75f0409bce"}
tx 48/100: nonce=0x544 to=0x1000000000000000000000000000000000000031 response={"jsonrpc":"2.0","id":49,"result":"0xd0241f17a454f7854517876d3e99a552b95dbb8fffed50fd261082171bc42444"}
tx 49/100: nonce=0x545 to=0x1000000000000000000000000000000000000032 response={"jsonrpc":"2.0","id":50,"result":"0x85cfafa598a26e95c1938ed2e1d49a2d346a0bbad971009c8da7381c1ece95eb"}
tx 50/100: nonce=0x546 to=0x1000000000000000000000000000000000000033 response={"jsonrpc":"2.0","id":51,"result":"0xd97300fd0190d46814ab72cde8a39a1320d2409a32deaae2afece7f4fec9dbb2"}
tx 51/100: nonce=0x547 to=0x1000000000000000000000000000000000000034 response={"jsonrpc":"2.0","id":52,"result":"0xd4160fabeed55e117ce46f058abca8b71ed7025f8945da81347bad6531f1f6d2"}
tx 52/100: nonce=0x548 to=0x1000000000000000000000000000000000000035 response={"jsonrpc":"2.0","id":53,"result":"0x9ae7f47c3ffe2cf88879f640734643463437db64f7d66918306bb8a0f3587325"}
tx 53/100: nonce=0x549 to=0x1000000000000000000000000000000000000036 response={"jsonrpc":"2.0","id":54,"result":"0x07a41b08c2f206f09de5de998173ed83e2a4203db545bdf4994adcaa499beb32"}
tx 54/100: nonce=0x54a to=0x1000000000000000000000000000000000000037 response={"jsonrpc":"2.0","id":55,"result":"0xb963cd9e94048c94868683df3742fd7d3b5b45a000b2bcfbe4b87881a71c6ea3"}
tx 55/100: nonce=0x54b to=0x1000000000000000000000000000000000000038 response={"jsonrpc":"2.0","id":56,"result":"0xb155c3d64db8e617ccf1fccc279b1e8466f188efd7ab43289ba81a5869251211"}
tx 56/100: nonce=0x54c to=0x1000000000000000000000000000000000000039 response={"jsonrpc":"2.0","id":57,"result":"0x100bee92008057dab4b90edc410cc2335ded54eee4e4adc7b7c109351f899c99"}
tx 57/100: nonce=0x54d to=0x100000000000000000000000000000000000003a response={"jsonrpc":"2.0","id":58,"result":"0x143c9839883ff998619bc3aeba450ecaa0738b1ac5dc7884e575142b97f5905e"}
tx 58/100: nonce=0x54e to=0x100000000000000000000000000000000000003b response={"jsonrpc":"2.0","id":59,"result":"0x1ca926ddf12ef9363175d5938c11559f831e03c984dac0fba3ae69b8dadb9ed0"}
tx 59/100: nonce=0x54f to=0x100000000000000000000000000000000000003c response={"jsonrpc":"2.0","id":60,"result":"0x111dfb5d1325daad910bfb1cf663ec2bea780e712e273bd2b10fca2b742d695e"}
tx 60/100: nonce=0x550 to=0x100000000000000000000000000000000000003d response={"jsonrpc":"2.0","id":61,"result":"0xb67b730040f2fd3ee5273bc5b6e8ea9a8b1d27d09f8c90aeb972966012eebbcf"}
tx 61/100: nonce=0x551 to=0x100000000000000000000000000000000000003e response={"jsonrpc":"2.0","id":62,"result":"0x512a8bfa3b6cadbddf8ac8e4425bd9e23ba729fcbd6dfeae04b1915b388e9bf5"}
tx 62/100: nonce=0x552 to=0x100000000000000000000000000000000000003f response={"jsonrpc":"2.0","id":63,"result":"0xfe79e946b87d4a5bc6799b8c2701114cf654df0dcb1978036136a291e1d2c5ee"}
tx 63/100: nonce=0x553 to=0x1000000000000000000000000000000000000040 response={"jsonrpc":"2.0","id":64,"result":"0x86f36ecde2732542377f92478585aa5095e732439549ae7d06b9bc5bbade3b94"}
tx 64/100: nonce=0x554 to=0x1000000000000000000000000000000000000041 response={"jsonrpc":"2.0","id":65,"result":"0x4a5bb9f2b1a7d214eef6cc9a0c888ac53c03486000cce1eb9fda78f4343a5b7f"}
tx 65/100: nonce=0x555 to=0x1000000000000000000000000000000000000042 response={"jsonrpc":"2.0","id":66,"result":"0x0559f0b873ac82c127221f8cda09bc86aae0412fe1685477ca8c7c686dc4b4df"}
tx 66/100: nonce=0x556 to=0x1000000000000000000000000000000000000043 response={"jsonrpc":"2.0","id":67,"result":"0xfdb81cc45ff118c4d7941be421c3a3adc94d56645ef9c3e6d39c37d0ff8d6958"}
tx 67/100: nonce=0x557 to=0x1000000000000000000000000000000000000044 response={"jsonrpc":"2.0","id":68,"result":"0xda613b31b20fe6b1494914add59740b00609dd446cb7ad69b695f048198f14cc"}
tx 68/100: nonce=0x558 to=0x1000000000000000000000000000000000000045 response={"jsonrpc":"2.0","id":69,"result":"0x42cc812aa9e5c2d8b92de91edcbbd7c957d49907b4f440a622348ebe27e62b56"}
tx 69/100: nonce=0x559 to=0x1000000000000000000000000000000000000046 response={"jsonrpc":"2.0","id":70,"result":"0x26504e392bf9fac4e3c3bc3cc0a8d6f49243b657504d480dc95a5c92e4a44794"}
tx 70/100: nonce=0x55a to=0x1000000000000000000000000000000000000047 response={"jsonrpc":"2.0","id":71,"result":"0xe45c507e5b8d3c194e251a10333fa0a0714823987f46134e7dee9b3eb2deaf8c"}
tx 71/100: nonce=0x55b to=0x1000000000000000000000000000000000000048 response={"jsonrpc":"2.0","id":72,"result":"0x6a13b095b3b1a73f56bc84e73857ee4b9b546f1f632843c67aba3f969f4138a3"}
tx 72/100: nonce=0x55c to=0x1000000000000000000000000000000000000049 response={"jsonrpc":"2.0","id":73,"result":"0xce2b6c5b1a1d5bfa774702c6beaad50eb0770df4c1ceda2ee74edbe077109d17"}
tx 73/100: nonce=0x55d to=0x100000000000000000000000000000000000004a response={"jsonrpc":"2.0","id":74,"result":"0x198f29d55cebd4c337388475b06a1cff3d1e08f6495ebd34ef05d9d9e30eabe4"}
tx 74/100: nonce=0x55e to=0x100000000000000000000000000000000000004b response={"jsonrpc":"2.0","id":75,"result":"0x70f51fdb6b03a03a068c16dea4ef73326c3e6a59a091965f2fe6f9a18456ee20"}
tx 75/100: nonce=0x55f to=0x100000000000000000000000000000000000004c response={"jsonrpc":"2.0","id":76,"result":"0xb159444406fb7a2137f7917a97bcb933e8a2d3708ec3885c7e324c0b9806b80a"}
tx 76/100: nonce=0x560 to=0x100000000000000000000000000000000000004d response={"jsonrpc":"2.0","id":77,"result":"0x4cabba482b7886d51e209396102712ca59b1fdb44991f59e1c0c71dddd0d8a6a"}
tx 77/100: nonce=0x561 to=0x100000000000000000000000000000000000004e response={"jsonrpc":"2.0","id":78,"result":"0x220d0e8430443c43323ffff564273de7e4b80ec7375050a6a869ef11d9000461"}
tx 78/100: nonce=0x562 to=0x100000000000000000000000000000000000004f response={"jsonrpc":"2.0","id":79,"result":"0xa41b3f889faf0c9cafb1deddd6ce06dc1238493b47fcdee6ab48727867cfdddd"}
tx 79/100: nonce=0x563 to=0x1000000000000000000000000000000000000050 response={"jsonrpc":"2.0","id":80,"result":"0xce333b5e805814c9ce88716a9ed814c8283501bd0cdfbf715739a2b36df7462a"}
tx 80/100: nonce=0x564 to=0x1000000000000000000000000000000000000051 response={"jsonrpc":"2.0","id":81,"result":"0x83baf1b339d90090b6983a8e01944940de5b266fbb92641a3d4e46c87c83e64e"}
tx 81/100: nonce=0x565 to=0x1000000000000000000000000000000000000052 response={"jsonrpc":"2.0","id":82,"result":"0xd720889eeb41ae070a02a8140bb3e706577486b8f3071b6dd8d86d3c1ca6f922"}
tx 82/100: nonce=0x566 to=0x1000000000000000000000000000000000000053 response={"jsonrpc":"2.0","id":83,"result":"0xa72f392dc4a6222e91315812ca24c74bba14b6df852734ff7b3d3de2c0a11606"}
tx 83/100: nonce=0x567 to=0x1000000000000000000000000000000000000054 response={"jsonrpc":"2.0","id":84,"result":"0x708bde7e54a25aba8287c7468f53f3a9ddf0e7ed4565d0931720ad2d6f6fd3f0"}
tx 84/100: nonce=0x568 to=0x1000000000000000000000000000000000000055 response={"jsonrpc":"2.0","id":85,"result":"0x97359064036bcfc4a1131b1bd7690dfc16cf060d20443c1309e1c85e1ef46a3e"}
tx 85/100: nonce=0x569 to=0x1000000000000000000000000000000000000056 response={"jsonrpc":"2.0","id":86,"result":"0x0c6c2c3908a628696d47b83a734b2e00135127830649a31abb5a46ef44ca3003"}
tx 86/100: nonce=0x56a to=0x1000000000000000000000000000000000000057 response={"jsonrpc":"2.0","id":87,"result":"0x409d733f5447ada086808a23e558147526c54144e39e825facd9893403bc46eb"}
tx 87/100: nonce=0x56b to=0x1000000000000000000000000000000000000058 response={"jsonrpc":"2.0","id":88,"result":"0xe86a608c802fae2c0030fc7018c0ca10365a71ca4a0228b32e0735d1a9d051fe"}
tx 88/100: nonce=0x56c to=0x1000000000000000000000000000000000000059 response={"jsonrpc":"2.0","id":89,"result":"0x27afaab12aea89b9b56c8b7d515d20daa1255587d56bcf48d650c1459e7536f3"}
tx 89/100: nonce=0x56d to=0x100000000000000000000000000000000000005a response={"jsonrpc":"2.0","id":90,"result":"0x017d96137c98505f413fa0258004bc799fe15b7b06791ac6420ef04fd8cc95de"}
tx 90/100: nonce=0x56e to=0x100000000000000000000000000000000000005b response={"jsonrpc":"2.0","id":91,"result":"0x6f1390c4e9819f14548d3e535ab624f6c1eae73b3e2764e2e737c58d5824c210"}
tx 91/100: nonce=0x56f to=0x100000000000000000000000000000000000005c response={"jsonrpc":"2.0","id":92,"result":"0xd2f08ed069260d315959a8cbaca9391553add6d6dcfa949045f7e277d846d32f"}
tx 92/100: nonce=0x570 to=0x100000000000000000000000000000000000005d response={"jsonrpc":"2.0","id":93,"result":"0x1070293ff43030ad2dfacd4908d21115346c3aade5493f0efac7c005c011c95e"}
tx 93/100: nonce=0x571 to=0x100000000000000000000000000000000000005e response={"jsonrpc":"2.0","id":94,"result":"0xd1eb7d9322701252fa67224388389ec062e0c00a3af1fb98f0491cd9dde47db9"}
tx 94/100: nonce=0x572 to=0x100000000000000000000000000000000000005f response={"jsonrpc":"2.0","id":95,"result":"0x19d7810dbdd2c78f05e3b0ffb1dca6bee3d0bb3197b2b48ee65845a74b4adc76"}
tx 95/100: nonce=0x573 to=0x1000000000000000000000000000000000000060 response={"jsonrpc":"2.0","id":96,"result":"0x4a6312412288bb7ff10530df98573f1f7391c5bce93e4fcbe6dfa20e184ccce9"}
tx 96/100: nonce=0x574 to=0x1000000000000000000000000000000000000061 response={"jsonrpc":"2.0","id":97,"result":"0x911646436be95f8be6c68168b73bfd956aed0984ba45e6b7e63b91fa0d00cf43"}
tx 97/100: nonce=0x575 to=0x1000000000000000000000000000000000000062 response={"jsonrpc":"2.0","id":98,"result":"0x150171cdef15ed1c6644f74035255101846799f425cc8471da78ddd3aa7dfd99"}
tx 98/100: nonce=0x576 to=0x1000000000000000000000000000000000000063 response={"jsonrpc":"2.0","id":99,"result":"0x2ae74c83f8e2f84dd38ba31d5b43202864f26484710e8f60bfcabb9d7d5426d8"}
tx 99/100: nonce=0x577 to=0x1000000000000000000000000000000000000064 response={"jsonrpc":"2.0","id":100,"result":"0xa73f13826bb0ed6ae342e4d644c0eccba2cc6b4c419c89aa9c38367f0afc75e7"}
Done. Check pending txs with:
curl -s -H 'Content-Type: application/json' --data '{"jsonrpc":"2.0","method":"txpool_status","params":[],"id":1}' http://127.0.0.1:8545
Sending 100 txs from 0x92424e4f86201c931ba53eb48619d93244c18e13 via http://127.0.0.1:8545, base_nonce=1400, to_mode=sequential
tx 0/100: nonce=0x578 to=0x1000000000000000000000000000000000000001 response={"jsonrpc":"2.0","id":1,"result":"0x921c3f85795b826b53d8dc03ad99dd6b62e4c1097fca44c49e9dca74455ee98d"}
tx 1/100: nonce=0x579 to=0x1000000000000000000000000000000000000002 response={"jsonrpc":"2.0","id":2,"result":"0x184f4e707033d55301d47d9c0cf406ce956525ef76909ebfe52d29470edcafbe"}
tx 2/100: nonce=0x57a to=0x1000000000000000000000000000000000000003 response={"jsonrpc":"2.0","id":3,"result":"0x73799f4aab2cb16dde6a10c307f96b058a628ae19ce3f3c6149ef630448d8b04"}
tx 3/100: nonce=0x57b to=0x1000000000000000000000000000000000000004 response={"jsonrpc":"2.0","id":4,"result":"0x73a037c22854c157fef3c6e52cbe4f3eefe42e996057eb862286318e86f15109"}
tx 4/100: nonce=0x57c to=0x1000000000000000000000000000000000000005 response={"jsonrpc":"2.0","id":5,"result":"0x50976c4a7043a689ef8072e14ce61111ac53c0eeebc7a6add86bb48356071851"}
tx 5/100: nonce=0x57d to=0x1000000000000000000000000000000000000006 response={"jsonrpc":"2.0","id":6,"result":"0x12503c66d854df410b3785efda81f37c6fee91849180f4dd11c55e19a5f9ff3e"}
tx 6/100: nonce=0x57e to=0x1000000000000000000000000000000000000007 response={"jsonrpc":"2.0","id":7,"result":"0xbb3a153c6bb51d3fe949841677e7d6f6e43ddfbc16b7979d9bc57318342eb628"}
tx 7/100: nonce=0x57f to=0x1000000000000000000000000000000000000008 response={"jsonrpc":"2.0","id":8,"result":"0xe10bdbacccb1b7c2e3e452a7bdd0c253e13944b79e92eb05bcf4e36ee4b0c676"}
tx 8/100: nonce=0x580 to=0x1000000000000000000000000000000000000009 response={"jsonrpc":"2.0","id":9,"result":"0x31cade9fe7eb10a9f13bc08fb6b47db35ffd0f163afbb5ebca682879aae4711d"}
tx 9/100: nonce=0x581 to=0x100000000000000000000000000000000000000a response={"jsonrpc":"2.0","id":10,"result":"0xa552bcb7666e7dea3ac22474cc28f491f167e954ee0687adbe8b6a3d3d6e65d7"}
tx 10/100: nonce=0x582 to=0x100000000000000000000000000000000000000b response={"jsonrpc":"2.0","id":11,"result":"0x419ed4590cd2510688f50422a4a83db957f17fb211269e080b10747be5b2c943"}
tx 11/100: nonce=0x583 to=0x100000000000000000000000000000000000000c response={"jsonrpc":"2.0","id":12,"result":"0x7e182a06a65cae087719e3a37ada5edae8562f71c79f985dcec296009c91c673"}
tx 12/100: nonce=0x584 to=0x100000000000000000000000000000000000000d response={"jsonrpc":"2.0","id":13,"result":"0x46989197e3d1f5637dd2fc4d53b7b9575ec5c5d889261511496c7f15222c05a4"}
tx 13/100: nonce=0x585 to=0x100000000000000000000000000000000000000e response={"jsonrpc":"2.0","id":14,"result":"0xa61c987de393d41c55b7a615344355580f31c6652a942c95e5a3553866c8b9e7"}
tx 14/100: nonce=0x586 to=0x100000000000000000000000000000000000000f response={"jsonrpc":"2.0","id":15,"result":"0x4ae1659bc88fa1bcc879ea2e8098f5b6ee2696ff75daee8e3f819009b4ac9c47"}
tx 15/100: nonce=0x587 to=0x1000000000000000000000000000000000000010 response={"jsonrpc":"2.0","id":16,"result":"0x84f99c38f9e508eb142018ff9bb3dc230f9fc3f4efbef459ff134465903a0497"}
tx 16/100: nonce=0x588 to=0x1000000000000000000000000000000000000011 response={"jsonrpc":"2.0","id":17,"result":"0x011405ddd1c199df8bdf2f65959639de3cbae6a54dbad9ec10f2d102eef6a266"}
tx 17/100: nonce=0x589 to=0x1000000000000000000000000000000000000012 response={"jsonrpc":"2.0","id":18,"result":"0xcfa0721f327a4f470879e96baf32c957ef73fad065068c8738f5bc1c8a4ed95f"}
tx 18/100: nonce=0x58a to=0x1000000000000000000000000000000000000013 response={"jsonrpc":"2.0","id":19,"result":"0x8a821927232b1fa004d99048046f6ce5b90f0fc9eef4c13ec71ac6b1dc3209c3"}
tx 19/100: nonce=0x58b to=0x1000000000000000000000000000000000000014 response={"jsonrpc":"2.0","id":20,"result":"0x44a700ef2dbed3b489d963a21cfd6645867ca05981077fcbf4ef62d045e5f7fb"}
tx 20/100: nonce=0x58c to=0x1000000000000000000000000000000000000015 response={"jsonrpc":"2.0","id":21,"result":"0x77e75cef097d2324266e90da8ea0a40bb4df06493d655c9ac7929679658ddcbf"}
tx 21/100: nonce=0x58d to=0x1000000000000000000000000000000000000016 response={"jsonrpc":"2.0","id":22,"result":"0x12337746f06167da8da9088788ec0a76442424f0ee8dcab94966dfae1b9a8401"}
tx 22/100: nonce=0x58e to=0x1000000000000000000000000000000000000017 response={"jsonrpc":"2.0","id":23,"result":"0x5a11a51f2bb3c3ef9eca2a337316e3d0880a2847b25ffb529d6cad33d1e8e796"}
tx 23/100: nonce=0x58f to=0x1000000000000000000000000000000000000018 response={"jsonrpc":"2.0","id":24,"result":"0xece22a4bc43aacf7d9dba8c88db3c83f58f5ed7748158fcc9e88f1c22b66c6dd"}
tx 24/100: nonce=0x590 to=0x1000000000000000000000000000000000000019 response={"jsonrpc":"2.0","id":25,"result":"0x11b10c7ea1fd64c2f8090adaa90f0af08f940ac1aea0d76485ca08646d5d5568"}
tx 25/100: nonce=0x591 to=0x100000000000000000000000000000000000001a response={"jsonrpc":"2.0","id":26,"result":"0x94e59b2ae71c973ce39b7f2ba6aa38282ee48ab10e741e923faec67a8da5e271"}
tx 26/100: nonce=0x592 to=0x100000000000000000000000000000000000001b response={"jsonrpc":"2.0","id":27,"result":"0x2e0dcb35148a2aa716c6d82651bb2f58c8f51c3c9c7d5b42e37e3eb7dac4204e"}
tx 27/100: nonce=0x593 to=0x100000000000000000000000000000000000001c response={"jsonrpc":"2.0","id":28,"result":"0xda1991215c759b43f8bc51deb0f536cba05fd8de771877f5b062fdc0687c86b9"}
tx 28/100: nonce=0x594 to=0x100000000000000000000000000000000000001d response={"jsonrpc":"2.0","id":29,"result":"0x7937ff1f216c5c5be28cfe93fc53af454d49413ac0c50c973dbbafa2457feba1"}
tx 29/100: nonce=0x595 to=0x100000000000000000000000000000000000001e response={"jsonrpc":"2.0","id":30,"result":"0x195bead31af19847f8049a4bf8520be9df32853427b5aa2295359ac8566f7de2"}
tx 30/100: nonce=0x596 to=0x100000000000000000000000000000000000001f response={"jsonrpc":"2.0","id":31,"result":"0xaf1bd0b9214663e1f4fe58c62613c401a3519713f52b29f39a051fff23b7df42"}
tx 31/100: nonce=0x597 to=0x1000000000000000000000000000000000000020 response={"jsonrpc":"2.0","id":32,"result":"0x03e0d858ca9f0a887d1e88474b76ef84e85a7a2ef18d0cae1cad7e852be16e7a"}
tx 32/100: nonce=0x598 to=0x1000000000000000000000000000000000000021 response={"jsonrpc":"2.0","id":33,"result":"0x8b8f1f0b15c3aadacfcf0f1444e81bc8d8efa92b8a5bb3570a93b52305a45caa"}
tx 33/100: nonce=0x599 to=0x1000000000000000000000000000000000000022 response={"jsonrpc":"2.0","id":34,"result":"0x875ee688be132f12fc9379c921364e02d0cbc3be2d31c2b0e1b0d3649f9ca36f"}
tx 34/100: nonce=0x59a to=0x1000000000000000000000000000000000000023 response={"jsonrpc":"2.0","id":35,"result":"0xa23586e5094e7d1cf7e0eadff5803c766d8377f55c49594b5878da838ea841b6"}
tx 35/100: nonce=0x59b to=0x1000000000000000000000000000000000000024 response={"jsonrpc":"2.0","id":36,"result":"0x4eba21a88ac123e496340f97a7501854166ee417957f64b0d485b216d8c6d7e4"}
tx 36/100: nonce=0x59c to=0x1000000000000000000000000000000000000025 response={"jsonrpc":"2.0","id":37,"result":"0x140bc066c243d4bc1811323e77f2ad35caeae2b510fcd8b5b443a87d4fee44cb"}
tx 37/100: nonce=0x59d to=0x1000000000000000000000000000000000000026 response={"jsonrpc":"2.0","id":38,"result":"0xd401f4b61255b0d06940dc94e8966edf8d4404e8528f07d9726b8ea261f421ba"}
tx 38/100: nonce=0x59e to=0x1000000000000000000000000000000000000027 response={"jsonrpc":"2.0","id":39,"result":"0xc941bb3101b3e9b2e06e0e63141f4032d63a52b5fc1022afccb496f6d7f957bc"}
tx 39/100: nonce=0x59f to=0x1000000000000000000000000000000000000028 response={"jsonrpc":"2.0","id":40,"result":"0xdaf208cc6def9a247d10b7f569804aa29738f5c61136318e715c1ec464d2ca14"}
tx 40/100: nonce=0x5a0 to=0x1000000000000000000000000000000000000029 response={"jsonrpc":"2.0","id":41,"result":"0x5c5504628443d625910624388b6c7e19c9851179fe1d89a0b63ba6bd1b9df904"}
tx 41/100: nonce=0x5a1 to=0x100000000000000000000000000000000000002a response={"jsonrpc":"2.0","id":42,"result":"0x51ca751c28b9f8f7d5ca20dfc1e9a0b3b939abd45c742d8b3d80ef27fc9a9c50"}
tx 42/100: nonce=0x5a2 to=0x100000000000000000000000000000000000002b response={"jsonrpc":"2.0","id":43,"result":"0xac8877b8faeb425195fe5c4ba3b8625971803c3cf88e66229532cd7ec18eb335"}
tx 43/100: nonce=0x5a3 to=0x100000000000000000000000000000000000002c response={"jsonrpc":"2.0","id":44,"result":"0x3667d1b9ec21658b45b2d61eff8439e0da6698531b16772d5c2712ab4cfdc79b"}
tx 44/100: nonce=0x5a4 to=0x100000000000000000000000000000000000002d response={"jsonrpc":"2.0","id":45,"result":"0x8744d8f381821e27bdc4d310041d6d10918c1b54fa3c94eb9e1626cac992f87a"}
tx 45/100: nonce=0x5a5 to=0x100000000000000000000000000000000000002e response={"jsonrpc":"2.0","id":46,"result":"0x1e547837feafc960fe82088c99deef7f999298d10025665a552e6b1082e90400"}
tx 46/100: nonce=0x5a6 to=0x100000000000000000000000000000000000002f response={"jsonrpc":"2.0","id":47,"result":"0x93f2e86f18ec01c1369c1c2dcc9f1aaf9dbf7220d685cd9b1fc54a19789c674c"}
tx 47/100: nonce=0x5a7 to=0x1000000000000000000000000000000000000030 response={"jsonrpc":"2.0","id":48,"result":"0x16695b90080b0909748ff7e6c11147ec430a9ee426db57abcb3fcd668b90b830"}
tx 48/100: nonce=0x5a8 to=0x1000000000000000000000000000000000000031 response={"jsonrpc":"2.0","id":49,"result":"0xca9c619101ecf3ac9196f9ac31f83a5a9e9f05f9c9bd265457624ab68004aaa3"}
tx 49/100: nonce=0x5a9 to=0x1000000000000000000000000000000000000032 response={"jsonrpc":"2.0","id":50,"result":"0x07582c4417c70b98abed7b0e164dc6bc8d66c5f199bd63e17ac099fb6d52521d"}
tx 50/100: nonce=0x5aa to=0x1000000000000000000000000000000000000033 response={"jsonrpc":"2.0","id":51,"result":"0x90354e162da5e04a4a57e06ffa5902ed88ecad9476ac9aa230bce86c2c949d0a"}
tx 51/100: nonce=0x5ab to=0x1000000000000000000000000000000000000034 response={"jsonrpc":"2.0","id":52,"result":"0xef8b074c7f1841a2f6e847dd981caf70ac87800fbfb1e063c1205213ddd96e7e"}
tx 52/100: nonce=0x5ac to=0x1000000000000000000000000000000000000035 response={"jsonrpc":"2.0","id":53,"result":"0x92e2dc365e09052d0c0aa0cffc8196f0084a8d50e3a51461bc133da71219c371"}
tx 53/100: nonce=0x5ad to=0x1000000000000000000000000000000000000036 response={"jsonrpc":"2.0","id":54,"result":"0x5862efcdb84bee699b388820c060a1c1f847e5f9a71083baa7f2cb4f81a99456"}
tx 54/100: nonce=0x5ae to=0x1000000000000000000000000000000000000037 response={"jsonrpc":"2.0","id":55,"result":"0x7a1110ecdc976e3c3c921c9a67e03a8b6316a7a2c935f7b400a8dc6fa5486194"}
tx 55/100: nonce=0x5af to=0x1000000000000000000000000000000000000038 response={"jsonrpc":"2.0","id":56,"result":"0xe86d24faea444cd90a2575569da396f9ccee9c98273fd925452f4d045fbd70ab"}
tx 56/100: nonce=0x5b0 to=0x1000000000000000000000000000000000000039 response={"jsonrpc":"2.0","id":57,"result":"0x7a1a82ad8f6f23bdd477b5c0a2e532984541e70e32b78d801253bb0e1e3da215"}
tx 57/100: nonce=0x5b1 to=0x100000000000000000000000000000000000003a response={"jsonrpc":"2.0","id":58,"result":"0xf39446a3775fc068e233b85648fbf9803d47365c5e6ac0cb2b72c1633a7decaf"}
tx 58/100: nonce=0x5b2 to=0x100000000000000000000000000000000000003b response={"jsonrpc":"2.0","id":59,"result":"0x6d7b0eef65a58216b05d6593891576fdc0969a4b1bd8bee9f256e79d9162c693"}
tx 59/100: nonce=0x5b3 to=0x100000000000000000000000000000000000003c response={"jsonrpc":"2.0","id":60,"result":"0x444d8e9ffb4f5055530691c26d30304c70afa73f913e85a9aa93e48c61ab2e4c"}
tx 60/100: nonce=0x5b4 to=0x100000000000000000000000000000000000003d response={"jsonrpc":"2.0","id":61,"result":"0x9aa9a0c501b361f2866c53feb919664ee2ce6baeef651ea0fd4521f646256777"}
tx 61/100: nonce=0x5b5 to=0x100000000000000000000000000000000000003e response={"jsonrpc":"2.0","id":62,"result":"0x048d9528da5e4486223ae0785400b35d8e50e27352d8146f23c66d9a60bceecb"}
tx 62/100: nonce=0x5b6 to=0x100000000000000000000000000000000000003f response={"jsonrpc":"2.0","id":63,"result":"0x99375d0b7b368f2a760e04fc898eaeeb3d2375da4dbe00b677be35356987ba14"}
tx 63/100: nonce=0x5b7 to=0x1000000000000000000000000000000000000040 response={"jsonrpc":"2.0","id":64,"result":"0x2db6379ebd677e1ec6dd4d8d8bc339d9c636509b1324cff6f6e75eb09a0789eb"}
tx 64/100: nonce=0x5b8 to=0x1000000000000000000000000000000000000041 response={"jsonrpc":"2.0","id":65,"result":"0xd6dc3ab179fd0875d753d2a824c9278fa058fc267b95dd92b0919bebcbbb03cd"}
tx 65/100: nonce=0x5b9 to=0x1000000000000000000000000000000000000042 response={"jsonrpc":"2.0","id":66,"result":"0xa799d73c657285dee0ca3a2ea4aff07d11432dd046c9db599ed4cbe8eaf3f562"}
tx 66/100: nonce=0x5ba to=0x1000000000000000000000000000000000000043 response={"jsonrpc":"2.0","id":67,"result":"0xdf48055b6dd10a38186786b4d3b982ae5b197f54748e55b1916a0b8aefb17708"}
tx 67/100: nonce=0x5bb to=0x1000000000000000000000000000000000000044 response={"jsonrpc":"2.0","id":68,"result":"0xef672783b3a205b830925f6adbb61bae38b3ee350949e9a6998874dd432fffb1"}
tx 68/100: nonce=0x5bc to=0x1000000000000000000000000000000000000045 response={"jsonrpc":"2.0","id":69,"result":"0xe67870228e13b98b6a92b2923fcb468c036f1a7d951de02d208877086816ebb8"}
tx 69/100: nonce=0x5bd to=0x1000000000000000000000000000000000000046 response={"jsonrpc":"2.0","id":70,"result":"0x590acb992316bf3106d1917ef554552238a51a533ec73f765f41026f92beaf74"}
tx 70/100: nonce=0x5be to=0x1000000000000000000000000000000000000047 response={"jsonrpc":"2.0","id":71,"result":"0x4b00f7243ece1a3e0d767935abcb0421f4ddbbce0c0f385c6a15562eeba51dc9"}
tx 71/100: nonce=0x5bf to=0x1000000000000000000000000000000000000048 response={"jsonrpc":"2.0","id":72,"result":"0x2e667f279ed236145960ff328ffb41bcfd78ca2e2a45520795753e811569b11e"}
tx 72/100: nonce=0x5c0 to=0x1000000000000000000000000000000000000049 response={"jsonrpc":"2.0","id":73,"result":"0xe19ef08c2bef947ab09b597c1373d3ae73b985054bee0e313524b1b654cf318f"}
tx 73/100: nonce=0x5c1 to=0x100000000000000000000000000000000000004a response={"jsonrpc":"2.0","id":74,"result":"0x362ae45d1f4e0602d7785388c248bf7c8dff09b58aa12e23514498eec9a5405d"}
tx 74/100: nonce=0x5c2 to=0x100000000000000000000000000000000000004b response={"jsonrpc":"2.0","id":75,"result":"0xda971fc611a95529b5095ca3cdb6167038ad5327482c669e3f95dcd25651a13e"}
tx 75/100: nonce=0x5c3 to=0x100000000000000000000000000000000000004c response={"jsonrpc":"2.0","id":76,"result":"0x8f03c4aff521daf6bb6dab61cc09394093a4bbd3aa72e1e2bc2d7fc34b823c6d"}
tx 76/100: nonce=0x5c4 to=0x100000000000000000000000000000000000004d response={"jsonrpc":"2.0","id":77,"result":"0x67ad266aec5f7fae0b337dbcbfa91a7cc861e096405bbd22bce9920641ba16c9"}
tx 77/100: nonce=0x5c5 to=0x100000000000000000000000000000000000004e response={"jsonrpc":"2.0","id":78,"result":"0x3944412d80cb2a7a96e381259d7ccd15584e8737d077b27efb78f1c535456677"}
tx 78/100: nonce=0x5c6 to=0x100000000000000000000000000000000000004f response={"jsonrpc":"2.0","id":79,"result":"0x74264c0b1c3f800d1319c164fdb7ffcd10b764b5079e6af7ff43d5f163b6da73"}
tx 79/100: nonce=0x5c7 to=0x1000000000000000000000000000000000000050 response={"jsonrpc":"2.0","id":80,"result":"0xab4b178d0ffe0f21d9d1cad10bd7cc98b3348531a035f8bb0c7b8428e39fd54e"}
tx 80/100: nonce=0x5c8 to=0x1000000000000000000000000000000000000051 response={"jsonrpc":"2.0","id":81,"result":"0xd3e7def7fc8dfe853bed28377b58c6a9da13af68299b1bc0e1abdd931e4af125"}
tx 81/100: nonce=0x5c9 to=0x1000000000000000000000000000000000000052 response={"jsonrpc":"2.0","id":82,"result":"0x12aa894633d9adb4980b62ff52cf36bf6af5400efbb4eba0581c690c927207ef"}
tx 82/100: nonce=0x5ca to=0x1000000000000000000000000000000000000053 response={"jsonrpc":"2.0","id":83,"result":"0x8e3e514ef97bf7bdcd77091e8c358a3bdd83a934418e869f6c1d46bb87d19e0e"}
tx 83/100: nonce=0x5cb to=0x1000000000000000000000000000000000000054 response={"jsonrpc":"2.0","id":84,"result":"0x80153df265b779ba85c31fdec7d150162aabc17b35971536b8972a52c944dc31"}
tx 84/100: nonce=0x5cc to=0x1000000000000000000000000000000000000055 response={"jsonrpc":"2.0","id":85,"result":"0x73baf2ff1021e5c51fc380d684b89a85ae84ea010b0186f32c424c1b0340a8b0"}
tx 85/100: nonce=0x5cd to=0x1000000000000000000000000000000000000056 response={"jsonrpc":"2.0","id":86,"result":"0x5cb7c1cc3d7da5abbc8b2bb7924b5a47252c360aa1b62ce4b06a7d2b0bb67ef7"}
tx 86/100: nonce=0x5ce to=0x1000000000000000000000000000000000000057 response={"jsonrpc":"2.0","id":87,"result":"0x56255c2125b1877f47b8920c01c9370b4866c4c445a11993f15e1b7b91709e1c"}
tx 87/100: nonce=0x5cf to=0x1000000000000000000000000000000000000058 response={"jsonrpc":"2.0","id":88,"result":"0x8754d7a5c02d556d9326664a0764e6d81d9b6227c7c9029f82a8a57f4a021fea"}
tx 88/100: nonce=0x5d0 to=0x1000000000000000000000000000000000000059 response={"jsonrpc":"2.0","id":89,"result":"0x791d4aba8081bcc40d8ac0b47f8469a63f31e034607dea5f4ac6b4ea695119d5"}
tx 89/100: nonce=0x5d1 to=0x100000000000000000000000000000000000005a response={"jsonrpc":"2.0","id":90,"result":"0xae615b00f89547f768096d720682fcda3e5e09f9c9a9c2ade64cbd6197eed56c"}
tx 90/100: nonce=0x5d2 to=0x100000000000000000000000000000000000005b response={"jsonrpc":"2.0","id":91,"result":"0xd41d436226105c9593549b8fb24ad78ad11476513f897fb0d1e33eaffc6f9c34"}
tx 91/100: nonce=0x5d3 to=0x100000000000000000000000000000000000005c response={"jsonrpc":"2.0","id":92,"result":"0x175e0a690ba8d74bfe87acb3f040eb44bc16baf965d3fbda547ed1cd163f662f"}
tx 92/100: nonce=0x5d4 to=0x100000000000000000000000000000000000005d response={"jsonrpc":"2.0","id":93,"result":"0x11299b01091b2f925b2c5552c223c156d8640290ca2078d3414a970b4d1b94ec"}
tx 93/100: nonce=0x5d5 to=0x100000000000000000000000000000000000005e response={"jsonrpc":"2.0","id":94,"result":"0x90b7aca941aef958cbc1cf742e7bbc7dcfd1e43532ea3e6aa19d2d52032a75e8"}
tx 94/100: nonce=0x5d6 to=0x100000000000000000000000000000000000005f response={"jsonrpc":"2.0","id":95,"result":"0x2a810d0be818aa0ae5d238943e41f4be7fc647f4eb3b8466b41435f93101f458"}
tx 95/100: nonce=0x5d7 to=0x1000000000000000000000000000000000000060 response={"jsonrpc":"2.0","id":96,"result":"0xc9f06f40fc6625e28c8252968cc6b96ede90eb884ca354c82863e07aa6fe9423"}
tx 96/100: nonce=0x5d8 to=0x1000000000000000000000000000000000000061 response={"jsonrpc":"2.0","id":97,"result":"0x8ddf449f2aaf90ef9bc35f2246095c5696be1b1786261321f693bf370d59c652"}
tx 97/100: nonce=0x5d9 to=0x1000000000000000000000000000000000000062 response={"jsonrpc":"2.0","id":98,"result":"0x38c4002d85087ef2bd35d1b97b37cccba92488dacc1436b310ce0a6ae02fb019"}
tx 98/100: nonce=0x5da to=0x1000000000000000000000000000000000000063 response={"jsonrpc":"2.0","id":99,"result":"0x18c94c0919e76cbdd5ea822c18eb1dc948975e3acec6a51372fd0ebb1e3396f3"}
tx 99/100: nonce=0x5db to=0x1000000000000000000000000000000000000064 response={"jsonrpc":"2.0","id":100,"result":"0x39b2a7fa7b0096b6baa716ee41a71f824a27309cad03a876ef6ae9fa2caa0142"}
Done. Check pending txs with:
curl -s -H 'Content-Type: application/json' --data '{"jsonrpc":"2.0","method":"txpool_status","params":[],"id":1}' http://127.0.0.1:8545
Sending 100 txs from 0x92424e4f86201c931ba53eb48619d93244c18e13 via http://127.0.0.1:8545, base_nonce=1500, to_mode=sequential
tx 0/100: nonce=0x5dc to=0x1000000000000000000000000000000000000001 response={"jsonrpc":"2.0","id":1,"result":"0x3cec7a8db7381de02aa1e6144bafa83dc8fbdc6e0dd07f90b47a88e474e684fd"}
tx 1/100: nonce=0x5dd to=0x1000000000000000000000000000000000000002 response={"jsonrpc":"2.0","id":2,"result":"0xfba8fe989e39d236bc7e7e8b607ff82a6479890594eededbba09e972062d99a4"}
tx 2/100: nonce=0x5de to=0x1000000000000000000000000000000000000003 response={"jsonrpc":"2.0","id":3,"result":"0x3277109f21f10e188d76b9c9ec762b76d61a393d2c93448417468c3ef3d7a3cf"}
tx 3/100: nonce=0x5df to=0x1000000000000000000000000000000000000004 response={"jsonrpc":"2.0","id":4,"result":"0x82f70df9989c61cd57a74cf5ec89d3f9c16b6b948e723bf76038b00b501cffd1"}
tx 4/100: nonce=0x5e0 to=0x1000000000000000000000000000000000000005 response={"jsonrpc":"2.0","id":5,"result":"0xcecebd78f22c6be3167c658b123cd3c98835068cd45d8d3a946397d98a2c5eab"}
tx 5/100: nonce=0x5e1 to=0x1000000000000000000000000000000000000006 response={"jsonrpc":"2.0","id":6,"result":"0xad4088424df80d5dcd35d4f6e86eebc71a0dc41c7669b21fbf395e6e2129cb15"}
tx 6/100: nonce=0x5e2 to=0x1000000000000000000000000000000000000007 response={"jsonrpc":"2.0","id":7,"result":"0x02fcddb11ceeb174e951c93e23aed163a2c7c45dbcb0149115901b7e484c12ee"}
tx 7/100: nonce=0x5e3 to=0x1000000000000000000000000000000000000008 response={"jsonrpc":"2.0","id":8,"result":"0xda14ff8610b9fb6e0b79d78328f6f7002ecda7de668c68a6882cee91390565d6"}
tx 8/100: nonce=0x5e4 to=0x1000000000000000000000000000000000000009 response={"jsonrpc":"2.0","id":9,"result":"0x10482108c3659f906397591e1a0d753a22a52562f300f3a098e41ff751aba82c"}
tx 9/100: nonce=0x5e5 to=0x100000000000000000000000000000000000000a response={"jsonrpc":"2.0","id":10,"result":"0xef18814c22b211efa68312c343d14886e864b8abc6e9616d5c2b7ed8e3434fb7"}
tx 10/100: nonce=0x5e6 to=0x100000000000000000000000000000000000000b response={"jsonrpc":"2.0","id":11,"result":"0x77d4b14ede07ad7b97caf41eb3afe2fd1658b666c3c681a2e4d57077a3b44474"}
tx 11/100: nonce=0x5e7 to=0x100000000000000000000000000000000000000c response={"jsonrpc":"2.0","id":12,"result":"0xae793101af285b967cda744ac8a6a5127faed4045b478f3ef788c24f0dbdac4d"}
tx 12/100: nonce=0x5e8 to=0x100000000000000000000000000000000000000d response={"jsonrpc":"2.0","id":13,"result":"0x34fd3947c825e80c030a33440295de79f3d550840d7e331d86a7c1b1892b9f8d"}
tx 13/100: nonce=0x5e9 to=0x100000000000000000000000000000000000000e response={"jsonrpc":"2.0","id":14,"result":"0x02d910369c8231ed16560be15b56ae37ae06c495f025bead1505d1164cc92dbe"}
tx 14/100: nonce=0x5ea to=0x100000000000000000000000000000000000000f response={"jsonrpc":"2.0","id":15,"result":"0x404e6a123d249f8fa6d1f35789addbbddab21fb0b8877e5bfa76ff6e87eb0900"}
tx 15/100: nonce=0x5eb to=0x1000000000000000000000000000000000000010 response={"jsonrpc":"2.0","id":16,"result":"0x6ef4a8a91553c2d8992b4cd9a70bdaea71b63eec9acd32092a5d1c844df8bf1f"}
tx 16/100: nonce=0x5ec to=0x1000000000000000000000000000000000000011 response={"jsonrpc":"2.0","id":17,"result":"0xe4d402c45668bd82ff6abd4bb5783c6dec1ce46775a3a7dd3a163d8877d9f232"}
tx 17/100: nonce=0x5ed to=0x1000000000000000000000000000000000000012 response={"jsonrpc":"2.0","id":18,"result":"0xea285227a2d98bd14d41942a17cfe445099f784c4404298ea208fe5c25eebb07"}
tx 18/100: nonce=0x5ee to=0x1000000000000000000000000000000000000013 response={"jsonrpc":"2.0","id":19,"result":"0xf471235006956fc5209456702c7de69b862f5ab1a4b6bf9c0de9d1a2fc87c166"}
tx 19/100: nonce=0x5ef to=0x1000000000000000000000000000000000000014 response={"jsonrpc":"2.0","id":20,"result":"0xc1b197883e4b5abf949cae9202955d66a08cb1f67deb594b657a34cbacd23218"}
tx 20/100: nonce=0x5f0 to=0x1000000000000000000000000000000000000015 response={"jsonrpc":"2.0","id":21,"result":"0x076698d9e3ace83320038713a01d4e2a6d1792c6f62645dc4142b8657130052e"}
tx 21/100: nonce=0x5f1 to=0x1000000000000000000000000000000000000016 response={"jsonrpc":"2.0","id":22,"result":"0xe1bb547bde28a67163ab478ce73af7f14aca536d63aea0fefe47c911a7cc00db"}
tx 22/100: nonce=0x5f2 to=0x1000000000000000000000000000000000000017 response={"jsonrpc":"2.0","id":23,"result":"0x00d756a401c975c2eac51557839acf5b45aea40e7e860f9ca88230fa6bbcb610"}
tx 23/100: nonce=0x5f3 to=0x1000000000000000000000000000000000000018 response={"jsonrpc":"2.0","id":24,"result":"0x982f2a32d81f89715b919eca821b36589fc111cd0f99c7cb54c534022ce71b5b"}
tx 24/100: nonce=0x5f4 to=0x1000000000000000000000000000000000000019 response={"jsonrpc":"2.0","id":25,"result":"0x0daf3e656bce3f2747e5d74771e7b4b720304bfda2ef2c6cb71e1c447fb923da"}
tx 25/100: nonce=0x5f5 to=0x100000000000000000000000000000000000001a response={"jsonrpc":"2.0","id":26,"result":"0x3fd2594c70a7f79d45ce04ce0f99458bd2e9c06465d50df1b9e05e9066b9ca05"}
tx 26/100: nonce=0x5f6 to=0x100000000000000000000000000000000000001b response={"jsonrpc":"2.0","id":27,"result":"0x3a49f70ea17f47ebc51f4dcf3cb4b0224412627e5fc3765ceba629e1ed191e36"}
tx 27/100: nonce=0x5f7 to=0x100000000000000000000000000000000000001c response={"jsonrpc":"2.0","id":28,"result":"0x0ca827682aae532478690f8d0caf52957788fa48cabbcaf4ec81cedd1ff77173"}
tx 28/100: nonce=0x5f8 to=0x100000000000000000000000000000000000001d response={"jsonrpc":"2.0","id":29,"result":"0x07144e1d3a34aec07dee590f415889dd9d1363285055350aafaa0a10321f832f"}
tx 29/100: nonce=0x5f9 to=0x100000000000000000000000000000000000001e response={"jsonrpc":"2.0","id":30,"result":"0x8c5bf1a21462b4b86ca191202b27c0a87094208fa76615e955aaa8fb2a434684"}
tx 30/100: nonce=0x5fa to=0x100000000000000000000000000000000000001f response={"jsonrpc":"2.0","id":31,"result":"0xbbbbdf93dbe1291dade09bffc4254f84ed5f1ce2809bdcaf48f919ac3ec17c23"}
tx 31/100: nonce=0x5fb to=0x1000000000000000000000000000000000000020 response={"jsonrpc":"2.0","id":32,"result":"0x3b13547fd5e0aa1898159f05dbd223ddd141d29ce69e29ece0e65a3592a9ff86"}
tx 32/100: nonce=0x5fc to=0x1000000000000000000000000000000000000021 response={"jsonrpc":"2.0","id":33,"result":"0xb67feba70eee366310bfa99b08fd4825f089f7fa83da3e76a457d83026fc9fef"}
tx 33/100: nonce=0x5fd to=0x1000000000000000000000000000000000000022 response={"jsonrpc":"2.0","id":34,"result":"0x0087f7cfe70d5186b41010077cd7d757922a5421383a9f4b5e2f5db35ebf6224"}
tx 34/100: nonce=0x5fe to=0x1000000000000000000000000000000000000023 response={"jsonrpc":"2.0","id":35,"result":"0xef2cc2b5854ebe69f566032178dfc4a96e7ff9702d3eaa316f618650744ae939"}
tx 35/100: nonce=0x5ff to=0x1000000000000000000000000000000000000024 response={"jsonrpc":"2.0","id":36,"result":"0x1fb565e0bc2f12893566995197962a526a2bc4a34536916209d86fb93fedb80c"}
tx 36/100: nonce=0x600 to=0x1000000000000000000000000000000000000025 response={"jsonrpc":"2.0","id":37,"result":"0x13722d0880e224252c8a35b10c67151c6d367a70c6754af9b81301afd261132b"}
tx 37/100: nonce=0x601 to=0x1000000000000000000000000000000000000026 response={"jsonrpc":"2.0","id":38,"result":"0xfaf22c2425e70d171dabc869b39371e89e0a4aa47658fad58c8a1b1e5c1694c7"}
tx 38/100: nonce=0x602 to=0x1000000000000000000000000000000000000027 response={"jsonrpc":"2.0","id":39,"result":"0x977b56a1fb5668c75b2e0fcccf46da3d8d5cbc9ec4a70d4e410ba5cc5fad83d6"}
tx 39/100: nonce=0x603 to=0x1000000000000000000000000000000000000028 response={"jsonrpc":"2.0","id":40,"result":"0xbe574856d04abd22dae2b0c8b24da06d6de706c91113487c1d6408d016a12e7f"}
tx 40/100: nonce=0x604 to=0x1000000000000000000000000000000000000029 response={"jsonrpc":"2.0","id":41,"result":"0xbfb312fbbcaaefd03a361a13b93db4a4e6fa0598f4655a37ba6ae5575690c952"}
tx 41/100: nonce=0x605 to=0x100000000000000000000000000000000000002a response={"jsonrpc":"2.0","id":42,"result":"0x2b0dbb325c42168269d141b19af8a4b94f46c9938dd0ba9ae43acaa379f2d3fa"}
tx 42/100: nonce=0x606 to=0x100000000000000000000000000000000000002b response={"jsonrpc":"2.0","id":43,"result":"0xdfceb704f5bc981c8e5e73f865d6992347f00d0aece1b53f976ba2f0613f3999"}
tx 43/100: nonce=0x607 to=0x100000000000000000000000000000000000002c response={"jsonrpc":"2.0","id":44,"result":"0xd8bd19ba07e660b81fcb2cf1bb91f62a56bc135d15fec8ee8e18533b11c58273"}
tx 44/100: nonce=0x608 to=0x100000000000000000000000000000000000002d response={"jsonrpc":"2.0","id":45,"result":"0x65004f209bc397853a1baa910e0942b28819fcf7aba2116f48ce6cf925c2f7ac"}
tx 45/100: nonce=0x609 to=0x100000000000000000000000000000000000002e response={"jsonrpc":"2.0","id":46,"result":"0x3dbceb6c1441cc545a97c17cbf2c1d20c5ff40d3ac27443c3bd431c7caae05cf"}
tx 46/100: nonce=0x60a to=0x100000000000000000000000000000000000002f response={"jsonrpc":"2.0","id":47,"result":"0x98b4abcd9da1b199775d6b8c4f29748c3e8a848dbd0da94c8c2e733b062fca42"}
tx 47/100: nonce=0x60b to=0x1000000000000000000000000000000000000030 response={"jsonrpc":"2.0","id":48,"result":"0x8458ffd1249b5c4f886cdfd440aaf14609b70bf39dfc3b14fc8f7b84b4fb6884"}
tx 48/100: nonce=0x60c to=0x1000000000000000000000000000000000000031 response={"jsonrpc":"2.0","id":49,"result":"0x6f40a9465f8b61e3a3681674a5547bb1682ce9fccce47f3157e7765b2641355a"}
tx 49/100: nonce=0x60d to=0x1000000000000000000000000000000000000032 response={"jsonrpc":"2.0","id":50,"result":"0xdc77ee2d31aff8dae4494702928b7839c937d1f7260ce1df4e5a19caa3e487ee"}
tx 50/100: nonce=0x60e to=0x1000000000000000000000000000000000000033 response={"jsonrpc":"2.0","id":51,"result":"0x11887e0aeb7de6442643da058e02209ccc2776001646bcc4b8feade71f5b4fee"}
tx 51/100: nonce=0x60f to=0x1000000000000000000000000000000000000034 response={"jsonrpc":"2.0","id":52,"result":"0x059291590709107c402c0487066223511455120f1c4bcf920e234792ad3c4bcd"}
tx 52/100: nonce=0x610 to=0x1000000000000000000000000000000000000035 response={"jsonrpc":"2.0","id":53,"result":"0x6f33e2d6e742fc08dee4d08fd620b24436645fde65ba934d67aaa719c8e86736"}
tx 53/100: nonce=0x611 to=0x1000000000000000000000000000000000000036 response={"jsonrpc":"2.0","id":54,"result":"0x9e3a559988e7ae9bc19048ba70ebd573681be4eaeb5c07918cc8d8ddcc5a604f"}
tx 54/100: nonce=0x612 to=0x1000000000000000000000000000000000000037 response={"jsonrpc":"2.0","id":55,"result":"0x44765722cc8935584a12e22b39f7bb16f5096476479d42328d0ef637d781b425"}
tx 55/100: nonce=0x613 to=0x1000000000000000000000000000000000000038 response={"jsonrpc":"2.0","id":56,"result":"0xfa89e2bfa1ac1e31dad5037544536d134d8ebbf6ed82824a77f8b677f3fabc6c"}
tx 56/100: nonce=0x614 to=0x1000000000000000000000000000000000000039 response={"jsonrpc":"2.0","id":57,"result":"0x8984db89f6f9bb5b89f283c7f15c6e10ca3f1acd333e6032a17bd6278848610e"}
tx 57/100: nonce=0x615 to=0x100000000000000000000000000000000000003a response={"jsonrpc":"2.0","id":58,"result":"0x3e426e36b4867546a697646a825ca6bc73f2a1ea557b5350a57666d198871b95"}
tx 58/100: nonce=0x616 to=0x100000000000000000000000000000000000003b response={"jsonrpc":"2.0","id":59,"result":"0x64e754588605d77a98568856eb49626b6126da6e33cd41ea1fb8b6a6fd33a74a"}
tx 59/100: nonce=0x617 to=0x100000000000000000000000000000000000003c response={"jsonrpc":"2.0","id":60,"result":"0x8d6d2e64bd9f7c35a62f7aac852071fc8c8944093e6d4e3b1fb430a6334953fe"}
tx 60/100: nonce=0x618 to=0x100000000000000000000000000000000000003d response={"jsonrpc":"2.0","id":61,"result":"0xc973fff21af61fe058dcf9f3b32b7ab9a56b266f27b4536810b8283d127bb46d"}
tx 61/100: nonce=0x619 to=0x100000000000000000000000000000000000003e response={"jsonrpc":"2.0","id":62,"result":"0xba3b47a374abd491044eb27b08b13d3b7f3b881d3634d2aa5f5d45a1c971a986"}
tx 62/100: nonce=0x61a to=0x100000000000000000000000000000000000003f response={"jsonrpc":"2.0","id":63,"result":"0xbf1f41fb5838f204900d5c0c078614079fc240f2e647290c1ecee25ac5ba9664"}
tx 63/100: nonce=0x61b to=0x1000000000000000000000000000000000000040 response={"jsonrpc":"2.0","id":64,"result":"0xc359461dbc066ca1e095aefcaf25242a113214b42abfaef2a64e0a520908a3b1"}
tx 64/100: nonce=0x61c to=0x1000000000000000000000000000000000000041 response={"jsonrpc":"2.0","id":65,"result":"0x897bb05ccf780a36b1d994c9b0804c170b224f0f40201ac720721a20e6b75f1b"}
tx 65/100: nonce=0x61d to=0x1000000000000000000000000000000000000042 response={"jsonrpc":"2.0","id":66,"result":"0x4475025f49601aabbb51f3ef70b54d4cef390fa040f3fb3ac422c9040318124a"}
tx 66/100: nonce=0x61e to=0x1000000000000000000000000000000000000043 response={"jsonrpc":"2.0","id":67,"result":"0xe38b5f8e36970c37940b32ff71fede117cf99dd151c7756dbf642190d0297fb8"}
tx 67/100: nonce=0x61f to=0x1000000000000000000000000000000000000044 response={"jsonrpc":"2.0","id":68,"result":"0x31466ff7b630845453614d4822fd900cb833fc9c01fca12fb534ec4a5b39118f"}
tx 68/100: nonce=0x620 to=0x1000000000000000000000000000000000000045 response={"jsonrpc":"2.0","id":69,"result":"0xc9b88536680e00850c98cc0ef817fb482bfde4ff3cd538c7cd58404fa738abaf"}
tx 69/100: nonce=0x621 to=0x1000000000000000000000000000000000000046 response={"jsonrpc":"2.0","id":70,"result":"0x791829ace5d8b399a335f5529815342987d2f26bff1a00a71ed7eae1113c9180"}
tx 70/100: nonce=0x622 to=0x1000000000000000000000000000000000000047 response={"jsonrpc":"2.0","id":71,"result":"0xc6dacbd1dd1ecd6261507f3511f8650b0541c9e1f6ec49e26651cd11324daab3"}
tx 71/100: nonce=0x623 to=0x1000000000000000000000000000000000000048 response={"jsonrpc":"2.0","id":72,"result":"0x80ec011243cbea2a97bbdba143be066ee7eed5353dbfb2c7e4743bb84df09b65"}
tx 72/100: nonce=0x624 to=0x1000000000000000000000000000000000000049 response={"jsonrpc":"2.0","id":73,"result":"0xce47a755e016e13bc218aa4e7fbc87401d6a401e5a109c0b79d56c3a2c3e7ba5"}
tx 73/100: nonce=0x625 to=0x100000000000000000000000000000000000004a response={"jsonrpc":"2.0","id":74,"result":"0xd6dcb7b16dc8c3e5dcd54eb78c130eb2b6426fa143140f05abd3c3b350887467"}
tx 74/100: nonce=0x626 to=0x100000000000000000000000000000000000004b response={"jsonrpc":"2.0","id":75,"result":"0xf41e0f2b30878112a811fce3a9665c745e302354e533fbab58aeff71e65670b6"}
tx 75/100: nonce=0x627 to=0x100000000000000000000000000000000000004c response={"jsonrpc":"2.0","id":76,"result":"0x401e1bde9a151fd1869928edb3154e4943652a9858821ff4c747396f159c0329"}
tx 76/100: nonce=0x628 to=0x100000000000000000000000000000000000004d response={"jsonrpc":"2.0","id":77,"result":"0xfaab97bda168c85db6142c6d0991b5c51febb4f0be6e7791e0b820ad9469b8f8"}
tx 77/100: nonce=0x629 to=0x100000000000000000000000000000000000004e response={"jsonrpc":"2.0","id":78,"result":"0x1ec4588739b1448571b3ee13010f0c7b88e888303b6edcc2d90f5b5285e0b00c"}
tx 78/100: nonce=0x62a to=0x100000000000000000000000000000000000004f response={"jsonrpc":"2.0","id":79,"result":"0x5a820452f1a38becc5605b1c3ffd9844e20cf7a22e146c10668ec18a6e107541"}
tx 79/100: nonce=0x62b to=0x1000000000000000000000000000000000000050 response={"jsonrpc":"2.0","id":80,"result":"0x6865e09d00b8f6df30fb6eb38ed1c9f8a656bffda7e7b51e0da69f2994663f87"}
tx 80/100: nonce=0x62c to=0x1000000000000000000000000000000000000051 response={"jsonrpc":"2.0","id":81,"result":"0x0bb60354fa73bf5700fac8588796460b28ca827588439327fefcfc50ef4c5432"}
tx 81/100: nonce=0x62d to=0x1000000000000000000000000000000000000052 response={"jsonrpc":"2.0","id":82,"result":"0xb11576b259586d8b2370e86001ffb8f22a3885f6490d375ef46b0be183785525"}
tx 82/100: nonce=0x62e to=0x1000000000000000000000000000000000000053 response={"jsonrpc":"2.0","id":83,"result":"0x04b73e45ec9823563eeeef25506f23c001253d2c4e773b392e9f014392620ae9"}
tx 83/100: nonce=0x62f to=0x1000000000000000000000000000000000000054 response={"jsonrpc":"2.0","id":84,"result":"0x0576e4c71c2bc81bc10633217c15cd340ef4911f6883d2a41d4dbca96167245f"}
tx 84/100: nonce=0x630 to=0x1000000000000000000000000000000000000055 response={"jsonrpc":"2.0","id":85,"result":"0xefb460e4f4a6ed4f8d094d1af57eea52d69d865a297efefea93410efedeb665b"}
tx 85/100: nonce=0x631 to=0x1000000000000000000000000000000000000056 response={"jsonrpc":"2.0","id":86,"result":"0xa70a58857380c1e9b560624d97f26cacb3a951e2e28a13cd9377f45bdfec11f3"}
tx 86/100: nonce=0x632 to=0x1000000000000000000000000000000000000057 response={"jsonrpc":"2.0","id":87,"result":"0xd8efed77d10df882d94a85551a4a434836807e5312d63aaf34927fd7de4fd8d0"}
tx 87/100: nonce=0x633 to=0x1000000000000000000000000000000000000058 response={"jsonrpc":"2.0","id":88,"result":"0x53cc97cb8891675aa26bf4b1493faf31b8945ad2768c9dc78704660ace74dee8"}
tx 88/100: nonce=0x634 to=0x1000000000000000000000000000000000000059 response={"jsonrpc":"2.0","id":89,"result":"0x4002845527872318d2d5f692ef1be8da54e03b5cefafebb25aa0e5288d29842f"}
tx 89/100: nonce=0x635 to=0x100000000000000000000000000000000000005a response={"jsonrpc":"2.0","id":90,"result":"0x845f973ca48ff95a6d5d4593520a1fb5836f6346c4227d49633eacbe4a38c6c8"}
tx 90/100: nonce=0x636 to=0x100000000000000000000000000000000000005b response={"jsonrpc":"2.0","id":91,"result":"0x369a8a5f83d619057d7d7830b20767ba6eb9f6d760f1b1201d253736897b3bf9"}
tx 91/100: nonce=0x637 to=0x100000000000000000000000000000000000005c response={"jsonrpc":"2.0","id":92,"result":"0x17df8f2dcf212249772c568811bf3c97db9ec32b479c355bc6395fc7cd64f79f"}
tx 92/100: nonce=0x638 to=0x100000000000000000000000000000000000005d response={"jsonrpc":"2.0","id":93,"result":"0x2876cae983a85ea3b2788e68a25635b2074581f3f74a55dcebcbf0f2a009d5d9"}
tx 93/100: nonce=0x639 to=0x100000000000000000000000000000000000005e response={"jsonrpc":"2.0","id":94,"result":"0x8f8ebdfd2d4645fdf064d7791f2ef3a1fbca925b0743c8e52f9d2a0145debb89"}
tx 94/100: nonce=0x63a to=0x100000000000000000000000000000000000005f response={"jsonrpc":"2.0","id":95,"result":"0x50dad5289b2ad7aef8c27f9333e831578c79dab76a84d900afb9901566ed18ec"}
tx 95/100: nonce=0x63b to=0x1000000000000000000000000000000000000060 response={"jsonrpc":"2.0","id":96,"result":"0x75f5e202c4403eb9322124346a27455d8751e15f16197843c37b38c2a8c0b9a8"}
tx 96/100: nonce=0x63c to=0x1000000000000000000000000000000000000061 response={"jsonrpc":"2.0","id":97,"result":"0xb3897a61346b5063345b6ca43b530b4d43bcb790cf869a65e842bf72f6fb910d"}
tx 97/100: nonce=0x63d to=0x1000000000000000000000000000000000000062 response={"jsonrpc":"2.0","id":98,"result":"0x890f5d89a363e27b5dbbcfbe56c908f74eb937ea478aaae132652f173e43a0f1"}
tx 98/100: nonce=0x63e to=0x1000000000000000000000000000000000000063 response={"jsonrpc":"2.0","id":99,"result":"0x2445471029b5298a7fb6475163e4e8a407249bcf4ca179c99ba36b2d9e05ec6c"}
tx 99/100: nonce=0x63f to=0x1000000000000000000000000000000000000064 response={"jsonrpc":"2.0","id":100,"result":"0xd0993070fc769ec86832083756e52eac173e46b0cd9093a68e4ad762cf19aa65"}
Done. Check pending txs with:
curl -s -H 'Content-Type: application/json' --data '{"jsonrpc":"2.0","method":"txpool_status","params":[],"id":1}' http://127.0.0.1:8545
Sending 100 txs from 0x92424e4f86201c931ba53eb48619d93244c18e13 via http://127.0.0.1:8545, base_nonce=1600, to_mode=sequential
tx 0/100: nonce=0x640 to=0x1000000000000000000000000000000000000001 response={"jsonrpc":"2.0","id":1,"result":"0x933f3d2cd9d11f4c85483d2e10538627190c89f0033f4b247c32bbd8cbee1e84"}
tx 1/100: nonce=0x641 to=0x1000000000000000000000000000000000000002 response={"jsonrpc":"2.0","id":2,"result":"0xb6c44dec6e59873a6b8e2371986f7ffe347cb8ca9a817463195fb6c565b08acd"}
tx 2/100: nonce=0x642 to=0x1000000000000000000000000000000000000003 response={"jsonrpc":"2.0","id":3,"result":"0x712466cb923275835ceab731d049c4f71ac01e5c0b78b9670f8e2a6a31a4b373"}
tx 3/100: nonce=0x643 to=0x1000000000000000000000000000000000000004 response={"jsonrpc":"2.0","id":4,"result":"0xaab3d1e7f19428fb87dc96d6b3738d6f916fab6d44b4a6ef9faade39413d4fc8"}
tx 4/100: nonce=0x644 to=0x1000000000000000000000000000000000000005 response={"jsonrpc":"2.0","id":5,"result":"0xb47a0e7950d2b134df0fd6fa5106569787d6051d3f4230144f5b1369d94d4b6d"}
tx 5/100: nonce=0x645 to=0x1000000000000000000000000000000000000006 response={"jsonrpc":"2.0","id":6,"result":"0xe19a69046a4de0c17c69e2f7a5b74ccfa06f3e3511e07952153efa6a6e1816fd"}
tx 6/100: nonce=0x646 to=0x1000000000000000000000000000000000000007 response={"jsonrpc":"2.0","id":7,"result":"0xad79bcd74df86e75ede51470dbbec516013b8c720d011d4e1a31ca89b2d1f1a8"}
tx 7/100: nonce=0x647 to=0x1000000000000000000000000000000000000008 response={"jsonrpc":"2.0","id":8,"result":"0x57e2baf6b618db78c07483899f7eb85c9b1489bc74a00cd3bce91eba53e4733a"}
tx 8/100: nonce=0x648 to=0x1000000000000000000000000000000000000009 response={"jsonrpc":"2.0","id":9,"result":"0x062a1d77b15968bebb2ab13049bbeab12ca3f4d07b9c1ed4698b8bdc138f49d6"}
tx 9/100: nonce=0x649 to=0x100000000000000000000000000000000000000a response={"jsonrpc":"2.0","id":10,"result":"0xc092c8a28bf4bd81f4d4358ecb82e6e0c7eb75d8506de1c91c4122f675587c23"}
tx 10/100: nonce=0x64a to=0x100000000000000000000000000000000000000b response={"jsonrpc":"2.0","id":11,"result":"0x12145e4f981869781d39c5c690abf0d6f6612280e9e9ace40234b77b8102e535"}
tx 11/100: nonce=0x64b to=0x100000000000000000000000000000000000000c response={"jsonrpc":"2.0","id":12,"result":"0x6e8891dfd922d3d7ffd686792952ea36d677bcdb796c2e4a11f87befdb0e4dfb"}
tx 12/100: nonce=0x64c to=0x100000000000000000000000000000000000000d response={"jsonrpc":"2.0","id":13,"result":"0xcca430b34e51a3ff01806ba878bff129bed8c9cc6199964397d41e295d702043"}
tx 13/100: nonce=0x64d to=0x100000000000000000000000000000000000000e response={"jsonrpc":"2.0","id":14,"result":"0x12aca28facad9a0ef0d1c5f0993b9ad61d5ff597f4d6865a3ca86e42db5ac7e4"}
tx 14/100: nonce=0x64e to=0x100000000000000000000000000000000000000f response={"jsonrpc":"2.0","id":15,"result":"0x639c1e5415fd9aa770c2952e90f456c5551318e8641c76200afcf9cb997e79a6"}
tx 15/100: nonce=0x64f to=0x1000000000000000000000000000000000000010 response={"jsonrpc":"2.0","id":16,"result":"0xc3c4168a94a1d310c8eb44cf22ca46f730e935f1e79c2b19d92d439cda690dce"}
tx 16/100: nonce=0x650 to=0x1000000000000000000000000000000000000011 response={"jsonrpc":"2.0","id":17,"result":"0x7861841f5d37c6481ebde80ab2b3b59b5e45d9dbe703a07113e6f92f5d74b3b0"}
tx 17/100: nonce=0x651 to=0x1000000000000000000000000000000000000012 response={"jsonrpc":"2.0","id":18,"result":"0xaa5161aa37ecd04f709868004a97d54accca9204a542663b27a35ec33f42e13b"}
tx 18/100: nonce=0x652 to=0x1000000000000000000000000000000000000013 response={"jsonrpc":"2.0","id":19,"result":"0x8eb2597c236852fec5c1330a1c72b4fa7080dcc47dda77dfa1a8b06c29698714"}
tx 19/100: nonce=0x653 to=0x1000000000000000000000000000000000000014 response={"jsonrpc":"2.0","id":20,"result":"0x2f4584fe8b0963b80335d58f1c69e9f976d335dbf6af8e049b9882d5e952cd01"}
tx 20/100: nonce=0x654 to=0x1000000000000000000000000000000000000015 response={"jsonrpc":"2.0","id":21,"result":"0x67b3f6aa376d5bb7bcabfc55ce81a240940f6a64fe2b8047b200dab55efe3a43"}
tx 21/100: nonce=0x655 to=0x1000000000000000000000000000000000000016 response={"jsonrpc":"2.0","id":22,"result":"0x09a9e9973f5c458869a0ee3b5b2e28c5f08497680821f038640903506049ddf9"}
tx 22/100: nonce=0x656 to=0x1000000000000000000000000000000000000017 response={"jsonrpc":"2.0","id":23,"result":"0xd65460eee0a0f2fd447e8c21a7eb10c60671db330aa9fa8fa7d0d07ad9859ef4"}
tx 23/100: nonce=0x657 to=0x1000000000000000000000000000000000000018 response={"jsonrpc":"2.0","id":24,"result":"0x7aab0bf109faec91047df4f2299d557bc331962453fc3c5b3aeba2a53e8ff9ce"}
tx 24/100: nonce=0x658 to=0x1000000000000000000000000000000000000019 response={"jsonrpc":"2.0","id":25,"result":"0x9f2cedd1f116307fbee9c3c29346756145287794408f3167b17b6111c972d650"}
tx 25/100: nonce=0x659 to=0x100000000000000000000000000000000000001a response={"jsonrpc":"2.0","id":26,"result":"0x908caaf86d69eb6cd542db924d17763e94a8c77d03c34eac1f121135fb250213"}
tx 26/100: nonce=0x65a to=0x100000000000000000000000000000000000001b response={"jsonrpc":"2.0","id":27,"result":"0x1cb9246564cc835201824467340785189e90439cf0d680974cee7d75c14ef114"}
tx 27/100: nonce=0x65b to=0x100000000000000000000000000000000000001c response={"jsonrpc":"2.0","id":28,"result":"0xcd3320c1e8971fa8fb5984c8a7348a42c0571ce01dd3212dc887276714366b3b"}
tx 28/100: nonce=0x65c to=0x100000000000000000000000000000000000001d response={"jsonrpc":"2.0","id":29,"result":"0x535a5c2833b66eb6907393d5e8deeb82234f03e64c40a02bc746862fce53996c"}
tx 29/100: nonce=0x65d to=0x100000000000000000000000000000000000001e response={"jsonrpc":"2.0","id":30,"result":"0x53f19eeccc916f86e1efe60af073e7323781079ef108e7ca587fdd4f61bc6318"}
tx 30/100: nonce=0x65e to=0x100000000000000000000000000000000000001f response={"jsonrpc":"2.0","id":31,"result":"0x6bd5941f28c987ccc2ab3ec4db1b4580989f08f850c4ee2e3bed1d4d12a0fb3f"}
tx 31/100: nonce=0x65f to=0x1000000000000000000000000000000000000020 response={"jsonrpc":"2.0","id":32,"result":"0x1b3eb3e99454aa5cc8b5e0f74206db81e01e75d15e6ec2137ffbbfe8135200ce"}
tx 32/100: nonce=0x660 to=0x1000000000000000000000000000000000000021 response={"jsonrpc":"2.0","id":33,"result":"0x92499f16ca98a26ee49aed0be8821b3ca479b6add8d4c532dd848c7529792c34"}
tx 33/100: nonce=0x661 to=0x1000000000000000000000000000000000000022 response={"jsonrpc":"2.0","id":34,"result":"0xeb815d3f7e50d8feabc599d72bf3be5c7002b01b535e92c56ff51e323f006943"}
tx 34/100: nonce=0x662 to=0x1000000000000000000000000000000000000023 response={"jsonrpc":"2.0","id":35,"result":"0x5fcd6a4f2be7a1ef55abcdeb01f2ba968558c0077e24b3de241b2c9cd6b406f3"}
tx 35/100: nonce=0x663 to=0x1000000000000000000000000000000000000024 response={"jsonrpc":"2.0","id":36,"result":"0x02f47969565f320e5e5543c7de904ac6d3a982c3be7a2399677decdde504d952"}
tx 36/100: nonce=0x664 to=0x1000000000000000000000000000000000000025 response={"jsonrpc":"2.0","id":37,"result":"0x60972bac5e603293c533d2c5cdbdef435c06c600ea963ae3a1a715b54c3f6e25"}
tx 37/100: nonce=0x665 to=0x1000000000000000000000000000000000000026 response={"jsonrpc":"2.0","id":38,"result":"0xc7b7010ca50848b6950f9da29bb58c8b48aa2097f3ab889605cd9cc9aff426e9"}
tx 38/100: nonce=0x666 to=0x1000000000000000000000000000000000000027 response={"jsonrpc":"2.0","id":39,"result":"0xff1d72add73c6a1ef36ee2bd2c6c1f0d6e509d3731beff292bc4a252c632e2af"}
tx 39/100: nonce=0x667 to=0x1000000000000000000000000000000000000028 response={"jsonrpc":"2.0","id":40,"result":"0x0537ff2ab2a7fbac90b093ae37d93ef063f1961e1e714bfaacab8168ba1efaec"}
tx 40/100: nonce=0x668 to=0x1000000000000000000000000000000000000029 response={"jsonrpc":"2.0","id":41,"result":"0x40739d48a60ee293aed8b05637c0ad839d882576c6a8c3f90892f3ec8c5101ff"}
tx 41/100: nonce=0x669 to=0x100000000000000000000000000000000000002a response={"jsonrpc":"2.0","id":42,"result":"0xb33bd446cc45d563735d81fb9873fac81aafd6b1ba631db74ba8e2fb89c5df3d"}
tx 42/100: nonce=0x66a to=0x100000000000000000000000000000000000002b response={"jsonrpc":"2.0","id":43,"result":"0x873d577ef96c227954f8ccbe37faf0d39a1cecaffdaf8fdc1bc331737c2297d1"}
tx 43/100: nonce=0x66b to=0x100000000000000000000000000000000000002c response={"jsonrpc":"2.0","id":44,"result":"0xf4e159b3ed827e0dee5e4047dfa74c9528a3a7262db50ba936743981ec662eba"}
tx 44/100: nonce=0x66c to=0x100000000000000000000000000000000000002d response={"jsonrpc":"2.0","id":45,"result":"0xf8492b0899843af2b2f5c36cb2255e7e923466948c7bcce9d577c121808390d0"}
tx 45/100: nonce=0x66d to=0x100000000000000000000000000000000000002e response={"jsonrpc":"2.0","id":46,"result":"0x9317d7d30e34b9328a59c49cb5a0f64fb6f84744565247803f5fd3c358b99b94"}
tx 46/100: nonce=0x66e to=0x100000000000000000000000000000000000002f response={"jsonrpc":"2.0","id":47,"result":"0xb326e3f2e17652c0bcb738cf05c7b1b55ad361bf5da1d6ae8681898bd8783214"}
tx 47/100: nonce=0x66f to=0x1000000000000000000000000000000000000030 response={"jsonrpc":"2.0","id":48,"result":"0xda055b0345e248ab5cb9a46ca33f20fd1335c06bae6831002558a935afa233a6"}
tx 48/100: nonce=0x670 to=0x1000000000000000000000000000000000000031 response={"jsonrpc":"2.0","id":49,"result":"0x506f94e2ea842fd6870dce780b5d8b8664de707472da1f31a9c5e7acce870133"}
tx 49/100: nonce=0x671 to=0x1000000000000000000000000000000000000032 response={"jsonrpc":"2.0","id":50,"result":"0x4213db01ac41d395f90b17545107d0aa36588ac9c0fcedcb98aa3550db46e0bb"}
tx 50/100: nonce=0x672 to=0x1000000000000000000000000000000000000033 response={"jsonrpc":"2.0","id":51,"result":"0x1faffc63b9a3236e4683baeb5f83efa236361c411120d8e162f163aa62bd96e9"}
tx 51/100: nonce=0x673 to=0x1000000000000000000000000000000000000034 response={"jsonrpc":"2.0","id":52,"result":"0x9d982d485c555d014aaa95e601b220822782d714069918e40531a9b06472df6f"}
tx 52/100: nonce=0x674 to=0x1000000000000000000000000000000000000035 response={"jsonrpc":"2.0","id":53,"result":"0x5ec9bdb044c83c3d3271b378df6886ed551befa6ee23fcb8df1c3f9b302383bb"}
tx 53/100: nonce=0x675 to=0x1000000000000000000000000000000000000036 response={"jsonrpc":"2.0","id":54,"result":"0x07775621441c350279db71d7c3d35c072969e81772b6bdf5c7561d6eed57dda4"}
tx 54/100: nonce=0x676 to=0x1000000000000000000000000000000000000037 response={"jsonrpc":"2.0","id":55,"result":"0x3af07a4f90e6f2fc6217e8d6906fffe4852a30c9b763dde37c9b0ab537a767fa"}
tx 55/100: nonce=0x677 to=0x1000000000000000000000000000000000000038 response={"jsonrpc":"2.0","id":56,"result":"0x9b2db1d0f2c331b3b6c085aa54d4a045aceac7ffa3dc5c77b7d9ce670856d1b1"}
tx 56/100: nonce=0x678 to=0x1000000000000000000000000000000000000039 response={"jsonrpc":"2.0","id":57,"result":"0x3b85a39de5082445657603f258f3bea19cb22572ffc94249494ef895a95fb88f"}
tx 57/100: nonce=0x679 to=0x100000000000000000000000000000000000003a response={"jsonrpc":"2.0","id":58,"result":"0xd659411597375a651b46f0c87cb61b669a3b922417b674518b864f8420a95465"}
tx 58/100: nonce=0x67a to=0x100000000000000000000000000000000000003b response={"jsonrpc":"2.0","id":59,"result":"0x122340fdd945fc7b1db16b73ba9ee6bd2651ba62a486bc13e5f3beab3fefb11c"}
tx 59/100: nonce=0x67b to=0x100000000000000000000000000000000000003c response={"jsonrpc":"2.0","id":60,"result":"0x917feb52cc9c49d376ef7f29d92cdddec5dae976752ffc592e3280f93ddfe767"}
tx 60/100: nonce=0x67c to=0x100000000000000000000000000000000000003d response={"jsonrpc":"2.0","id":61,"result":"0xe1577b186a06c16972f050da4ef5abe6af9663cb0ea918dd38b18fea86800366"}
tx 61/100: nonce=0x67d to=0x100000000000000000000000000000000000003e response={"jsonrpc":"2.0","id":62,"result":"0x320f3a2f40291f8cec0248eea78ea562be0cd1cf9b07baa1d8802dacdc6d0971"}
tx 62/100: nonce=0x67e to=0x100000000000000000000000000000000000003f response={"jsonrpc":"2.0","id":63,"result":"0x3af38f66c3b4551066233b6925a1d59efe9ffb90ffa65895100b56ff0e54b551"}
tx 63/100: nonce=0x67f to=0x1000000000000000000000000000000000000040 response={"jsonrpc":"2.0","id":64,"result":"0xf1f378aef9f10df438837af29de3ca9d4316fd311f35b504ebeeb86fc10189d6"}
tx 64/100: nonce=0x680 to=0x1000000000000000000000000000000000000041 response={"jsonrpc":"2.0","id":65,"result":"0xfd31f677a0c02b302251c7ab386ade74fa201276a569257cd50bf6465aeec78a"}
tx 65/100: nonce=0x681 to=0x1000000000000000000000000000000000000042 response={"jsonrpc":"2.0","id":66,"result":"0x4516bc817326b88b2bdcc9785d33be72d4de8b77e4c6fc3fb77af10d2e95053c"}
tx 66/100: nonce=0x682 to=0x1000000000000000000000000000000000000043 response={"jsonrpc":"2.0","id":67,"result":"0xed9c3d178ba660e82e05ddfb3820ac78a213a9bbea61a47bf6bcc6ea38caa8e4"}
tx 67/100: nonce=0x683 to=0x1000000000000000000000000000000000000044 response={"jsonrpc":"2.0","id":68,"result":"0xe127b04861f522b345706ac0e0cfbc91941507e77693322d0bd7682280f97b48"}
tx 68/100: nonce=0x684 to=0x1000000000000000000000000000000000000045 response={"jsonrpc":"2.0","id":69,"result":"0x6f4cbc14ea45a93fa198622f81616b807742c311db8bcc32858b4567e78952e0"}
tx 69/100: nonce=0x685 to=0x1000000000000000000000000000000000000046 response={"jsonrpc":"2.0","id":70,"result":"0xe0008c45ec99ac1d93591e5461c28f944dbfe15d66f08e05e48ebb10ada04ae9"}
tx 70/100: nonce=0x686 to=0x1000000000000000000000000000000000000047 response={"jsonrpc":"2.0","id":71,"result":"0x5cafb1c258d34059edcf9c3c71b2fc515b24fcf89bfb75166ddf23b766d62a53"}
tx 71/100: nonce=0x687 to=0x1000000000000000000000000000000000000048 response={"jsonrpc":"2.0","id":72,"result":"0x605b8e4cd48905d3998bd5d8400b58e10aa8699f9ba5020455d939b22db2e688"}
tx 72/100: nonce=0x688 to=0x1000000000000000000000000000000000000049 response={"jsonrpc":"2.0","id":73,"result":"0x79cb7f8a32ce58665bfc7d06e6f061a2db83ce2351f05580b6feea508a933dc0"}
tx 73/100: nonce=0x689 to=0x100000000000000000000000000000000000004a response={"jsonrpc":"2.0","id":74,"result":"0x1e74d09ac682bd8ba4932e6915d0e31b29ecb9e6f656b00f68d70c1b317033a1"}
tx 74/100: nonce=0x68a to=0x100000000000000000000000000000000000004b response={"jsonrpc":"2.0","id":75,"result":"0x36702bf9ab6327d42d4d3c424e61fd5005972961cacfdeaa0176c56203dc38f6"}
tx 75/100: nonce=0x68b to=0x100000000000000000000000000000000000004c response={"jsonrpc":"2.0","id":76,"result":"0x852215f5b15a8627295bd5472dd2147f404b7b51f0d0f44f11dde58a0889eedf"}
tx 76/100: nonce=0x68c to=0x100000000000000000000000000000000000004d response={"jsonrpc":"2.0","id":77,"result":"0xca7b720034c88a509dc6c678fdcd7a234341c8d949501de9c9f30356d5e36c79"}
tx 77/100: nonce=0x68d to=0x100000000000000000000000000000000000004e response={"jsonrpc":"2.0","id":78,"result":"0x0000bc17f9bc65d6b796df8c18b3b44633fb828880920551a3283b8ec4423bfc"}
tx 78/100: nonce=0x68e to=0x100000000000000000000000000000000000004f response={"jsonrpc":"2.0","id":79,"result":"0xdca10efd4ca99f2b2d29bd3330041210a3daa5b1a95d4e0c8d8f6d61124eddd3"}
tx 79/100: nonce=0x68f to=0x1000000000000000000000000000000000000050 response={"jsonrpc":"2.0","id":80,"result":"0x5204537fe3a607ddcea0efe0cd206446af7c7716d51690e56e15d6f062b29b89"}
tx 80/100: nonce=0x690 to=0x1000000000000000000000000000000000000051 response={"jsonrpc":"2.0","id":81,"result":"0x001680bcc4c8766aa1a7d14ccefa3afbec40155ac7d2574a9b2ec89a1756acfe"}
tx 81/100: nonce=0x691 to=0x1000000000000000000000000000000000000052 response={"jsonrpc":"2.0","id":82,"result":"0x793563e3aede0aff81cb360d8c309c3f8b41a954a252bb03577de1cb383fc885"}
tx 82/100: nonce=0x692 to=0x1000000000000000000000000000000000000053 response={"jsonrpc":"2.0","id":83,"result":"0x1b7f5fb47b9f66ec00b7d78ed35b50f406db0c5fda1d58cee0ef42eb32e86cd2"}
tx 83/100: nonce=0x693 to=0x1000000000000000000000000000000000000054 response={"jsonrpc":"2.0","id":84,"result":"0x6580675fd9ba4bf2422caf831900a59acd60563e5a099d0186fde4d4bdebb0a2"}
tx 84/100: nonce=0x694 to=0x1000000000000000000000000000000000000055 response={"jsonrpc":"2.0","id":85,"result":"0x5f5cb715c92a6c7f47572a9ae2024888f667c3f763a038ba843baf322d4ec4e5"}
tx 85/100: nonce=0x695 to=0x1000000000000000000000000000000000000056 response={"jsonrpc":"2.0","id":86,"result":"0x07440faaf722933810915e315da723a355fcdcc6e4192677d3a51e6e5d0fe54e"}
tx 86/100: nonce=0x696 to=0x1000000000000000000000000000000000000057 response={"jsonrpc":"2.0","id":87,"result":"0xb42885b0b75a223f21b10fe048178f285b58836f45814793a4362d30c0bad9f2"}
tx 87/100: nonce=0x697 to=0x1000000000000000000000000000000000000058 response={"jsonrpc":"2.0","id":88,"result":"0xd96a831763e7190d92064e137768f13077b9c3e2bf99eb110ddd746973eb7dbf"}
tx 88/100: nonce=0x698 to=0x1000000000000000000000000000000000000059 response={"jsonrpc":"2.0","id":89,"result":"0xc69679b60abe4123f6037c9830bb7b99cbacc8f6e1d5a8a315b425d9234ed41c"}
tx 89/100: nonce=0x699 to=0x100000000000000000000000000000000000005a response={"jsonrpc":"2.0","id":90,"result":"0x6d8de30cc45902ba4ae65699c2f8a47bda08553bb3d7f123c0a489599fb2c9d7"}
tx 90/100: nonce=0x69a to=0x100000000000000000000000000000000000005b response={"jsonrpc":"2.0","id":91,"result":"0x464be06eda31c6487fa6a82429fe60838d6b8c00d582e7fa0fdada33b2c4475b"}
tx 91/100: nonce=0x69b to=0x100000000000000000000000000000000000005c response={"jsonrpc":"2.0","id":92,"result":"0x82d2cc36e5db0e11d2e0fd661bb6fca812c6192ffddd30c8cf74540a61e33cda"}
tx 92/100: nonce=0x69c to=0x100000000000000000000000000000000000005d response={"jsonrpc":"2.0","id":93,"result":"0x2e4f1e0e483d94c5f81137fce88e13fefac3fdfa5fcc7434588ce7edb82c754e"}
tx 93/100: nonce=0x69d to=0x100000000000000000000000000000000000005e response={"jsonrpc":"2.0","id":94,"result":"0x118c3f786d9958fe132423b00004f2df5c0d01d550a95c26abb361400d23417d"}
tx 94/100: nonce=0x69e to=0x100000000000000000000000000000000000005f response={"jsonrpc":"2.0","id":95,"result":"0x0f1c3f5301d29ad4c5adb1418bf4db3e62c96504042cf59740aff4ab92b01b3e"}
tx 95/100: nonce=0x69f to=0x1000000000000000000000000000000000000060 response={"jsonrpc":"2.0","id":96,"result":"0xdcb5af979d4ac46ca1e27b85a1849b46ad5744460e10f5130b20b6882011ec36"}
tx 96/100: nonce=0x6a0 to=0x1000000000000000000000000000000000000061 response={"jsonrpc":"2.0","id":97,"result":"0x7b67c4829c71e622e2adf24ce2f24245b869005fce88685504f5e71be4389a48"}
tx 97/100: nonce=0x6a1 to=0x1000000000000000000000000000000000000062 response={"jsonrpc":"2.0","id":98,"result":"0xbfbb27eba1f30e30fd6e73a0f2d51d8d1f76d76fa0cce7ef3764a2a99d3f8f0b"}
tx 98/100: nonce=0x6a2 to=0x1000000000000000000000000000000000000063 response={"jsonrpc":"2.0","id":99,"result":"0xfb7d5bffb682f97dfd04e24b950ee7a785545ee8c9be2c1e58eaa54d9cd85ebb"}
tx 99/100: nonce=0x6a3 to=0x1000000000000000000000000000000000000064 response={"jsonrpc":"2.0","id":100,"result":"0xfc4e12e97b1523b3e29d9b756b196b7a3092a82dba2c779fe52c5baf2b8b8120"}
Done. Check pending txs with:
curl -s -H 'Content-Type: application/json' --data '{"jsonrpc":"2.0","method":"txpool_status","params":[],"id":1}' http://127.0.0.1:8545
Sending 100 txs from 0x92424e4f86201c931ba53eb48619d93244c18e13 via http://127.0.0.1:8545, base_nonce=1700, to_mode=sequential
tx 0/100: nonce=0x6a4 to=0x1000000000000000000000000000000000000001 response={"jsonrpc":"2.0","id":1,"result":"0xd52e2e74a53d6fda621614d6ef07168804c87564eba2a769fc9514c86399cfc5"}
tx 1/100: nonce=0x6a5 to=0x1000000000000000000000000000000000000002 response={"jsonrpc":"2.0","id":2,"result":"0x64bebcdff58232d659c0406b11f7805e219f4dbac1db3778edbfd31d1bf04f26"}
tx 2/100: nonce=0x6a6 to=0x1000000000000000000000000000000000000003 response={"jsonrpc":"2.0","id":3,"result":"0x2646f4aac20ea50fddcf9a15dbb54d0ebb3701fdf19db1d2bd1f1b2cf6cde84c"}
tx 3/100: nonce=0x6a7 to=0x1000000000000000000000000000000000000004 response={"jsonrpc":"2.0","id":4,"result":"0x62b63809be46da4ff7da8b893cf70b0957db2268094b2ebdb3b5e13e00ecdef7"}
tx 4/100: nonce=0x6a8 to=0x1000000000000000000000000000000000000005 response={"jsonrpc":"2.0","id":5,"result":"0xe0ab95bf9e5b895376d7d025d0f62ac1e6f5e9f1fbaa24aa8c59b08d15493200"}
tx 5/100: nonce=0x6a9 to=0x1000000000000000000000000000000000000006 response={"jsonrpc":"2.0","id":6,"result":"0xe436c80478b19ca32f0af37d3d692e5a9e7685bb0e6a969a42e15c20bc457fb6"}
tx 6/100: nonce=0x6aa to=0x1000000000000000000000000000000000000007 response={"jsonrpc":"2.0","id":7,"result":"0x33c9e5815293fd442cf75f514ff812f1366108f118502c1519487b7198e35891"}
tx 7/100: nonce=0x6ab to=0x1000000000000000000000000000000000000008 response={"jsonrpc":"2.0","id":8,"result":"0xa6953905193cd6a707122ccc18aa08cd6b8863c752ac69b0522af80e1c9d0a3b"}
tx 8/100: nonce=0x6ac to=0x1000000000000000000000000000000000000009 response={"jsonrpc":"2.0","id":9,"result":"0x0f16653cb5c49f139cdebea481c66a486da89999b500d3bcb8a43da21b11be45"}
tx 9/100: nonce=0x6ad to=0x100000000000000000000000000000000000000a response={"jsonrpc":"2.0","id":10,"result":"0x879fe55fc25084d982bad07ecd6db91091164ff3c4421f622394d43c9631b9f2"}
tx 10/100: nonce=0x6ae to=0x100000000000000000000000000000000000000b response={"jsonrpc":"2.0","id":11,"result":"0x23a395545eabbbd6274b9cb9c8f5961631bac0087cc156efc3fc15bccc35c520"}
tx 11/100: nonce=0x6af to=0x100000000000000000000000000000000000000c response={"jsonrpc":"2.0","id":12,"result":"0xf4b8710394c14bc5e7a02684f61183f99b5c2254f2831465e3fa6453f6a9b6a4"}
tx 12/100: nonce=0x6b0 to=0x100000000000000000000000000000000000000d response={"jsonrpc":"2.0","id":13,"result":"0x44a8f2bfe79bf8ff6bfef42eb1701a306075917a886700b5e8105a61686078e5"}
tx 13/100: nonce=0x6b1 to=0x100000000000000000000000000000000000000e response={"jsonrpc":"2.0","id":14,"result":"0x8a2ee0f139efb0ef8066cd81cd7a8d7418ae70fb1eadd5fbf93000fbdafa8b3f"}
tx 14/100: nonce=0x6b2 to=0x100000000000000000000000000000000000000f response={"jsonrpc":"2.0","id":15,"result":"0xec7c274e28cb9e3d35ab426c29c31937f532ec315081f536d78cb280be423cc4"}
tx 15/100: nonce=0x6b3 to=0x1000000000000000000000000000000000000010 response={"jsonrpc":"2.0","id":16,"result":"0x4c9f75ca4a276567366426bf30a11f868755882f27115c0f58c8d9e364609484"}
tx 16/100: nonce=0x6b4 to=0x1000000000000000000000000000000000000011 response={"jsonrpc":"2.0","id":17,"result":"0x4063c59e0f1b674f7da4bdf35d973c454364593a63485601d43a53c5f3515ccb"}
tx 17/100: nonce=0x6b5 to=0x1000000000000000000000000000000000000012 response={"jsonrpc":"2.0","id":18,"result":"0x6d27934a1dea1a98f6fd484adcf7b92901d147aa2730e0ff9a54e9ca311f6570"}
tx 18/100: nonce=0x6b6 to=0x1000000000000000000000000000000000000013 response={"jsonrpc":"2.0","id":19,"result":"0x2946c672f222a580746f6f9079b33a2d2c834061809989be26343edcdfa04c1b"}
tx 19/100: nonce=0x6b7 to=0x1000000000000000000000000000000000000014 response={"jsonrpc":"2.0","id":20,"result":"0xa3bb99b052b41fccd4e905d8f06901c2041361cc494e5d555dbf4faa3c34a0a8"}
tx 20/100: nonce=0x6b8 to=0x1000000000000000000000000000000000000015 response={"jsonrpc":"2.0","id":21,"result":"0x18dbe2a549297c5a3fd7e2ee2111bb02857c07bafe57b3de5e0a8a9edd29d066"}
tx 21/100: nonce=0x6b9 to=0x1000000000000000000000000000000000000016 response={"jsonrpc":"2.0","id":22,"result":"0x8efc09240c86b11dceea38acb8fc7cc87337b7de18c4195979ab45571be5cfdd"}
tx 22/100: nonce=0x6ba to=0x1000000000000000000000000000000000000017 response={"jsonrpc":"2.0","id":23,"result":"0x74aeec43643b4661d0c47908a62fe47d5e5304375c02fac28eeb4fad0a98dd6c"}
tx 23/100: nonce=0x6bb to=0x1000000000000000000000000000000000000018 response={"jsonrpc":"2.0","id":24,"result":"0xbb001480f9060784cf3c51006316e11f8dae3f6013ace972c89c699aeb67fd2d"}
tx 24/100: nonce=0x6bc to=0x1000000000000000000000000000000000000019 response={"jsonrpc":"2.0","id":25,"result":"0x4e40d3a3667a009d9396895e4adf5bbd256ec25ece34192e6f2bdd95d5fe6c56"}
tx 25/100: nonce=0x6bd to=0x100000000000000000000000000000000000001a response={"jsonrpc":"2.0","id":26,"result":"0x429fe3f50d48eba70d03e7ac187b850af4beae556545f27ce2a6df2b82ddadcb"}
tx 26/100: nonce=0x6be to=0x100000000000000000000000000000000000001b response={"jsonrpc":"2.0","id":27,"result":"0x5c80ce1159c501b6fb36c3ae7174828bbf40c180addaa8d7017e97bd8b03ae3e"}
tx 27/100: nonce=0x6bf to=0x100000000000000000000000000000000000001c response={"jsonrpc":"2.0","id":28,"result":"0x6b901e905ab2cb0fabd2fab2587161f8a7c3ca77c96ae8ac159dd8d58c50de19"}
tx 28/100: nonce=0x6c0 to=0x100000000000000000000000000000000000001d response={"jsonrpc":"2.0","id":29,"result":"0x37e0ae384006515e87a726d4e9000df3697eeddf94baf387db3d7ce334d3d81f"}
tx 29/100: nonce=0x6c1 to=0x100000000000000000000000000000000000001e response={"jsonrpc":"2.0","id":30,"result":"0xd01e74611312c74e7837691d1965e7558e035a9f198c4b3cec25dbf65f30c967"}
tx 30/100: nonce=0x6c2 to=0x100000000000000000000000000000000000001f response={"jsonrpc":"2.0","id":31,"result":"0xb17e7d4b6d88c3adc66109ee5b95aef531b39c26b1a11da2f02bc94a09a7ef80"}
tx 31/100: nonce=0x6c3 to=0x1000000000000000000000000000000000000020 response={"jsonrpc":"2.0","id":32,"result":"0x282454e65492857023622cf2c6ca5c7b37dc63e4b8a3ff81cb8545bc2b69424e"}
tx 32/100: nonce=0x6c4 to=0x1000000000000000000000000000000000000021 response={"jsonrpc":"2.0","id":33,"result":"0x807bd0da5112cf65fecb9e19bd84e511e1b30eed207fd5dc59d4e514547e1343"}
tx 33/100: nonce=0x6c5 to=0x1000000000000000000000000000000000000022 response={"jsonrpc":"2.0","id":34,"result":"0xaf58f89f23588d8eb027f7878f477ce3da071cc5967e8f2f029135e2e7818e71"}
tx 34/100: nonce=0x6c6 to=0x1000000000000000000000000000000000000023 response={"jsonrpc":"2.0","id":35,"result":"0x49ec1e41acc1f6b9ab1b7d3da87542b6d28c99f42630bf9c7b958c7877a4a44b"}
tx 35/100: nonce=0x6c7 to=0x1000000000000000000000000000000000000024 response={"jsonrpc":"2.0","id":36,"result":"0x7c1ee358c78da47530c1dc30dd0f2675d0f309bac5b1a7b5754e4ab2cf7e64bf"}
tx 36/100: nonce=0x6c8 to=0x1000000000000000000000000000000000000025 response={"jsonrpc":"2.0","id":37,"result":"0x778fbdc5029afc8527c2bcac2e0d41ac212fe48deec59676e255dc595a6ea22e"}
tx 37/100: nonce=0x6c9 to=0x1000000000000000000000000000000000000026 response={"jsonrpc":"2.0","id":38,"result":"0xc16ac7675e5d1ce1673e3cee8e656495796b22eddf0ee87481f6ab2386096746"}
tx 38/100: nonce=0x6ca to=0x1000000000000000000000000000000000000027 response={"jsonrpc":"2.0","id":39,"result":"0x860200b778f176a0b7656705a3eed9cd91a8422c7008941ab1e40a1afe693f86"}
tx 39/100: nonce=0x6cb to=0x1000000000000000000000000000000000000028 response={"jsonrpc":"2.0","id":40,"result":"0x0540c2b64e571d434157f5808992b541757463b001bdf2d502f5947e78bb75ee"}
tx 40/100: nonce=0x6cc to=0x1000000000000000000000000000000000000029 response={"jsonrpc":"2.0","id":41,"result":"0x3b64072e97142f049d5fccf6e7fe01eff6831751d8aed81414cb6fcea9837ef2"}
tx 41/100: nonce=0x6cd to=0x100000000000000000000000000000000000002a response={"jsonrpc":"2.0","id":42,"result":"0x50f329de212756e2ac98b4718d81c582b675a1ed55aad14fd723f98bcce1d2f6"}
tx 42/100: nonce=0x6ce to=0x100000000000000000000000000000000000002b response={"jsonrpc":"2.0","id":43,"result":"0xa07283b713f7f9e1c93a5c6bfa74304a1903a9d389fa22c7ab45338d4248907a"}
tx 43/100: nonce=0x6cf to=0x100000000000000000000000000000000000002c response={"jsonrpc":"2.0","id":44,"result":"0xa748eeba238b1de23ce4f75d15e8a7785e9d7cea00374d2bc33a3cb9200d637f"}
tx 44/100: nonce=0x6d0 to=0x100000000000000000000000000000000000002d response={"jsonrpc":"2.0","id":45,"result":"0xd91a9f6e7bf666c015e6bbb28eebe7a9454db8909f320f8cfa24e1f04917817d"}
tx 45/100: nonce=0x6d1 to=0x100000000000000000000000000000000000002e response={"jsonrpc":"2.0","id":46,"result":"0x2098e9a973549774fcaa20607cca4cf34751f7b1b691efa5072e25af0caeea6f"}
tx 46/100: nonce=0x6d2 to=0x100000000000000000000000000000000000002f response={"jsonrpc":"2.0","id":47,"result":"0x6f223c70190ec364f69e49d68ef891e6c5fa7a27a00181c224997f570c876449"}
tx 47/100: nonce=0x6d3 to=0x1000000000000000000000000000000000000030 response={"jsonrpc":"2.0","id":48,"result":"0x44fa86c8b9dab1f9aaf049405435d2fa383ee236db912a40905c9ef1a3860789"}
tx 48/100: nonce=0x6d4 to=0x1000000000000000000000000000000000000031 response={"jsonrpc":"2.0","id":49,"result":"0x03f0ce92d9987622b1cc3688c40d0952213f6fc43223a8c3298213078b83bd96"}
tx 49/100: nonce=0x6d5 to=0x1000000000000000000000000000000000000032 response={"jsonrpc":"2.0","id":50,"result":"0x8d8b7141ef8dc4e9301486952eff625df8a53e05602237bc0074116c1006134c"}
tx 50/100: nonce=0x6d6 to=0x1000000000000000000000000000000000000033 response={"jsonrpc":"2.0","id":51,"result":"0x387c279bf8360e1e28f5562bd51ce4f78a0fdafc7e70845f084c1f6760f211b7"}
tx 51/100: nonce=0x6d7 to=0x1000000000000000000000000000000000000034 response={"jsonrpc":"2.0","id":52,"result":"0x650d2f2fcccfdfc1352d8e36b820692f2a0058c5e0ac409108415902c00877a9"}
tx 52/100: nonce=0x6d8 to=0x1000000000000000000000000000000000000035 response={"jsonrpc":"2.0","id":53,"result":"0x1445d027fcc186f6be4cba37a657e2d7c3aca02eb263e238b2430118898973ba"}
tx 53/100: nonce=0x6d9 to=0x1000000000000000000000000000000000000036 response={"jsonrpc":"2.0","id":54,"result":"0x298afbe92820d34dcef1256cd2c33ebb25f108b7bc3b70674410b9c888c4534e"}
tx 54/100: nonce=0x6da to=0x1000000000000000000000000000000000000037 response={"jsonrpc":"2.0","id":55,"result":"0x3a0ee80d9349244f5117d650a7301b98b39284263ad7ecbb0041d7c1bf809337"}
tx 55/100: nonce=0x6db to=0x1000000000000000000000000000000000000038 response={"jsonrpc":"2.0","id":56,"result":"0x35e1a161995ccba939d3cb0681023c86a6fdbb7094abc0eb1067595958df17c7"}
tx 56/100: nonce=0x6dc to=0x1000000000000000000000000000000000000039 response={"jsonrpc":"2.0","id":57,"result":"0xf6e222d9c55fcec384a520c5bfa613a6b74c3b0ac83f867a05f38d532bf79234"}
tx 57/100: nonce=0x6dd to=0x100000000000000000000000000000000000003a response={"jsonrpc":"2.0","id":58,"result":"0x5a15836e31b2c0548b9096e83b89b8f469c558ffc9ed04d72f6df39d7b3dde41"}
tx 58/100: nonce=0x6de to=0x100000000000000000000000000000000000003b response={"jsonrpc":"2.0","id":59,"result":"0x10dbe73a8da02856c55b8ce87caeec9af4a107853f5af659c4ae2b0f88418cf6"}
tx 59/100: nonce=0x6df to=0x100000000000000000000000000000000000003c response={"jsonrpc":"2.0","id":60,"result":"0x8a1f8d31190d1b4358de3da62224108c5c9b4f2142e0116110348b0ae4321ffd"}
tx 60/100: nonce=0x6e0 to=0x100000000000000000000000000000000000003d response={"jsonrpc":"2.0","id":61,"result":"0xe3c1e974821f90be5d3ef59e2d6a209ca8102d3967f66bd7e875a46960d27a1e"}
tx 61/100: nonce=0x6e1 to=0x100000000000000000000000000000000000003e response={"jsonrpc":"2.0","id":62,"result":"0x8d4394ea25526d9f0f4ed6c1e812b579fb02ac8ab59454321df4d35191e16f83"}
tx 62/100: nonce=0x6e2 to=0x100000000000000000000000000000000000003f response={"jsonrpc":"2.0","id":63,"result":"0x4321509d25c0f0a5097838498e491f2d91b6089dd0b15ac014fd0bea41a94b45"}
tx 63/100: nonce=0x6e3 to=0x1000000000000000000000000000000000000040 response={"jsonrpc":"2.0","id":64,"result":"0x282fc876b3b9066ebad837d0bfb5e235b823e0fecf499cdfd03963d219a62017"}
tx 64/100: nonce=0x6e4 to=0x1000000000000000000000000000000000000041 response={"jsonrpc":"2.0","id":65,"result":"0xa4f9fe0b5029c75732f8f0b52b284ab4401e98eba7c2a8154cb3f267908033c9"}
tx 65/100: nonce=0x6e5 to=0x1000000000000000000000000000000000000042 response={"jsonrpc":"2.0","id":66,"result":"0xd48476aabcb4dcb5ec3d18e539ab3b118ca5eb59cd5f1fe3ca6ab05009743349"}
tx 66/100: nonce=0x6e6 to=0x1000000000000000000000000000000000000043 response={"jsonrpc":"2.0","id":67,"result":"0x7503c7b803f15156a7bebf5a4fce2ce62b4769904075c34862dc052fe9bfeaa4"}
tx 67/100: nonce=0x6e7 to=0x1000000000000000000000000000000000000044 response={"jsonrpc":"2.0","id":68,"result":"0x6a462eaf7317c1632ba50e60a5e932caa93dd36720dcd139ae5a0676f2cc0100"}
tx 68/100: nonce=0x6e8 to=0x1000000000000000000000000000000000000045 response={"jsonrpc":"2.0","id":69,"result":"0x888c9deffba20cd18f52079c139ecb7eab8d18e4a0e9442c892e8913b61a659f"}
tx 69/100: nonce=0x6e9 to=0x1000000000000000000000000000000000000046 response={"jsonrpc":"2.0","id":70,"result":"0xc295633b10b90302fdabfb01e81a3b9f295995ca7512c454548bc6942a6f2793"}
tx 70/100: nonce=0x6ea to=0x1000000000000000000000000000000000000047 response={"jsonrpc":"2.0","id":71,"result":"0xc7a739c6493b89f8556ea2b3b1673968f3cdbd7d8cb8bf382e714a36f748f598"}
tx 71/100: nonce=0x6eb to=0x1000000000000000000000000000000000000048 response={"jsonrpc":"2.0","id":72,"result":"0x175f6f96747d7e1b1dec3e5bd423bddfeedd1bbd3618f88df3ee5d213b13854b"}
tx 72/100: nonce=0x6ec to=0x1000000000000000000000000000000000000049 response={"jsonrpc":"2.0","id":73,"result":"0x3b695239ae9e5f88b225d3b760fa76bb577decaa613f5eb0106eba147485ee64"}
tx 73/100: nonce=0x6ed to=0x100000000000000000000000000000000000004a response={"jsonrpc":"2.0","id":74,"result":"0x904fba13510ccb0570aeb9a205a355afd6a03f36dc7bd51e748e8db4d144da67"}
tx 74/100: nonce=0x6ee to=0x100000000000000000000000000000000000004b response={"jsonrpc":"2.0","id":75,"result":"0xd6946aa7068763308b4bc655e7b06f19c459708e11e40e38eebc207b6b1a59b5"}
tx 75/100: nonce=0x6ef to=0x100000000000000000000000000000000000004c response={"jsonrpc":"2.0","id":76,"result":"0xfdba1c7dd2cb37e8aade6292e882988f75daa68409f4661d593bb819c1292d42"}
tx 76/100: nonce=0x6f0 to=0x100000000000000000000000000000000000004d response={"jsonrpc":"2.0","id":77,"result":"0xa119519057914a3bb912a33e80156c3ac94a6c74203203d004a4fee92fe8fa85"}
tx 77/100: nonce=0x6f1 to=0x100000000000000000000000000000000000004e response={"jsonrpc":"2.0","id":78,"result":"0xb83fc47e7c3960f4dae7c5a26e691857e291a8c3ae71ad8725e56fa46dc127d0"}
tx 78/100: nonce=0x6f2 to=0x100000000000000000000000000000000000004f response={"jsonrpc":"2.0","id":79,"result":"0xda0685a5189dc8bd34f40aa87dd92db9295fcc0f5bfb3bfa1ee9894cc8da0e70"}
tx 79/100: nonce=0x6f3 to=0x1000000000000000000000000000000000000050 response={"jsonrpc":"2.0","id":80,"result":"0x7eb9468c2bae2c2e1338db864fd5b9b1a317dc30e927fa567fc673430e47f452"}
tx 80/100: nonce=0x6f4 to=0x1000000000000000000000000000000000000051 response={"jsonrpc":"2.0","id":81,"result":"0x8ae49e202ef7f82ae4c49e4bc302b8c9ee7dae72f4d94772580dc73f0413cac1"}
tx 81/100: nonce=0x6f5 to=0x1000000000000000000000000000000000000052 response={"jsonrpc":"2.0","id":82,"result":"0x890723b4f5b6d8355f2314473453ad220f3d64a0db17ec8415a3f03e16ca1b21"}
tx 82/100: nonce=0x6f6 to=0x1000000000000000000000000000000000000053 response={"jsonrpc":"2.0","id":83,"result":"0xf20644cffd839c2127c91a72e25327629a5cc7a592e97b44c0815ea15f526abc"}
tx 83/100: nonce=0x6f7 to=0x1000000000000000000000000000000000000054 response={"jsonrpc":"2.0","id":84,"result":"0x80d60eaee077f54e256cf1f344f23ceccfaaa451c343a33f4d769c127c7ace5d"}
tx 84/100: nonce=0x6f8 to=0x1000000000000000000000000000000000000055 response={"jsonrpc":"2.0","id":85,"result":"0x03c060ac8e3e93d6f0754460d2f9a620c8a22dab40fc560f9f23b51fe0e515a4"}
tx 85/100: nonce=0x6f9 to=0x1000000000000000000000000000000000000056 response={"jsonrpc":"2.0","id":86,"result":"0x0a85db042bf16cd786d44477dd3afde40ca478eab9f46da8d673a78e6cfe8fef"}
tx 86/100: nonce=0x6fa to=0x1000000000000000000000000000000000000057 response={"jsonrpc":"2.0","id":87,"result":"0x04031542d12c73c84e2ca09dc3eda7bfefda4f94f09982e0de96df20221c5245"}
tx 87/100: nonce=0x6fb to=0x1000000000000000000000000000000000000058 response={"jsonrpc":"2.0","id":88,"result":"0x97a844182b84299f8ed2c1bc45c7843c3a55165ca56669e05486a6d8d9051a97"}
tx 88/100: nonce=0x6fc to=0x1000000000000000000000000000000000000059 response={"jsonrpc":"2.0","id":89,"result":"0x5bb1ad4431add5b14acb1f225d4b28cacaafc8d7cc567a174da03cf1f345514f"}
tx 89/100: nonce=0x6fd to=0x100000000000000000000000000000000000005a response={"jsonrpc":"2.0","id":90,"result":"0xc0f8e020274f9d3468a2871b0db89da05ad78db191551e45db644bfccdeeb85c"}
tx 90/100: nonce=0x6fe to=0x100000000000000000000000000000000000005b response={"jsonrpc":"2.0","id":91,"result":"0xa0cb2f99aa87aff28559e774e5f22356ddf4d381b9ef3a740846351d60f0fc95"}
tx 91/100: nonce=0x6ff to=0x100000000000000000000000000000000000005c response={"jsonrpc":"2.0","id":92,"result":"0x7f78a7debccb6431d01d9b4c3a082c0dfdbb66f8464c004c3ab00e60c3cfa245"}
tx 92/100: nonce=0x700 to=0x100000000000000000000000000000000000005d response={"jsonrpc":"2.0","id":93,"result":"0x7835939e97823f636ff5b4a418b321a3b9eae0f5d7e818d02d77c9a8daf163fc"}
tx 93/100: nonce=0x701 to=0x100000000000000000000000000000000000005e response={"jsonrpc":"2.0","id":94,"result":"0x3c7e4facd8daa53683287f88c360f70b7c05138c57e06ae84fb9fc935ed0c3d6"}
tx 94/100: nonce=0x702 to=0x100000000000000000000000000000000000005f response={"jsonrpc":"2.0","id":95,"result":"0xac49636f1663c52195d616787095f2ee6e80c7b1efd608d4d6164835852ba059"}
tx 95/100: nonce=0x703 to=0x1000000000000000000000000000000000000060 response={"jsonrpc":"2.0","id":96,"result":"0x8cffaceb8bb1243cf92f7d95340070f18e1fbc41b38672551f357b7ae89418c7"}
tx 96/100: nonce=0x704 to=0x1000000000000000000000000000000000000061 response={"jsonrpc":"2.0","id":97,"result":"0x4537df5747df40bd1383f08f4be6145f2713bc80c6874f0ccc91bc6abc1349e1"}
tx 97/100: nonce=0x705 to=0x1000000000000000000000000000000000000062 response={"jsonrpc":"2.0","id":98,"result":"0xbfaec0202ad55ad34e07af4f92c1ef8b8e7f4687aa04d37c0572a4619845c913"}
tx 98/100: nonce=0x706 to=0x1000000000000000000000000000000000000063 response={"jsonrpc":"2.0","id":99,"result":"0xf9f7fe13f6579ad18611b918f6e14b3acc2dc8ab18c0e391bee1dc740dc2b75a"}
tx 99/100: nonce=0x707 to=0x1000000000000000000000000000000000000064 response={"jsonrpc":"2.0","id":100,"result":"0xcfaeeea70ae80e6411e5b7366448feb46bbe083fb4e651aa34d73466e1b2efe6"}
Done. Check pending txs with:
curl -s -H 'Content-Type: application/json' --data '{"jsonrpc":"2.0","method":"txpool_status","params":[],"id":1}' http://127.0.0.1:8545
Sending 100 txs from 0x92424e4f86201c931ba53eb48619d93244c18e13 via http://127.0.0.1:8545, base_nonce=1800, to_mode=sequential
tx 0/100: nonce=0x708 to=0x1000000000000000000000000000000000000001 response={"jsonrpc":"2.0","id":1,"result":"0x26031783ccb0f7c108fe816e2e372d756a5800ab56721db55a29d28ffd41944d"}
tx 1/100: nonce=0x709 to=0x1000000000000000000000000000000000000002 response={"jsonrpc":"2.0","id":2,"result":"0x8a9f35017a9eedcf9342e0746c736f88d1cc3b8cda37359068cecddd5fa6d6a4"}
tx 2/100: nonce=0x70a to=0x1000000000000000000000000000000000000003 response={"jsonrpc":"2.0","id":3,"result":"0xd8361ec2b9d6b33d33ce37832247dda4dbbffcfd08f15d4cf302e8133c66063d"}
tx 3/100: nonce=0x70b to=0x1000000000000000000000000000000000000004 response={"jsonrpc":"2.0","id":4,"result":"0x31dd604a1db771c634b54776c5b7172a478be8f793fc504320c3905ecade0f72"}
tx 4/100: nonce=0x70c to=0x1000000000000000000000000000000000000005 response={"jsonrpc":"2.0","id":5,"result":"0x459d5dff11400a13332241c6be3de128a4fbf7ee61f403e5b5df41c69f20da07"}
tx 5/100: nonce=0x70d to=0x1000000000000000000000000000000000000006 response={"jsonrpc":"2.0","id":6,"result":"0x9999150b817d9f291bfa0ec430bff9392380410115775280b805302168897b98"}
tx 6/100: nonce=0x70e to=0x1000000000000000000000000000000000000007 response={"jsonrpc":"2.0","id":7,"result":"0x502cd343e1b5a484f5cf5d174328e5309bf0cab798765bab92bf52477d9d66bf"}
tx 7/100: nonce=0x70f to=0x1000000000000000000000000000000000000008 response={"jsonrpc":"2.0","id":8,"result":"0x6637feed88dab6c8b005a7d5759c2173efff4f43896288d08328484130e4a971"}
tx 8/100: nonce=0x710 to=0x1000000000000000000000000000000000000009 response={"jsonrpc":"2.0","id":9,"result":"0xe08b3672ccc44cbd78fde14b572a4a11d4b5c6864b23913392daee905f54d8e5"}
tx 9/100: nonce=0x711 to=0x100000000000000000000000000000000000000a response={"jsonrpc":"2.0","id":10,"result":"0x1ca3a004080edffc12899c33a44b913256604edb95075e59584c4ef83eddf01e"}
tx 10/100: nonce=0x712 to=0x100000000000000000000000000000000000000b response={"jsonrpc":"2.0","id":11,"result":"0xf0cdf13ebe8a9172f5a49a6f7e05f13e8808a2386e8565734d48bd4b17c18381"}
tx 11/100: nonce=0x713 to=0x100000000000000000000000000000000000000c response={"jsonrpc":"2.0","id":12,"result":"0x7555a24009df80f4d5887c11382e778b9980ffa0033e373be993eb1880f552dd"}
tx 12/100: nonce=0x714 to=0x100000000000000000000000000000000000000d response={"jsonrpc":"2.0","id":13,"result":"0x98e4e18a8592eeb8aab62e779b65226914a1702b451949bf694cce1750b22406"}
tx 13/100: nonce=0x715 to=0x100000000000000000000000000000000000000e response={"jsonrpc":"2.0","id":14,"result":"0x754dd45c81dc1291e31bc3d384db0d4b3d877a21b43461af8f8a26198195a351"}
tx 14/100: nonce=0x716 to=0x100000000000000000000000000000000000000f response={"jsonrpc":"2.0","id":15,"result":"0x25da2eb16342853e14e9be0bd7144623d975f3e6f0a0b0bd3e9f4df863ead66a"}
tx 15/100: nonce=0x717 to=0x1000000000000000000000000000000000000010 response={"jsonrpc":"2.0","id":16,"result":"0x56ee26a947719852d0f24daca8ff36231adfec20a51b327fe603832332c6a614"}
tx 16/100: nonce=0x718 to=0x1000000000000000000000000000000000000011 response={"jsonrpc":"2.0","id":17,"result":"0x3a0bb53a61cefba45bc71eb0c5d57540f96929f10d52da92c7e2213ff9789326"}
tx 17/100: nonce=0x719 to=0x1000000000000000000000000000000000000012 response={"jsonrpc":"2.0","id":18,"result":"0x614a5695567d7666f21b3be5e5d5643354c6bf636d1756ab7db98e6ea7dbbaf8"}
tx 18/100: nonce=0x71a to=0x1000000000000000000000000000000000000013 response={"jsonrpc":"2.0","id":19,"result":"0x405c6156bf6e653cb21216e413a848ba69514b2680a612b86789994f06df29e4"}
tx 19/100: nonce=0x71b to=0x1000000000000000000000000000000000000014 response={"jsonrpc":"2.0","id":20,"result":"0xcec47547da3ea22b439bb886619b1769962ef4cf87806ba411170d89e806fb17"}
tx 20/100: nonce=0x71c to=0x1000000000000000000000000000000000000015 response={"jsonrpc":"2.0","id":21,"result":"0x58c76a7f5d712582e6e0381182028bddae082a4ac8afb3213d3896f25cad5c74"}
tx 21/100: nonce=0x71d to=0x1000000000000000000000000000000000000016 response={"jsonrpc":"2.0","id":22,"result":"0x1222589c111397cb634776d898d2b6065febe33e311a2ffcb0cb16998bf8fd40"}
tx 22/100: nonce=0x71e to=0x1000000000000000000000000000000000000017 response={"jsonrpc":"2.0","id":23,"result":"0x00e6ecfc37f9c98f43e4b2f3303b8a0c5b1abbaa10241b3935733bc14ce5194f"}
tx 23/100: nonce=0x71f to=0x1000000000000000000000000000000000000018 response={"jsonrpc":"2.0","id":24,"result":"0x7346702e4382ad2b3423e42725a0982a69eb8cc1a87e71d11a085ccb32558f08"}
tx 24/100: nonce=0x720 to=0x1000000000000000000000000000000000000019 response={"jsonrpc":"2.0","id":25,"result":"0x6c0aed3dde8730ee717cd35aae8a7a15d30e4fe5f76c515b51364e0a4551b7ca"}
tx 25/100: nonce=0x721 to=0x100000000000000000000000000000000000001a response={"jsonrpc":"2.0","id":26,"result":"0x59c2d93937a87fa76d4b074bc340ef3a27b7e19cb77b4af82ad851539f8a7d7b"}
tx 26/100: nonce=0x722 to=0x100000000000000000000000000000000000001b response={"jsonrpc":"2.0","id":27,"result":"0x31ba70a43101cfcb343ea7655f896c3cd7ad643a9d52aeff48d6c61266293349"}
tx 27/100: nonce=0x723 to=0x100000000000000000000000000000000000001c response={"jsonrpc":"2.0","id":28,"result":"0xf4482958119717d4b048fd6183bb6dcc07268291b25997ac1f28ef5aef0d60e7"}
tx 28/100: nonce=0x724 to=0x100000000000000000000000000000000000001d response={"jsonrpc":"2.0","id":29,"result":"0x2c9d4dcbf7c3717ea2a7bbd848248eeeb23c9eafd90c161ac59cbf1daff24992"}
tx 29/100: nonce=0x725 to=0x100000000000000000000000000000000000001e response={"jsonrpc":"2.0","id":30,"result":"0xa09b011cc4472fcb3d0af3bf812602543f97c75b0972e15b49fe923239c2ea9d"}
tx 30/100: nonce=0x726 to=0x100000000000000000000000000000000000001f response={"jsonrpc":"2.0","id":31,"result":"0x0f37f8dc6e52f8b02891237c80c1c0c6cf0012fbfc78cd5560938af9e08220c9"}
tx 31/100: nonce=0x727 to=0x1000000000000000000000000000000000000020 response={"jsonrpc":"2.0","id":32,"result":"0xe79d3b418b8762d25c8c96f245c03c5b4029fe3dacc39bca1adffd837ff55e31"}
tx 32/100: nonce=0x728 to=0x1000000000000000000000000000000000000021 response={"jsonrpc":"2.0","id":33,"result":"0xec864de9e761e1f2f3f4b94df8c0713b207a903ef73bf185f6d1d4d211f4c355"}
tx 33/100: nonce=0x729 to=0x1000000000000000000000000000000000000022 response={"jsonrpc":"2.0","id":34,"result":"0xea64b65b512c21e741b3f470dd8725fdcd1bc8a62c3d99321a1f3985305f0c99"}
tx 34/100: nonce=0x72a to=0x1000000000000000000000000000000000000023 response={"jsonrpc":"2.0","id":35,"result":"0xf3bdd603e2c8160dd3d5204c2dcc7f7fe1c860383847c886e3bebc607cfddcaf"}
tx 35/100: nonce=0x72b to=0x1000000000000000000000000000000000000024 response={"jsonrpc":"2.0","id":36,"result":"0x52ae4a1d676d7490676c35eb828f971922c86a4febac2dbecff33403dd9d22e7"}
tx 36/100: nonce=0x72c to=0x1000000000000000000000000000000000000025 response={"jsonrpc":"2.0","id":37,"result":"0x42622ef3f3c0e9ff6979d62d9399f063df6f97ff5e7d7bbe231f5d2074de298b"}
tx 37/100: nonce=0x72d to=0x1000000000000000000000000000000000000026 response={"jsonrpc":"2.0","id":38,"result":"0x9d7b1f9e46fdaf98595daf3039110f4683b83b0db3626060b6fe26699eeeeaa1"}
tx 38/100: nonce=0x72e to=0x1000000000000000000000000000000000000027 response={"jsonrpc":"2.0","id":39,"result":"0x125f46f83843c18b9df10b8718f98ba0223323deb654892a05a6a15cf0de120f"}
tx 39/100: nonce=0x72f to=0x1000000000000000000000000000000000000028 response={"jsonrpc":"2.0","id":40,"result":"0x084df39f6215ff1b2c72f7f4e18a8f5805191fd384af2f3da9deaf4cb2069129"}
tx 40/100: nonce=0x730 to=0x1000000000000000000000000000000000000029 response={"jsonrpc":"2.0","id":41,"result":"0xafd3b2e8ef53030141250f2cd475a4e36337789396ba26189c2fbb7a4b32886c"}
tx 41/100: nonce=0x731 to=0x100000000000000000000000000000000000002a response={"jsonrpc":"2.0","id":42,"result":"0x8ae0fa32842f307269af210a4f98173b61bc27f43358a351747c936d51ac6f29"}
tx 42/100: nonce=0x732 to=0x100000000000000000000000000000000000002b response={"jsonrpc":"2.0","id":43,"result":"0x505e199f731b3c43d44ea37c15627f6e87589b5dada338998e9514c887369cf5"}
tx 43/100: nonce=0x733 to=0x100000000000000000000000000000000000002c response={"jsonrpc":"2.0","id":44,"result":"0xe3a73c2208990c9eeb3673139ca0f8063b743cc0b9f7291878cd9da995f92723"}
tx 44/100: nonce=0x734 to=0x100000000000000000000000000000000000002d response={"jsonrpc":"2.0","id":45,"result":"0xaa3f4f376ceb9a3e09567c7f125b2143f704f409be29b261ef3b545968bb9bc8"}
tx 45/100: nonce=0x735 to=0x100000000000000000000000000000000000002e response={"jsonrpc":"2.0","id":46,"result":"0x2c087baa01f0081fe488509ff4f39615fba63075c3be3bce6a55f2f2f6d3a2f0"}
tx 46/100: nonce=0x736 to=0x100000000000000000000000000000000000002f response={"jsonrpc":"2.0","id":47,"result":"0x51f5ffb70db7705f17750e598f47b0ecd108f678feba512ecb53eda48dd0d440"}
tx 47/100: nonce=0x737 to=0x1000000000000000000000000000000000000030 response={"jsonrpc":"2.0","id":48,"result":"0x871e09cb1c9ea9b93c80d74798bdf3c36c8229381e1179a5d4bf4161d30e5bf3"}
tx 48/100: nonce=0x738 to=0x1000000000000000000000000000000000000031 response={"jsonrpc":"2.0","id":49,"result":"0x13066118d0151622c8dfba35a6e0865d409efe82f27ae8e8b6c3f05d546e9903"}
tx 49/100: nonce=0x739 to=0x1000000000000000000000000000000000000032 response={"jsonrpc":"2.0","id":50,"result":"0x065e56dc7b00b5f29a2c0c1066649aa00635d68580a7cdc09c6dd4ef1289028c"}
tx 50/100: nonce=0x73a to=0x1000000000000000000000000000000000000033 response={"jsonrpc":"2.0","id":51,"result":"0x2d1373bd16c4cbaade01373db15271f38c32a7e2d1c99b5e226fb644b129aedb"}
tx 51/100: nonce=0x73b to=0x1000000000000000000000000000000000000034 response={"jsonrpc":"2.0","id":52,"result":"0xc342552a43da91df0b6786fd3efc98ff5488680cbce11ef991e060bfe9075ae5"}
tx 52/100: nonce=0x73c to=0x1000000000000000000000000000000000000035 response={"jsonrpc":"2.0","id":53,"result":"0x2c9a39da589b621e2bebf47b3e8d232f532961821ff5274cd4bf282d8022ca23"}
tx 53/100: nonce=0x73d to=0x1000000000000000000000000000000000000036 response={"jsonrpc":"2.0","id":54,"result":"0xe9e304c6c4d1ba53f05f2633066a0242beffaa8d1dcc3efa50cd1d56d78909d4"}
tx 54/100: nonce=0x73e to=0x1000000000000000000000000000000000000037 response={"jsonrpc":"2.0","id":55,"result":"0xa706afeef6fcdf5d93f3d715e7e4d0b350d8d8b945666d929368c71afd514043"}
tx 55/100: nonce=0x73f to=0x1000000000000000000000000000000000000038 response={"jsonrpc":"2.0","id":56,"result":"0x3c6b9d499fec04a59b5c8a398381a7780226a7b851006e25de685baa50f51359"}
tx 56/100: nonce=0x740 to=0x1000000000000000000000000000000000000039 response={"jsonrpc":"2.0","id":57,"result":"0x280e3ad511062b63a9f28f152e8f57747b6241a66366f95c4e1a750a128228d4"}
tx 57/100: nonce=0x741 to=0x100000000000000000000000000000000000003a response={"jsonrpc":"2.0","id":58,"result":"0xd2581ddb63584893950a9697ac3245e7b39a56995aef62fe95a5d1122a69dabf"}
tx 58/100: nonce=0x742 to=0x100000000000000000000000000000000000003b response={"jsonrpc":"2.0","id":59,"result":"0xdb0b4cb7c4f641fb60bf0f60990fa62f0cecad759efe2ddc87822f23990ae6e2"}
tx 59/100: nonce=0x743 to=0x100000000000000000000000000000000000003c response={"jsonrpc":"2.0","id":60,"result":"0xb558243d1584be240b0a649bf45944e777c146f77e2a9660f229ee2183a978d6"}
tx 60/100: nonce=0x744 to=0x100000000000000000000000000000000000003d response={"jsonrpc":"2.0","id":61,"result":"0x7623709467410ed59dad714ec6a1f8443361f5b9528d07b1bf051d2a476f2823"}
tx 61/100: nonce=0x745 to=0x100000000000000000000000000000000000003e response={"jsonrpc":"2.0","id":62,"result":"0x7ce6166ea2ef001733f1e1f16f1ebf29f3aa663854d6c3c27baed1da0ec4b9d4"}
tx 62/100: nonce=0x746 to=0x100000000000000000000000000000000000003f response={"jsonrpc":"2.0","id":63,"result":"0x8422d85e1e4a7f8de7aae994eb242b05d99ec0cf34c87f166f441796f3005d71"}
tx 63/100: nonce=0x747 to=0x1000000000000000000000000000000000000040 response={"jsonrpc":"2.0","id":64,"result":"0xce9dcd388cc2a96d3c5512ba4f177008daf986b1f3ca20c5fd3349d9cb97b3ac"}
tx 64/100: nonce=0x748 to=0x1000000000000000000000000000000000000041 response={"jsonrpc":"2.0","id":65,"result":"0xb4d72c0ae9bd95a386c180bee5804dec8d462e46c62ead0566cc8174662ba78d"}
tx 65/100: nonce=0x749 to=0x1000000000000000000000000000000000000042 response={"jsonrpc":"2.0","id":66,"result":"0x8de926d8bbc09160dbb81111d775c19a9a94eee0b507d6118c86da30722c3c49"}
tx 66/100: nonce=0x74a to=0x1000000000000000000000000000000000000043 response={"jsonrpc":"2.0","id":67,"result":"0xfdef4e6e277b6af62fdc03ca6172c9ec1f5cdadc512ca0007403f37cd941ecdd"}
tx 67/100: nonce=0x74b to=0x1000000000000000000000000000000000000044 response={"jsonrpc":"2.0","id":68,"result":"0xbe8fdc60df6c0ed5a214ca2fc12e9055238f51ae2574d0815e4bb3de15fa0fe2"}
tx 68/100: nonce=0x74c to=0x1000000000000000000000000000000000000045 response={"jsonrpc":"2.0","id":69,"result":"0x395e555b003313f38794d07d09fd8637afd0f0cdcd2182ff664804ab6baff7f8"}
tx 69/100: nonce=0x74d to=0x1000000000000000000000000000000000000046 response={"jsonrpc":"2.0","id":70,"result":"0x82bfd518998381ad8195103fef5ed8501f224f06d9aea7dac17f0e5ac76b3b1d"}
tx 70/100: nonce=0x74e to=0x1000000000000000000000000000000000000047 response={"jsonrpc":"2.0","id":71,"result":"0x41c51ebb74ccbd5786cd4822b3da2ec149010430ef2e9ecdf7dcfb015e5a0f8b"}
tx 71/100: nonce=0x74f to=0x1000000000000000000000000000000000000048 response={"jsonrpc":"2.0","id":72,"result":"0x2bb23f28010733b2a3ef731da8f6f86f89c25050bd34269fc599c017fbc7afa8"}
tx 72/100: nonce=0x750 to=0x1000000000000000000000000000000000000049 response={"jsonrpc":"2.0","id":73,"result":"0x63f888dd7ef079ee50058ff6b258d5bc51df162bf63c65cb61c7d3aeebf48c16"}
tx 73/100: nonce=0x751 to=0x100000000000000000000000000000000000004a response={"jsonrpc":"2.0","id":74,"result":"0xb1ee56c531425d0d7de00e1782b08fc674cc60c04ad4673eb629a1526e5ab716"}
tx 74/100: nonce=0x752 to=0x100000000000000000000000000000000000004b response={"jsonrpc":"2.0","id":75,"result":"0x8b82d73d00bd29f3e29cd5828630850f89db3b74eaa3cf2acbe37657048feb9e"}
tx 75/100: nonce=0x753 to=0x100000000000000000000000000000000000004c response={"jsonrpc":"2.0","id":76,"result":"0xd9601926d673afdbee69bf59e3c9099c5f5fbed44d691fc69fac094d02a93d0a"}
tx 76/100: nonce=0x754 to=0x100000000000000000000000000000000000004d response={"jsonrpc":"2.0","id":77,"result":"0x4bf04c80a30e2d803d3df9a938c3c1f97949a0d7e9af00235e876d87bbc17b45"}
tx 77/100: nonce=0x755 to=0x100000000000000000000000000000000000004e response={"jsonrpc":"2.0","id":78,"result":"0x94f2696a617c4f35a751864047e0754c2ea23479ab059e65df68f5b68893b7f0"}
tx 78/100: nonce=0x756 to=0x100000000000000000000000000000000000004f response={"jsonrpc":"2.0","id":79,"result":"0x187e05e8f14bc112179a55030adf37e7e159ae42e92642ee98490bc2aa26b4e9"}
tx 79/100: nonce=0x757 to=0x1000000000000000000000000000000000000050 response={"jsonrpc":"2.0","id":80,"result":"0x2cad0b044e969ad94edbb4c275272c79a2f6e192182e61a4cc64849085944036"}
tx 80/100: nonce=0x758 to=0x1000000000000000000000000000000000000051 response={"jsonrpc":"2.0","id":81,"result":"0xb9486a2a479856f9ed5dadf6d21ef4cfb7d4f3a0bf1a66b83b25229ce28b666c"}
tx 81/100: nonce=0x759 to=0x1000000000000000000000000000000000000052 response={"jsonrpc":"2.0","id":82,"result":"0xd9da73d3eb0a541fcab19e4f9e9a94794abdeec4583398045e65babbed461211"}
tx 82/100: nonce=0x75a to=0x1000000000000000000000000000000000000053 response={"jsonrpc":"2.0","id":83,"result":"0x07336b3cddbbd03b2cf124c0fc671aca5255f34a9495016d7bae0034bf3a7267"}
tx 83/100: nonce=0x75b to=0x1000000000000000000000000000000000000054 response={"jsonrpc":"2.0","id":84,"result":"0x432846c2bbd8d6e1005252db0926c79e389f048789032392d5eb515583a331b7"}
tx 84/100: nonce=0x75c to=0x1000000000000000000000000000000000000055 response={"jsonrpc":"2.0","id":85,"result":"0x9cb5ca91815bc285b53cb8bb5e8e8e827f413d5995e7fe99ce97efc64768686d"}
tx 85/100: nonce=0x75d to=0x1000000000000000000000000000000000000056 response={"jsonrpc":"2.0","id":86,"result":"0x5ab99a65af57745b03b6c27582294ad0ca8ac3dfccd096ccdbc29a2b5eb89eb3"}
tx 86/100: nonce=0x75e to=0x1000000000000000000000000000000000000057 response={"jsonrpc":"2.0","id":87,"result":"0x2e2d214cba3697ff9972447ab1b067e35d4156864a9caef78a4243c0ddc7fc35"}
tx 87/100: nonce=0x75f to=0x1000000000000000000000000000000000000058 response={"jsonrpc":"2.0","id":88,"result":"0xbb6f1aff4462a592a54ec97ffdc1a96b7189cf768e52370c00d0e313a60ef0d4"}
tx 88/100: nonce=0x760 to=0x1000000000000000000000000000000000000059 response={"jsonrpc":"2.0","id":89,"result":"0x1a7ffea1f5cbafacecfe29677d594b3bc9d9126821f7f201f652416c0662dc20"}
tx 89/100: nonce=0x761 to=0x100000000000000000000000000000000000005a response={"jsonrpc":"2.0","id":90,"result":"0xe0281a41d4d6757a508a2e51b0350b6dfdcf1cfb88f717a20c84a93e33f47f01"}
tx 90/100: nonce=0x762 to=0x100000000000000000000000000000000000005b response={"jsonrpc":"2.0","id":91,"result":"0xfa9b5abd3d1062daa0e7fb672a6f0a81b8e69726fa77746ee5a614cfd9316965"}
tx 91/100: nonce=0x763 to=0x100000000000000000000000000000000000005c response={"jsonrpc":"2.0","id":92,"result":"0xfe484fc4db032db1dbd526847501063b606e0e3b23930aac1ba8eaaf9ccb8c11"}
tx 92/100: nonce=0x764 to=0x100000000000000000000000000000000000005d response={"jsonrpc":"2.0","id":93,"result":"0x44ef55d5e76c775c321b1c632d2b9a4287652dac0d8e57e5291e1cd8d647fe06"}
tx 93/100: nonce=0x765 to=0x100000000000000000000000000000000000005e response={"jsonrpc":"2.0","id":94,"result":"0xf19ee6a9901c9cb771e2548c7d5b3e310aa5eadaa9c76dc9573661195ca170cd"}
tx 94/100: nonce=0x766 to=0x100000000000000000000000000000000000005f response={"jsonrpc":"2.0","id":95,"result":"0xf2433a0953c4c8b216ea45add714404f0dba6d9cf5773d4b3cfe04c300ee6f74"}
tx 95/100: nonce=0x767 to=0x1000000000000000000000000000000000000060 response={"jsonrpc":"2.0","id":96,"result":"0x1f1c0c2a6430be15b921fd03570fac1b3e3c2ab395e71699d6026ffbe86f6a82"}
tx 96/100: nonce=0x768 to=0x1000000000000000000000000000000000000061 response={"jsonrpc":"2.0","id":97,"result":"0x888ffc69c34c97b17445ef2d6bad3a2b8821046fd40d8bf232e431eb7d4a96d8"}
tx 97/100: nonce=0x769 to=0x1000000000000000000000000000000000000062 response={"jsonrpc":"2.0","id":98,"result":"0x49be447abd80f76980bde5c3829ae787e3a70d69f60aab71c2c3d76e749e5ed5"}
tx 98/100: nonce=0x76a to=0x1000000000000000000000000000000000000063 response={"jsonrpc":"2.0","id":99,"result":"0x4881c9876cd09b59194ca774285dd14f4491d989b774c25dd2a10a8fe0ce7eb5"}
tx 99/100: nonce=0x76b to=0x1000000000000000000000000000000000000064 response={"jsonrpc":"2.0","id":100,"result":"0x891e2b8114bb279377dfa7b15471b0c20f0fb8bf134685ebed1606b258c9348d"}
Done. Check pending txs with:
curl -s -H 'Content-Type: application/json' --data '{"jsonrpc":"2.0","method":"txpool_status","params":[],"id":1}' http://127.0.0.1:8545
Sending 100 txs from 0x92424e4f86201c931ba53eb48619d93244c18e13 via http://127.0.0.1:8545, base_nonce=1900, to_mode=sequential
tx 0/100: nonce=0x76c to=0x1000000000000000000000000000000000000001 response={"jsonrpc":"2.0","id":1,"result":"0x7baf7026c04bde29da1b7b07d1fc4246208850f01eaa89b478e1e8e4fc255e2a"}
tx 1/100: nonce=0x76d to=0x1000000000000000000000000000000000000002 response={"jsonrpc":"2.0","id":2,"result":"0xfde008fd61f363a0a84872235e0785bd694c9d37e9e6ab85b31508afd5a3ad5a"}
tx 2/100: nonce=0x76e to=0x1000000000000000000000000000000000000003 response={"jsonrpc":"2.0","id":3,"result":"0xb83d508fcb58a1b613bbd7344c9c3142d3fd4651256fd2ab31e3ee86152d48d1"}
tx 3/100: nonce=0x76f to=0x1000000000000000000000000000000000000004 response={"jsonrpc":"2.0","id":4,"result":"0xb5e7eaf799d3b8145eb2ef2804a3f1947978a961d770e71b08d312bcf5675a68"}
tx 4/100: nonce=0x770 to=0x1000000000000000000000000000000000000005 response={"jsonrpc":"2.0","id":5,"result":"0xc87cdc99e6b66d6d2db2e83ae5669aa51fce022bc49150809861bab85c99e510"}
tx 5/100: nonce=0x771 to=0x1000000000000000000000000000000000000006 response={"jsonrpc":"2.0","id":6,"result":"0xa34ff175b6b8fd100646656225b774d3f3696288c2b786bac98decafba382260"}
tx 6/100: nonce=0x772 to=0x1000000000000000000000000000000000000007 response={"jsonrpc":"2.0","id":7,"result":"0xa2c6b0f0dc912c921bd8716a49054d96152530bd6d024e9d5769b9eb919199ef"}
tx 7/100: nonce=0x773 to=0x1000000000000000000000000000000000000008 response={"jsonrpc":"2.0","id":8,"result":"0x7bdce7640ca95ea53365a976c07a9e70a20bde5acad5a2382d89c9c3f7c4f895"}
tx 8/100: nonce=0x774 to=0x1000000000000000000000000000000000000009 response={"jsonrpc":"2.0","id":9,"result":"0x57d2a8e89219137240ebf9534dc4340f071fb2469997d406a0be59a4d6da41f2"}
tx 9/100: nonce=0x775 to=0x100000000000000000000000000000000000000a response={"jsonrpc":"2.0","id":10,"result":"0x7fbb33de2b93b0ce5ce000b6a3596208dc8675955a072b57283e92046658aa61"}
tx 10/100: nonce=0x776 to=0x100000000000000000000000000000000000000b response={"jsonrpc":"2.0","id":11,"result":"0xa3abc3a7d3142325a074762a0aeee6486b2462a785c2913332448da7d2c2d981"}
tx 11/100: nonce=0x777 to=0x100000000000000000000000000000000000000c response={"jsonrpc":"2.0","id":12,"result":"0x5cb5bcec21a1b77b549d6474c9114f723f7dfe399bbd914690676c904b5cdb4e"}
tx 12/100: nonce=0x778 to=0x100000000000000000000000000000000000000d response={"jsonrpc":"2.0","id":13,"result":"0x6751c4b8a9893e25053ea3c406506c82ee0812d7f4bbade7810217de83c628ad"}
tx 13/100: nonce=0x779 to=0x100000000000000000000000000000000000000e response={"jsonrpc":"2.0","id":14,"result":"0xa0d1a636f98bd78c1338b23d1417461f4cabb1b1fdf0e0fd77520334b38ee7f8"}
tx 14/100: nonce=0x77a to=0x100000000000000000000000000000000000000f response={"jsonrpc":"2.0","id":15,"result":"0x44ba8238c8edee8512283cae0d89672df8431130d4e89a44482a5b42e7649e46"}
tx 15/100: nonce=0x77b to=0x1000000000000000000000000000000000000010 response={"jsonrpc":"2.0","id":16,"result":"0xaf8e45ac7f5e417eb994da1f872ef25642c78d1af277ed314d995c05060003ec"}
tx 16/100: nonce=0x77c to=0x1000000000000000000000000000000000000011 response={"jsonrpc":"2.0","id":17,"result":"0xea4c00e59a98f78ec1bf24659d76f47f9438829c368bdfc91a1468ec987bc651"}
tx 17/100: nonce=0x77d to=0x1000000000000000000000000000000000000012 response={"jsonrpc":"2.0","id":18,"result":"0x0072627ed91c39077fff0d225a0465f593bc5b1faa7f08f57f1140b3385646eb"}
tx 18/100: nonce=0x77e to=0x1000000000000000000000000000000000000013 response={"jsonrpc":"2.0","id":19,"result":"0x1117e8b581e16262222e30519a5dfd67899eccd5a04ae2c0b4c0a0bb6077c03d"}
tx 19/100: nonce=0x77f to=0x1000000000000000000000000000000000000014 response={"jsonrpc":"2.0","id":20,"result":"0x4e52ae12c4e7b3ef5395f48bd5fb7fa599a09e046b62b0da0a8d24fbca21f52a"}
tx 20/100: nonce=0x780 to=0x1000000000000000000000000000000000000015 response={"jsonrpc":"2.0","id":21,"result":"0x9193a8e2a330174989ad3ce48a9e40ddf368263ca660a07ea21e8922e7b2dbc3"}
tx 21/100: nonce=0x781 to=0x1000000000000000000000000000000000000016 response={"jsonrpc":"2.0","id":22,"result":"0xd275682c8c884c0854ca1f636c8e8437a139948f6cc7691211e0a25eccff79d8"}
tx 22/100: nonce=0x782 to=0x1000000000000000000000000000000000000017 response={"jsonrpc":"2.0","id":23,"result":"0xd69600a234422ec4ed0074bd2c5cc8b6c0108cc1411b77362433892332828df7"}
tx 23/100: nonce=0x783 to=0x1000000000000000000000000000000000000018 response={"jsonrpc":"2.0","id":24,"result":"0x09ba1f471d05ccf8d606f6ef96c1827346d71fd973035fb430f81b5ad16d57a8"}
tx 24/100: nonce=0x784 to=0x1000000000000000000000000000000000000019 response={"jsonrpc":"2.0","id":25,"result":"0x5dd9a9316011466e9ddb47f539db5701f173e91db20b2a25bcf71f56bf098604"}
tx 25/100: nonce=0x785 to=0x100000000000000000000000000000000000001a response={"jsonrpc":"2.0","id":26,"result":"0xbf8ad0a6330fbd66f4376bbeee16163b248a949c4e0a7aaaf0a62f8c01aded55"}
tx 26/100: nonce=0x786 to=0x100000000000000000000000000000000000001b response={"jsonrpc":"2.0","id":27,"result":"0xa67cab21f85bd1db6d503dd20228586f93358fb0f838b6132a5bc64b29bf80e2"}
tx 27/100: nonce=0x787 to=0x100000000000000000000000000000000000001c response={"jsonrpc":"2.0","id":28,"result":"0xfa6633202cb09a7ee70c32232deed5d50585d299d9fe52897187efc4c8ea9f93"}
tx 28/100: nonce=0x788 to=0x100000000000000000000000000000000000001d response={"jsonrpc":"2.0","id":29,"result":"0x9af7097627557b97a0a1d9ee5c463b4a75353dbd8368a04dc3652cd58ec3b4a5"}
tx 29/100: nonce=0x789 to=0x100000000000000000000000000000000000001e response={"jsonrpc":"2.0","id":30,"result":"0xa91378900d88c775779c2e4f7e27e8981a24f0c4040839ba8c0fe2cac80f94d3"}
tx 30/100: nonce=0x78a to=0x100000000000000000000000000000000000001f response={"jsonrpc":"2.0","id":31,"result":"0xe47424d2080c8171ab7bfdd0bf0bb1104bb15368032dc0f1665811e0b33c96f1"}
tx 31/100: nonce=0x78b to=0x1000000000000000000000000000000000000020 response={"jsonrpc":"2.0","id":32,"result":"0xe10050129dfc5b06be1482841d62fc9776ce33606cd660af5826fe6dcf5c83e3"}
tx 32/100: nonce=0x78c to=0x1000000000000000000000000000000000000021 response={"jsonrpc":"2.0","id":33,"result":"0xd280f74c549d986624410f5d37577dfb2f3371217aa8d7f261b09ad6a9fdabda"}
tx 33/100: nonce=0x78d to=0x1000000000000000000000000000000000000022 response={"jsonrpc":"2.0","id":34,"result":"0xd9deed2f4d579e1de2d80a046c9c99b3551d4b2dbc22f063432c03cc08a69508"}
tx 34/100: nonce=0x78e to=0x1000000000000000000000000000000000000023 response={"jsonrpc":"2.0","id":35,"result":"0x2fc8022d83d5764fceecc9b77f7597cbc8a7309bcd50f144d2cc0ffd7d55156a"}
tx 35/100: nonce=0x78f to=0x1000000000000000000000000000000000000024 response={"jsonrpc":"2.0","id":36,"result":"0x537b2e08fecc8692d5ed8eda3ff59dbbd33f2f2cc822892a3903e202a8267636"}
tx 36/100: nonce=0x790 to=0x1000000000000000000000000000000000000025 response={"jsonrpc":"2.0","id":37,"result":"0x9007b5a8a7f60495a9913326e290e09ebc8db5005ecae2a1e77385e269d1c43b"}
tx 37/100: nonce=0x791 to=0x1000000000000000000000000000000000000026 response={"jsonrpc":"2.0","id":38,"result":"0xe1ea256072f603d083d6a27fa1d209a0bf51fb73401208b7e6822de8cdb4d6ff"}
tx 38/100: nonce=0x792 to=0x1000000000000000000000000000000000000027 response={"jsonrpc":"2.0","id":39,"result":"0xc9e57fb62c5471e99b87012a474e2bdfd98bfbd562143f7c502a2887fc917a2e"}
tx 39/100: nonce=0x793 to=0x1000000000000000000000000000000000000028 response={"jsonrpc":"2.0","id":40,"result":"0x30100ebac6d372b362c7210b176ee71fe99c9cf01f30aef84f4aa159e7e95ec1"}
tx 40/100: nonce=0x794 to=0x1000000000000000000000000000000000000029 response={"jsonrpc":"2.0","id":41,"result":"0xbafe82a3e7e091551c00720f58cd75db308dcebd2542f050bc5b74a0d52f31d1"}
tx 41/100: nonce=0x795 to=0x100000000000000000000000000000000000002a response={"jsonrpc":"2.0","id":42,"result":"0xdcf0a3aca8fffba43c6f3c3fa3485b9ba16d76f526c12532ec9e90d1da201ec2"}
tx 42/100: nonce=0x796 to=0x100000000000000000000000000000000000002b response={"jsonrpc":"2.0","id":43,"result":"0xb63b3a2cc24529ae91b2cafce91a05b17ed436ac96284e6d6a9e98ac22ba5c5b"}
tx 43/100: nonce=0x797 to=0x100000000000000000000000000000000000002c response={"jsonrpc":"2.0","id":44,"result":"0x83037be3c5089fec6febde264446f7f9854954562b3bbe5b0a2cc9ebe37adfdd"}
tx 44/100: nonce=0x798 to=0x100000000000000000000000000000000000002d response={"jsonrpc":"2.0","id":45,"result":"0x7ba31a5386753cad1105bf0e5ea1fc20e77846e2c8d3924427fcebce301d6a07"}
tx 45/100: nonce=0x799 to=0x100000000000000000000000000000000000002e response={"jsonrpc":"2.0","id":46,"result":"0x7c75c7f831cdda7ea6df0f0a25567a9bb48d5aefd9fcf83f5967098e54119e06"}
tx 46/100: nonce=0x79a to=0x100000000000000000000000000000000000002f response={"jsonrpc":"2.0","id":47,"result":"0xac64583650b50d2a4b44cbf367b5a461e295ecef47c37434ebdf376a91f2e15b"}
tx 47/100: nonce=0x79b to=0x1000000000000000000000000000000000000030 response={"jsonrpc":"2.0","id":48,"result":"0x478f880071f58cec04ad4035c5faccc32b0c6c0c018680669c64f7665604f0d7"}
tx 48/100: nonce=0x79c to=0x1000000000000000000000000000000000000031 response={"jsonrpc":"2.0","id":49,"result":"0xb4ad3c3200edaab973dbb533fa03ee348c1073bff373c88ef6cf110d22ee9116"}
tx 49/100: nonce=0x79d to=0x1000000000000000000000000000000000000032 response={"jsonrpc":"2.0","id":50,"result":"0x296cf19ffcf284a66cc984b61fe7fea995cc954bc44942197adeb644c0c3620e"}
tx 50/100: nonce=0x79e to=0x1000000000000000000000000000000000000033 response={"jsonrpc":"2.0","id":51,"result":"0x9ba349c44f61f4ee370f27a8ce3e9eea726cc95aa8703e1acb8af5623f94e66a"}
tx 51/100: nonce=0x79f to=0x1000000000000000000000000000000000000034 response={"jsonrpc":"2.0","id":52,"result":"0x7c104c94c39724ceeec10b57ac7e30368d4989fa504ae3118a2b063e0097db99"}
tx 52/100: nonce=0x7a0 to=0x1000000000000000000000000000000000000035 response={"jsonrpc":"2.0","id":53,"result":"0x27db98aa6a883f34afc0d53d6eb8c7a845df2c16a0cd26f618059949b126b944"}
tx 53/100: nonce=0x7a1 to=0x1000000000000000000000000000000000000036 response={"jsonrpc":"2.0","id":54,"result":"0x3ed3a15d21b2c61506e07f3fa817976e0b9fe2537f9d725d1d724ecfed4565f8"}
tx 54/100: nonce=0x7a2 to=0x1000000000000000000000000000000000000037 response={"jsonrpc":"2.0","id":55,"result":"0x41e5df65a15a1a611a9d80f677dc7d5bdabba3b2f5a5db728d4cbb289d665e29"}
tx 55/100: nonce=0x7a3 to=0x1000000000000000000000000000000000000038 response={"jsonrpc":"2.0","id":56,"result":"0x32a98ef4a4929e6d28e654d30db085735855dd93d12d32c4725fb17a1cfa62bb"}
tx 56/100: nonce=0x7a4 to=0x1000000000000000000000000000000000000039 response={"jsonrpc":"2.0","id":57,"result":"0xaffff624700cdccdf71b41719f80b3fa12202b39f3e6b8504bb34a3ff46f45bf"}
tx 57/100: nonce=0x7a5 to=0x100000000000000000000000000000000000003a response={"jsonrpc":"2.0","id":58,"result":"0xa7df44a357d7d67e3d457840b74fe0a9c8b58668333ed5c25c765ee1e4c2db82"}
tx 58/100: nonce=0x7a6 to=0x100000000000000000000000000000000000003b response={"jsonrpc":"2.0","id":59,"result":"0x1d548558aec103d44bcf22204a88a5c1a705466ad25723cb83eb7825d4a74e3f"}
tx 59/100: nonce=0x7a7 to=0x100000000000000000000000000000000000003c response={"jsonrpc":"2.0","id":60,"result":"0xc6bc5fe415271e1d72824f93cd5a08f1316d95b93a778f140a52ed082d103959"}
tx 60/100: nonce=0x7a8 to=0x100000000000000000000000000000000000003d response={"jsonrpc":"2.0","id":61,"result":"0xb4e64ac2e634a4305bc730a47ff9acc521913ed5b6bc194a0c3e2884ce6027a2"}
tx 61/100: nonce=0x7a9 to=0x100000000000000000000000000000000000003e response={"jsonrpc":"2.0","id":62,"result":"0x25c58d32818eb103442f1536ea9c6f851e1621b0f982835a37a6bfc65ff89d3a"}
tx 62/100: nonce=0x7aa to=0x100000000000000000000000000000000000003f response={"jsonrpc":"2.0","id":63,"result":"0xc28efd041137adf766797cad4f88b372c8a9fded324b399ce3f453901a59ee8c"}
tx 63/100: nonce=0x7ab to=0x1000000000000000000000000000000000000040 response={"jsonrpc":"2.0","id":64,"result":"0x7ccba44c7fc4b3b4b442d0da09b5389bb374a0d79efb5e5921277a740655b25b"}
tx 64/100: nonce=0x7ac to=0x1000000000000000000000000000000000000041 response={"jsonrpc":"2.0","id":65,"result":"0xa522a4db7bfcc08434510939ff6ab702a19ea0eaaf090fb46227401ab6b56340"}
tx 65/100: nonce=0x7ad to=0x1000000000000000000000000000000000000042 response={"jsonrpc":"2.0","id":66,"result":"0x26fe23e651277a16f1a470cba9cace02864c1aad58ae11c070e1f81d320d45cb"}
tx 66/100: nonce=0x7ae to=0x1000000000000000000000000000000000000043 response={"jsonrpc":"2.0","id":67,"result":"0xabad675b2473fe622f2a6deeb6852678a8a870ac73ab527018b0f2e5e004ef80"}
tx 67/100: nonce=0x7af to=0x1000000000000000000000000000000000000044 response={"jsonrpc":"2.0","id":68,"result":"0x2c0188ad4d8ac7ea4af4164333e9e08e7f75cc4f4f60e1f90c328c4a9b980327"}
tx 68/100: nonce=0x7b0 to=0x1000000000000000000000000000000000000045 response={"jsonrpc":"2.0","id":69,"result":"0x90602c04bfcbbed7ec88712dcb11586f1c27698ff455212d2b99cc55a23c03bc"}
tx 69/100: nonce=0x7b1 to=0x1000000000000000000000000000000000000046 response={"jsonrpc":"2.0","id":70,"result":"0x464386d44a45dda7e6557c99cfdf6340fbcdaf79a61b0d786419dfca980aa82f"}
tx 70/100: nonce=0x7b2 to=0x1000000000000000000000000000000000000047 response={"jsonrpc":"2.0","id":71,"result":"0xb7bb636935582d671adefdaeb2a88a0fadd897bba7c0b63e008dc1d25dfda642"}
tx 71/100: nonce=0x7b3 to=0x1000000000000000000000000000000000000048 response={"jsonrpc":"2.0","id":72,"result":"0x4aeca68b9c134bfc4753af32fade9d5972270d3d71c89e1f259d065038e7f930"}
tx 72/100: nonce=0x7b4 to=0x1000000000000000000000000000000000000049 response={"jsonrpc":"2.0","id":73,"result":"0x84655a7883dbfa6f13daa19940ca5243bb5512fc60513992ccea66a831249a03"}
tx 73/100: nonce=0x7b5 to=0x100000000000000000000000000000000000004a response={"jsonrpc":"2.0","id":74,"result":"0x61ff0dbc1cb0562aa15aa20ea43d46c195466a2d2a034a966b7daa7b6536730a"}
tx 74/100: nonce=0x7b6 to=0x100000000000000000000000000000000000004b response={"jsonrpc":"2.0","id":75,"result":"0x31315e605fe3b3541d143d5f96cd712759dea5a91f6f9180ffade258cdfe89cf"}
tx 75/100: nonce=0x7b7 to=0x100000000000000000000000000000000000004c response={"jsonrpc":"2.0","id":76,"result":"0x27c4f1fc63c449c977668155178cbe71d90bc586519a8e55076a613e325a2bd2"}
tx 76/100: nonce=0x7b8 to=0x100000000000000000000000000000000000004d response={"jsonrpc":"2.0","id":77,"result":"0x1cd0f98bb02db4d66e7d8d1d415066830fcb04956a8b228fbfd8aec21713d689"}
tx 77/100: nonce=0x7b9 to=0x100000000000000000000000000000000000004e response={"jsonrpc":"2.0","id":78,"result":"0xf8a31954882667bf448dc2784efeb514bd12f0c256b1c86f378f97b2ae6db1d8"}
tx 78/100: nonce=0x7ba to=0x100000000000000000000000000000000000004f response={"jsonrpc":"2.0","id":79,"result":"0x9799f4b8d96cf9abbc54f94c55ff8d5f92ca6f61145a0f7f7b87bd1ecb00aea6"}
tx 79/100: nonce=0x7bb to=0x1000000000000000000000000000000000000050 response={"jsonrpc":"2.0","id":80,"result":"0xc2e40160b3770ac18997d3089dad7a2c4dc796fc45879aa60067273d754ddb6b"}
tx 80/100: nonce=0x7bc to=0x1000000000000000000000000000000000000051 response={"jsonrpc":"2.0","id":81,"result":"0xc7bbcc2ca9f32497658e2d481c0747834780ea815f108e1236cea05a4f69ea9c"}
tx 81/100: nonce=0x7bd to=0x1000000000000000000000000000000000000052 response={"jsonrpc":"2.0","id":82,"result":"0x27d958b8bf6a27f4cb2a4d435940bca9705b9eb1bfd7754631983beab20f3f37"}
tx 82/100: nonce=0x7be to=0x1000000000000000000000000000000000000053 response={"jsonrpc":"2.0","id":83,"result":"0x3f2690d275189c407ba9dd894ecf4785e07bde13e2c372bf8e6d907af1a78ee5"}
tx 83/100: nonce=0x7bf to=0x1000000000000000000000000000000000000054 response={"jsonrpc":"2.0","id":84,"result":"0xf3c73d0f7cdfb9d95098df9c2cc6624e510da3669b11a64e1c7f6a3edf113098"}
tx 84/100: nonce=0x7c0 to=0x1000000000000000000000000000000000000055 response={"jsonrpc":"2.0","id":85,"result":"0xa3d2632d34750a7ef99180a43a04b5f86847a58a19b3e37c52bf7357d9e10936"}
tx 85/100: nonce=0x7c1 to=0x1000000000000000000000000000000000000056 response={"jsonrpc":"2.0","id":86,"result":"0x0d28ca468fc9067162c84a92b6444d5566acf80e1f0b8b552ff9bc31dbe831e3"}
tx 86/100: nonce=0x7c2 to=0x1000000000000000000000000000000000000057 response={"jsonrpc":"2.0","id":87,"result":"0x5d89440b0f23f8ba5b37a1ec0d56eefeeaaac34c39c872a65aae290c7e293387"}
tx 87/100: nonce=0x7c3 to=0x1000000000000000000000000000000000000058 response={"jsonrpc":"2.0","id":88,"result":"0xbb23cfccda23a8561abb100cc889b9ef2eb8194135f53a7793ad300451072521"}
tx 88/100: nonce=0x7c4 to=0x1000000000000000000000000000000000000059 response={"jsonrpc":"2.0","id":89,"result":"0x93b2ed59f75d374acd0a66a3c2328f1e48ea202f2e501389b060162c75e615b2"}
tx 89/100: nonce=0x7c5 to=0x100000000000000000000000000000000000005a response={"jsonrpc":"2.0","id":90,"result":"0x37c6b428b07d2b43d9a4ebdfcffec30d4d235610e8ef34eb2bb224663a9a0389"}
tx 90/100: nonce=0x7c6 to=0x100000000000000000000000000000000000005b response={"jsonrpc":"2.0","id":91,"result":"0xb179c502c280aa1da8f2958c5d00c1835f69158f144541d20d639724a2786835"}
tx 91/100: nonce=0x7c7 to=0x100000000000000000000000000000000000005c response={"jsonrpc":"2.0","id":92,"result":"0x5a3d8cf17e110b567779db3211b9267dd7c524f3b376d10c84122b644d701124"}
tx 92/100: nonce=0x7c8 to=0x100000000000000000000000000000000000005d response={"jsonrpc":"2.0","id":93,"result":"0x1f2e59a71c4251768311e21af3e21b8661acdf201fb862fd3e84beab0592ae3c"}
tx 93/100: nonce=0x7c9 to=0x100000000000000000000000000000000000005e response={"jsonrpc":"2.0","id":94,"result":"0xcbb48e685fe48489307bac05831d9a6e8332877c85df3762ad940f7f92b7be76"}
tx 94/100: nonce=0x7ca to=0x100000000000000000000000000000000000005f response={"jsonrpc":"2.0","id":95,"result":"0xb8bff9662f40bab9d8174cebdc84635a1f6ca843d837785b07d68b328c53a302"}
tx 95/100: nonce=0x7cb to=0x1000000000000000000000000000000000000060 response={"jsonrpc":"2.0","id":96,"result":"0xd7df2e0da67532376345a4d147150a45b503db1cd47fc029f5f897974d158259"}
tx 96/100: nonce=0x7cc to=0x1000000000000000000000000000000000000061 response={"jsonrpc":"2.0","id":97,"result":"0x1ca577dd8a92c0228e30d25bf423e113e3e473e30d019f893584223f28dc0acf"}
tx 97/100: nonce=0x7cd to=0x1000000000000000000000000000000000000062 response={"jsonrpc":"2.0","id":98,"result":"0xea0d03d882b6be01351594e286fa50e8d5fbf4fab9c422f6642633f659555a88"}
tx 98/100: nonce=0x7ce to=0x1000000000000000000000000000000000000063 response={"jsonrpc":"2.0","id":99,"result":"0x0bd103aea2763fdbb4ff58681114b3e8fbfe96202520a81f2963140ad41f765b"}
tx 99/100: nonce=0x7cf to=0x1000000000000000000000000000000000000064 response={"jsonrpc":"2.0","id":100,"result":"0x4a4501d46592e2bbecf46a2d52036bea40769801434c9daec2ed53d2b6747761"}
Done. Check pending txs with:
curl -s -H 'Content-Type: application/json' --data '{"jsonrpc":"2.0","method":"txpool_status","params":[],"id":1}' http://127.0.0.1:8545
Sending 100 txs from 0x92424e4f86201c931ba53eb48619d93244c18e13 via http://127.0.0.1:8545, base_nonce=2000, to_mode=sequential
tx 0/100: nonce=0x7d0 to=0x1000000000000000000000000000000000000001 response={"jsonrpc":"2.0","id":1,"result":"0xc22ec2b962c9720ba6747a2f7d6f32cb07d121a982d00aa255405afc827269dd"}
tx 1/100: nonce=0x7d1 to=0x1000000000000000000000000000000000000002 response={"jsonrpc":"2.0","id":2,"result":"0x9445029d1d3d7b414d9c4cee10b4da54cc735e268f41130da27b28af9034b1b1"}
tx 2/100: nonce=0x7d2 to=0x1000000000000000000000000000000000000003 response={"jsonrpc":"2.0","id":3,"result":"0x5c66b399b19d769dab196331b3baa999d9fb72a0a5a4c5d694093f89edebce50"}
tx 3/100: nonce=0x7d3 to=0x1000000000000000000000000000000000000004 response={"jsonrpc":"2.0","id":4,"result":"0x898d8d59b65f1704ae9dbb0111a7f33c5b77b6bd1ed46b247b6cf92e8451e259"}
tx 4/100: nonce=0x7d4 to=0x1000000000000000000000000000000000000005 response={"jsonrpc":"2.0","id":5,"result":"0x3efb1f41a7b893a520c60311bb6babfc0470345a85730242112e3801a136107d"}
tx 5/100: nonce=0x7d5 to=0x1000000000000000000000000000000000000006 response={"jsonrpc":"2.0","id":6,"result":"0x7443fcb9053d914f832b6badec4da83604248ae67dd3bb77d05205c665764a5a"}
tx 6/100: nonce=0x7d6 to=0x1000000000000000000000000000000000000007 response={"jsonrpc":"2.0","id":7,"result":"0x715fc80894ec205eaa8dd5d5be26dc6bde94ca5fa27ae10477509a9260c98f89"}
tx 7/100: nonce=0x7d7 to=0x1000000000000000000000000000000000000008 response={"jsonrpc":"2.0","id":8,"result":"0xaa037a2182237b387eeb70ed5efe119f22b29935f2dbad5fc5cd8f773575237a"}
tx 8/100: nonce=0x7d8 to=0x1000000000000000000000000000000000000009 response={"jsonrpc":"2.0","id":9,"result":"0x1a9ebefa8b38662721a487b2b5cfea6e0a79ba7042d562241771d667d5fba763"}
tx 9/100: nonce=0x7d9 to=0x100000000000000000000000000000000000000a response={"jsonrpc":"2.0","id":10,"result":"0xe9b1e586c5791bd62786c60b4bb27a06188e07c2cc0f9957e9aea1d191dfeb04"}
tx 10/100: nonce=0x7da to=0x100000000000000000000000000000000000000b response={"jsonrpc":"2.0","id":11,"result":"0x96ddaa7d3d0600ae306a64b2b9096d91a286fa8249a58d05b7cab46f61c8fc06"}
tx 11/100: nonce=0x7db to=0x100000000000000000000000000000000000000c response={"jsonrpc":"2.0","id":12,"result":"0x62d629e66a02a42cbd953511047e4516a92565843207f21f8bcf7dd5e48260d2"}
tx 12/100: nonce=0x7dc to=0x100000000000000000000000000000000000000d response={"jsonrpc":"2.0","id":13,"result":"0x5b9edc23bddb10bd7f29e864445833e86bf34177a1d89c816f2f3b38c2d41cae"}
tx 13/100: nonce=0x7dd to=0x100000000000000000000000000000000000000e response={"jsonrpc":"2.0","id":14,"result":"0xc3dbe8351159ee404010b0397a4da4e6b872c0ef2cf821db9dca9e78f9df3a98"}
tx 14/100: nonce=0x7de to=0x100000000000000000000000000000000000000f response={"jsonrpc":"2.0","id":15,"result":"0x5c25c8c72e75b72c81ab7ea9ece9db554a26830bd360f9301db512de16525dea"}
tx 15/100: nonce=0x7df to=0x1000000000000000000000000000000000000010 response={"jsonrpc":"2.0","id":16,"result":"0xc5696544e447f94e135105d97689d6fcbe4b11582e031b25aa3005f9cbbfa8c2"}
tx 16/100: nonce=0x7e0 to=0x1000000000000000000000000000000000000011 response={"jsonrpc":"2.0","id":17,"result":"0x850b1ca329fa047c7a171869406c56de5c41141c7be71992d40f7ea28178f70a"}
tx 17/100: nonce=0x7e1 to=0x1000000000000000000000000000000000000012 response={"jsonrpc":"2.0","id":18,"result":"0x78b5736951ac2b2bbcdd9f58127caceb460dfd907629327f8b5b06166c59c005"}
tx 18/100: nonce=0x7e2 to=0x1000000000000000000000000000000000000013 response={"jsonrpc":"2.0","id":19,"result":"0x329c92393848f076ff68808a71a82c15bd638d08eb241b25d214e2baa1956921"}
tx 19/100: nonce=0x7e3 to=0x1000000000000000000000000000000000000014 response={"jsonrpc":"2.0","id":20,"result":"0x59bc623beeefca30654d812da9d79bb824ec0132c75bc3e2f762f50acc3ea2e2"}
tx 20/100: nonce=0x7e4 to=0x1000000000000000000000000000000000000015 response={"jsonrpc":"2.0","id":21,"result":"0xa8e258a1a375f383bdfa0a0f85f29ac29a0a827cb3ea50a504ff55595235388d"}
tx 21/100: nonce=0x7e5 to=0x1000000000000000000000000000000000000016 response={"jsonrpc":"2.0","id":22,"result":"0x069f3a0834636a5f1091b9cdfc5ad97ecca5d00e62c88b0447ff48ec51b0c184"}
tx 22/100: nonce=0x7e6 to=0x1000000000000000000000000000000000000017 response={"jsonrpc":"2.0","id":23,"result":"0x4ff5d180eec8bb03fee7144310f8ef385c9cbf83d507c55c31af2f2a229c5ec0"}
tx 23/100: nonce=0x7e7 to=0x1000000000000000000000000000000000000018 response={"jsonrpc":"2.0","id":24,"result":"0xf8d197ba1443dadd87a4b7edd3cc242fc4efc2c346f4d1f17a8ed0f33418ccf3"}
tx 24/100: nonce=0x7e8 to=0x1000000000000000000000000000000000000019 response={"jsonrpc":"2.0","id":25,"result":"0xe7fb04b57196b3a0f707f209935d8e9f03ecb93129952b5bdb5c6e4af0531268"}
tx 25/100: nonce=0x7e9 to=0x100000000000000000000000000000000000001a response={"jsonrpc":"2.0","id":26,"result":"0x43958528f91b694da7be3066c6ae3e11dfdea8761b3471441fb0fe484f0804cd"}
tx 26/100: nonce=0x7ea to=0x100000000000000000000000000000000000001b response={"jsonrpc":"2.0","id":27,"result":"0xe4304ebbeb1673ddab48642770dac66c074467e853d7d03263020f4c2a88197b"}
tx 27/100: nonce=0x7eb to=0x100000000000000000000000000000000000001c response={"jsonrpc":"2.0","id":28,"result":"0x755adc8d4f4210d1250203d8e7e722d3ce136e00915089efdc6124ab3dc25953"}
tx 28/100: nonce=0x7ec to=0x100000000000000000000000000000000000001d response={"jsonrpc":"2.0","id":29,"result":"0x122b713133c59be8c9bb2b4f9eff0a2eb65ba089984eec7fe0772a8db01503a0"}
tx 29/100: nonce=0x7ed to=0x100000000000000000000000000000000000001e response={"jsonrpc":"2.0","id":30,"result":"0x0a0d4340c4537bc0b142cd8eb7486294341213c652f813fe380f148c36a912b4"}
tx 30/100: nonce=0x7ee to=0x100000000000000000000000000000000000001f response={"jsonrpc":"2.0","id":31,"result":"0xe89c59d09e35b9630f6238d50a5bc581f03104b28186e35d3d10fb5f428d3326"}
tx 31/100: nonce=0x7ef to=0x1000000000000000000000000000000000000020 response={"jsonrpc":"2.0","id":32,"result":"0xac8c9cdca3b260a2af56d6565062cdcf8b5061d12ad5f27273937c366ff36fc5"}
tx 32/100: nonce=0x7f0 to=0x1000000000000000000000000000000000000021 response={"jsonrpc":"2.0","id":33,"result":"0x07e80ee252a1f7d0614832266fb2f450ad3218af7fdc04949a7849376e0c34c9"}
tx 33/100: nonce=0x7f1 to=0x1000000000000000000000000000000000000022 response={"jsonrpc":"2.0","id":34,"result":"0x97d0f786f7bf38db09cf1884ebdd92bacaec4d3d73b5b346f2f0891bf5752b41"}
tx 34/100: nonce=0x7f2 to=0x1000000000000000000000000000000000000023 response={"jsonrpc":"2.0","id":35,"result":"0xe66211a6d212299405d44c92daa1b6e53a5c59fa87f04599e70fb0064b081321"}
tx 35/100: nonce=0x7f3 to=0x1000000000000000000000000000000000000024 response={"jsonrpc":"2.0","id":36,"result":"0xe9ad6a01394690f7dac5d4fa11b8c293f081a966f95dfc2f9157eeed83b3eecf"}
tx 36/100: nonce=0x7f4 to=0x1000000000000000000000000000000000000025 response={"jsonrpc":"2.0","id":37,"result":"0xbdb2deb20860070cc59afb6f40ccc7e61ac1912e3a60139da7c92ee6f4e50336"}
tx 37/100: nonce=0x7f5 to=0x1000000000000000000000000000000000000026 response={"jsonrpc":"2.0","id":38,"result":"0xf9a52cdcdeb4107374815357397f5ef0491feedce7b21288ab2a625c8a891a96"}
tx 38/100: nonce=0x7f6 to=0x1000000000000000000000000000000000000027 response={"jsonrpc":"2.0","id":39,"result":"0x76f1c8dc3cd10102cf1df73c24e2102c4043cf2a9f7aa1a81c2abe0e6421f5b2"}
tx 39/100: nonce=0x7f7 to=0x1000000000000000000000000000000000000028 response={"jsonrpc":"2.0","id":40,"result":"0x0bfd88ae35778b60cc048efe33365c85f6e38dc902cda4c0e6c53da03878534b"}
tx 40/100: nonce=0x7f8 to=0x1000000000000000000000000000000000000029 response={"jsonrpc":"2.0","id":41,"result":"0xca552ab91f45dea40951cce4954a2a245801b4e4d3b934013ad28f9dc9fb56c9"}
tx 41/100: nonce=0x7f9 to=0x100000000000000000000000000000000000002a response={"jsonrpc":"2.0","id":42,"result":"0x5d3dd493de07ea4ad799eee8a603f070d6a9320ab1959b82138fed0a8ec390ed"}
tx 42/100: nonce=0x7fa to=0x100000000000000000000000000000000000002b response={"jsonrpc":"2.0","id":43,"result":"0x2b188f922b814419f6115fe527474f653fa1809c179ae76374ff9e04fe253ca6"}
tx 43/100: nonce=0x7fb to=0x100000000000000000000000000000000000002c response={"jsonrpc":"2.0","id":44,"result":"0x0691e68569aba415ebf697feab20de0c47489c82ec96fd44e042618730253415"}
tx 44/100: nonce=0x7fc to=0x100000000000000000000000000000000000002d response={"jsonrpc":"2.0","id":45,"result":"0xbecd6198b08a4a55ad0cfa1b1efa7763c00284dcb3b3826a784313a9fad0d1bb"}
tx 45/100: nonce=0x7fd to=0x100000000000000000000000000000000000002e response={"jsonrpc":"2.0","id":46,"result":"0x4c97222745f563cbc0972d1b6e40449ecd22358667d598906db6e652b0eecf8a"}
tx 46/100: nonce=0x7fe to=0x100000000000000000000000000000000000002f response={"jsonrpc":"2.0","id":47,"result":"0x25039ccb84dcec14ec7fc475f9f4a856c206ca1c78d5ae1ddb8af0cea8257303"}
tx 47/100: nonce=0x7ff to=0x1000000000000000000000000000000000000030 response={"jsonrpc":"2.0","id":48,"result":"0x3d37fe9f8c07fc5ce9f24fe9c7bf55e3b4283870d7432f7a3067a2bd4c2cfcb4"}
tx 48/100: nonce=0x800 to=0x1000000000000000000000000000000000000031 response={"jsonrpc":"2.0","id":49,"result":"0x382044f93f190129beb8533eb08037f59a9f934e384dc617b25c03370cf81854"}
tx 49/100: nonce=0x801 to=0x1000000000000000000000000000000000000032 response={"jsonrpc":"2.0","id":50,"result":"0xaf97b4481c2dad2d74a66851970b4681a45d306f05c9a502b1980dfef1d779d4"}
tx 50/100: nonce=0x802 to=0x1000000000000000000000000000000000000033 response={"jsonrpc":"2.0","id":51,"result":"0x8235bc477be46f92e239bf955fafecaff3a15f4585ff3db498b5f89b0c1d5e29"}
tx 51/100: nonce=0x803 to=0x1000000000000000000000000000000000000034 response={"jsonrpc":"2.0","id":52,"result":"0x1dfb8cd584d726dac932fbc25524e0fb21df41a1cde087a0fa11b3018ed5bcee"}
tx 52/100: nonce=0x804 to=0x1000000000000000000000000000000000000035 response={"jsonrpc":"2.0","id":53,"result":"0xe89f9b9e4ccd05e9795d962d8698053604c1f6c0a5ba5af189028093d02db29e"}
tx 53/100: nonce=0x805 to=0x1000000000000000000000000000000000000036 response={"jsonrpc":"2.0","id":54,"result":"0xf547053a848c8e2d990c69d54987efeb34dae60765ab718741b8745622414c81"}
tx 54/100: nonce=0x806 to=0x1000000000000000000000000000000000000037 response={"jsonrpc":"2.0","id":55,"result":"0x5a37c728a52cb02a56c1be0c14ed352952e66cbe7d6370b5ae3d0cc1688f0da9"}
tx 55/100: nonce=0x807 to=0x1000000000000000000000000000000000000038 response={"jsonrpc":"2.0","id":56,"result":"0x00b79614cef012653f21819b0fcf8a1b06cb03b9f2d226133b62adf0a223fedb"}
tx 56/100: nonce=0x808 to=0x1000000000000000000000000000000000000039 response={"jsonrpc":"2.0","id":57,"result":"0x59a00e92795842e68fbb782e5a548090ccacb082a4933bfda66d4401710a6de3"}
tx 57/100: nonce=0x809 to=0x100000000000000000000000000000000000003a response={"jsonrpc":"2.0","id":58,"result":"0xc077ffa838e4682c3e8fbd5580a873bd8688ed843714838477384de618cb2a54"}
tx 58/100: nonce=0x80a to=0x100000000000000000000000000000000000003b response={"jsonrpc":"2.0","id":59,"result":"0xc783c70b50f7fa62de32c33b124bbb6f94b5f8383f387da147a8bb66adde678c"}
tx 59/100: nonce=0x80b to=0x100000000000000000000000000000000000003c response={"jsonrpc":"2.0","id":60,"result":"0x3c6561d1911cbea5c585580768f9c71fae4b7e7bdd55c6456007a357d5256ff3"}
tx 60/100: nonce=0x80c to=0x100000000000000000000000000000000000003d response={"jsonrpc":"2.0","id":61,"result":"0xfecb529aeb023a430e02a0070d3e0a4524dd3f3bc1e79df596987437da4f3452"}
tx 61/100: nonce=0x80d to=0x100000000000000000000000000000000000003e response={"jsonrpc":"2.0","id":62,"result":"0xdd11f41cff6c8ae14a755d782fb10273e8eca31adbda5543ba66a57856d2451e"}
tx 62/100: nonce=0x80e to=0x100000000000000000000000000000000000003f response={"jsonrpc":"2.0","id":63,"result":"0xe3ad89c8899ccf02154e9876445f1204af16b4bae313294fcf9b72db3a6ff069"}
tx 63/100: nonce=0x80f to=0x1000000000000000000000000000000000000040 response={"jsonrpc":"2.0","id":64,"result":"0x616cae787eab9d155a0b10af8942bb08d513faed43e1e3d94f83ec1e469a881c"}
tx 64/100: nonce=0x810 to=0x1000000000000000000000000000000000000041 response={"jsonrpc":"2.0","id":65,"result":"0x4c4d89e1dc662fbd7ac37f0d0e7de9aaf79689892f90c3f8be36391a7ea2e068"}
tx 65/100: nonce=0x811 to=0x1000000000000000000000000000000000000042 response={"jsonrpc":"2.0","id":66,"result":"0x1a566008f6a1cadfdb94c37ee8379608255f85d02a1796e181fc9f922699d274"}
tx 66/100: nonce=0x812 to=0x1000000000000000000000000000000000000043 response={"jsonrpc":"2.0","id":67,"result":"0xb4735e9d25cda1ffc28063416ef17925a6b0a8e48d577fe6b7b753b9aba8a6ec"}
tx 67/100: nonce=0x813 to=0x1000000000000000000000000000000000000044 response={"jsonrpc":"2.0","id":68,"result":"0x456958347eed2e3e5cd78275c582e6e429b137748efb010e7de5ff8296644c13"}
tx 68/100: nonce=0x814 to=0x1000000000000000000000000000000000000045 response={"jsonrpc":"2.0","id":69,"result":"0x4b3ad377b05a639537d3e8ffaea78debadcd57f2c4807722e69b1bd5316620d7"}
tx 69/100: nonce=0x815 to=0x1000000000000000000000000000000000000046 response={"jsonrpc":"2.0","id":70,"result":"0x6183f74d4f9cd599f7822593a05943417fa226abcf2662644b53ef82427170f7"}
tx 70/100: nonce=0x816 to=0x1000000000000000000000000000000000000047 response={"jsonrpc":"2.0","id":71,"result":"0x75b3f530f831634fe92081f66fb81b5b259fd5a98b689682bd06f8317bb8312f"}
tx 71/100: nonce=0x817 to=0x1000000000000000000000000000000000000048 response={"jsonrpc":"2.0","id":72,"result":"0x9f46aecdd3c90c9abd8e88b345101950c9376c03bbbd9503c8830352d37f90e3"}
tx 72/100: nonce=0x818 to=0x1000000000000000000000000000000000000049 response={"jsonrpc":"2.0","id":73,"result":"0x2b188b63559c052eb50d3ccf8dde74f40e52ebec428590cfff50040444dbf095"}
tx 73/100: nonce=0x819 to=0x100000000000000000000000000000000000004a response={"jsonrpc":"2.0","id":74,"result":"0x51e6c958e725edc5f3403f82e8574efa1c8c59560a20d536bb0076a4f57c8fd3"}
tx 74/100: nonce=0x81a to=0x100000000000000000000000000000000000004b response={"jsonrpc":"2.0","id":75,"result":"0x20e2b712b9b2940feee58439426684cbbe7625e7461f266171e19c5229c5fc4f"}
tx 75/100: nonce=0x81b to=0x100000000000000000000000000000000000004c response={"jsonrpc":"2.0","id":76,"result":"0x2568872fef197d88ef557dc2d6c83457ac9b60de68d2b1c4d545a8ed17c74bd3"}
tx 76/100: nonce=0x81c to=0x100000000000000000000000000000000000004d response={"jsonrpc":"2.0","id":77,"result":"0x3d83e9a79401a1089f38e5719d7ac1581d01d6a26bb928c04662d5690e30bdf8"}
tx 77/100: nonce=0x81d to=0x100000000000000000000000000000000000004e response={"jsonrpc":"2.0","id":78,"result":"0xd8d4e9de65f6c64dc2aa3db43c6370a8a1e7535f9060886786008da59fd8a1d3"}
tx 78/100: nonce=0x81e to=0x100000000000000000000000000000000000004f response={"jsonrpc":"2.0","id":79,"result":"0x1d1f478489d5595acfa54eb72c85c6c4f07918abe344997f8b41a71ae2a4b7ed"}
tx 79/100: nonce=0x81f to=0x1000000000000000000000000000000000000050 response={"jsonrpc":"2.0","id":80,"result":"0x39407a1f98a2597d8d5bf7de97cba9750f8b8b5f81deb4f10370cdd86d3c2d0c"}
tx 80/100: nonce=0x820 to=0x1000000000000000000000000000000000000051 response={"jsonrpc":"2.0","id":81,"result":"0x747e875350a7254e966909425ba40dbd0ac163549fb6f8b2dd3c68c1ed9a7730"}
tx 81/100: nonce=0x821 to=0x1000000000000000000000000000000000000052 response={"jsonrpc":"2.0","id":82,"result":"0x6deb1ac526e5a74c6d4a5f57718ea63e6024136cf795ea116b713708b342007d"}
tx 82/100: nonce=0x822 to=0x1000000000000000000000000000000000000053 response={"jsonrpc":"2.0","id":83,"result":"0x5842bc59b3a661ac41507e84f946fc1c56635f0008f2c333c1987d57750ed69f"}
tx 83/100: nonce=0x823 to=0x1000000000000000000000000000000000000054 response={"jsonrpc":"2.0","id":84,"result":"0x86377961fa0abac3b2e44fcf5816af91e6579e8af4e9a5c72bc9027c9a1426ac"}
tx 84/100: nonce=0x824 to=0x1000000000000000000000000000000000000055 response={"jsonrpc":"2.0","id":85,"result":"0x8167b1c508ab37958cd65473baaee1b51a9cef9de6bb9c667c9fc14fec61aab7"}
tx 85/100: nonce=0x825 to=0x1000000000000000000000000000000000000056 response={"jsonrpc":"2.0","id":86,"result":"0x2465d4cf7e9a13e9bf0a47cd4d6884b4f53a69b622769567ec2a464f3bf0e12c"}
tx 86/100: nonce=0x826 to=0x1000000000000000000000000000000000000057 response={"jsonrpc":"2.0","id":87,"result":"0xed3a031994d3130b951c1625ab574077fb0eaff694419b915e14c84b3f85abc4"}
tx 87/100: nonce=0x827 to=0x1000000000000000000000000000000000000058 response={"jsonrpc":"2.0","id":88,"result":"0x0281864ff44712162b65f0e904537c2bdfb608bc122ee8097bc2d0d1cac16f96"}
tx 88/100: nonce=0x828 to=0x1000000000000000000000000000000000000059 response={"jsonrpc":"2.0","id":89,"result":"0x36ec2de8fb365cdf65426c651f1347d6673dc8f129d9a685f368751e8e3ed716"}
tx 89/100: nonce=0x829 to=0x100000000000000000000000000000000000005a response={"jsonrpc":"2.0","id":90,"result":"0x95c0c4559f9856c78170279b4d12b54dfb37e815114a8b918b00ee2166b43d02"}
tx 90/100: nonce=0x82a to=0x100000000000000000000000000000000000005b response={"jsonrpc":"2.0","id":91,"result":"0x226b154f58cc6492b18a676e23a54ae197cde54c4b39019121929670cbd1d36c"}
tx 91/100: nonce=0x82b to=0x100000000000000000000000000000000000005c response={"jsonrpc":"2.0","id":92,"result":"0xfd498995a0b8d79e279829d9ef27d45ef051210fbf038f43ef4a690b2a95559f"}
tx 92/100: nonce=0x82c to=0x100000000000000000000000000000000000005d response={"jsonrpc":"2.0","id":93,"result":"0x7b0ed778b9fb01a7884a1c3c49f3242003916dba1fec77f885a6f8235ebe9eb9"}
tx 93/100: nonce=0x82d to=0x100000000000000000000000000000000000005e response={"jsonrpc":"2.0","id":94,"result":"0xf222597b2abfe44db1b566a94e10a7576b6f4bb20eaf470b2129da35bf5a113b"}
tx 94/100: nonce=0x82e to=0x100000000000000000000000000000000000005f response={"jsonrpc":"2.0","id":95,"result":"0xb079353f0b5a90158a5a21fb6be7974ca36180a8ad3d2ca3d878cf325f9e4070"}
tx 95/100: nonce=0x82f to=0x1000000000000000000000000000000000000060 response={"jsonrpc":"2.0","id":96,"result":"0x8636f37ff1eb280812ec29f36187c5a596d7d58081ebab8027c16379b0cb1a4e"}
tx 96/100: nonce=0x830 to=0x1000000000000000000000000000000000000061 response={"jsonrpc":"2.0","id":97,"result":"0xb5f81e0f45311009e94e7cebbfc4b93eed42c58cf801d30b53150037e25912fa"}
tx 97/100: nonce=0x831 to=0x1000000000000000000000000000000000000062 response={"jsonrpc":"2.0","id":98,"result":"0x2d0ca7aeee53352507a39c0b34b3f03d02eff6194810a01b9bf9bd898c3ab36b"}
tx 98/100: nonce=0x832 to=0x1000000000000000000000000000000000000063 response={"jsonrpc":"2.0","id":99,"result":"0xcc01c70cc0b0d8d451a46aae11c63052a9cb10a6dab0779b7f78fed2e47a4748"}
tx 99/100: nonce=0x833 to=0x1000000000000000000000000000000000000064 response={"jsonrpc":"2.0","id":100,"result":"0xe9a34cb396f2b1aafc985bcb3ba0afe750e5db6ffd422cdafe38d2367dd46c7b"}
Done. Check pending txs with:
curl -s -H 'Content-Type: application/json' --data '{"jsonrpc":"2.0","method":"txpool_status","params":[],"id":1}' http://127.0.0.1:8545
Sending 100 txs from 0x92424e4f86201c931ba53eb48619d93244c18e13 via http://127.0.0.1:8545, base_nonce=2100, to_mode=sequential
tx 0/100: nonce=0x834 to=0x1000000000000000000000000000000000000001 response={"jsonrpc":"2.0","id":1,"result":"0xfcec06d2c82183e947f14c724bbcb74534c883e7c43d291a5f99e4e12855e6a1"}
tx 1/100: nonce=0x835 to=0x1000000000000000000000000000000000000002 response={"jsonrpc":"2.0","id":2,"result":"0xf53b4765fe43edbb6ca22eab6c719e5f4d3f5a220d6e367ba2f25ab231cb81c0"}
tx 2/100: nonce=0x836 to=0x1000000000000000000000000000000000000003 response={"jsonrpc":"2.0","id":3,"result":"0xed05c04752e6294790e416f62edf0ce14408f7c7769e5b71dd7fd796e5495d1e"}
tx 3/100: nonce=0x837 to=0x1000000000000000000000000000000000000004 response={"jsonrpc":"2.0","id":4,"result":"0xf1c90ac43caf893025e7243e1e02c80c41dfccf69743f45b12170cb228fb7919"}
tx 4/100: nonce=0x838 to=0x1000000000000000000000000000000000000005 response={"jsonrpc":"2.0","id":5,"result":"0xfa2dadd01aacf23f1108f50cfcf12739d752510bba96bfde214ce90d7317757a"}
tx 5/100: nonce=0x839 to=0x1000000000000000000000000000000000000006 response={"jsonrpc":"2.0","id":6,"result":"0x5ab39bb87a03d1290339462ca8e62d841208809f09f8e210b0774723446ca1a6"}
tx 6/100: nonce=0x83a to=0x1000000000000000000000000000000000000007 response={"jsonrpc":"2.0","id":7,"result":"0x9b52aad9ebc3c010de6390c10c49d803a2f9d0c967e2e69c759153a6202e677b"}
tx 7/100: nonce=0x83b to=0x1000000000000000000000000000000000000008 response={"jsonrpc":"2.0","id":8,"result":"0x72751a8018ef58f79c242e298d8b8a297b51cfc3ff71ef0fbf0bc6083358702f"}
tx 8/100: nonce=0x83c to=0x1000000000000000000000000000000000000009 response={"jsonrpc":"2.0","id":9,"result":"0x31a1c85a7d44b83ef8873ce94a9ca01904d77d05404a12b16c25853e95b145e3"}
tx 9/100: nonce=0x83d to=0x100000000000000000000000000000000000000a response={"jsonrpc":"2.0","id":10,"result":"0x1f6b832e45420cffd6116253396cbc3b1d44aa9a22d4b7377a0dbb2e812116d0"}
tx 10/100: nonce=0x83e to=0x100000000000000000000000000000000000000b response={"jsonrpc":"2.0","id":11,"result":"0x123b4c5a3954e50180cc8719590d3eeb2b71cdb2d5fed9c58ab748ca32be32dd"}
tx 11/100: nonce=0x83f to=0x100000000000000000000000000000000000000c response={"jsonrpc":"2.0","id":12,"result":"0x1a77ff5240c07150fd16242facc48a1b2a436cff8ccc52f7ebab870aadf11206"}
tx 12/100: nonce=0x840 to=0x100000000000000000000000000000000000000d response={"jsonrpc":"2.0","id":13,"result":"0x46b78cac8139cbc55d40bc86f2f6b702eda4796ba0da1d90fd77814b165ce1d8"}
tx 13/100: nonce=0x841 to=0x100000000000000000000000000000000000000e response={"jsonrpc":"2.0","id":14,"result":"0xac42aefd1f2e446f3ffd7c005c3030a449ed2b3a18b04b9dc3bb704d094e472f"}
tx 14/100: nonce=0x842 to=0x100000000000000000000000000000000000000f response={"jsonrpc":"2.0","id":15,"result":"0x0e3f0d1a9a825e9ff6722d5428c6f843a08afb168bc03d8609e99b2c4faabf57"}
tx 15/100: nonce=0x843 to=0x1000000000000000000000000000000000000010 response={"jsonrpc":"2.0","id":16,"result":"0xbd7b50d10ae49cc6be454ae9c844ddb91f7e577c5dadd8ea7e5489de5b5d5c69"}
tx 16/100: nonce=0x844 to=0x1000000000000000000000000000000000000011 response={"jsonrpc":"2.0","id":17,"result":"0xf0ed92f933ff0b5779f583d10fe5d256517a26b194838ad525aba88da4d6b054"}
tx 17/100: nonce=0x845 to=0x1000000000000000000000000000000000000012 response={"jsonrpc":"2.0","id":18,"result":"0x60c450d195ee8e1bd2b164dda843a8e13ec6eb5e850e4d43c99b9d9f1bad1a3d"}
tx 18/100: nonce=0x846 to=0x1000000000000000000000000000000000000013 response={"jsonrpc":"2.0","id":19,"result":"0x43ac93ee9b14c8c2cd0da6bcb0b4fc529aba620954cfd0d868274455e00281d9"}
tx 19/100: nonce=0x847 to=0x1000000000000000000000000000000000000014 response={"jsonrpc":"2.0","id":20,"result":"0x6c6d7113c44b876d9e61ba13e3b696b88ce2e96e28157e73630eb7846a04d16d"}
tx 20/100: nonce=0x848 to=0x1000000000000000000000000000000000000015 response={"jsonrpc":"2.0","id":21,"result":"0x33c25b9580086230da04c175c0e7c12a99e67b1a360e85df1a7a6684eed34093"}
tx 21/100: nonce=0x849 to=0x1000000000000000000000000000000000000016 response={"jsonrpc":"2.0","id":22,"result":"0x489636fc9ec15305847bd7d3ed8cc515065979359bad53bc2cbaefd1aa6db120"}
tx 22/100: nonce=0x84a to=0x1000000000000000000000000000000000000017 response={"jsonrpc":"2.0","id":23,"result":"0xe52c7ff0d66549d3d6e6a3a08283bb99fb583c5de04c30f38659ece9bdfbe3bb"}
tx 23/100: nonce=0x84b to=0x1000000000000000000000000000000000000018 response={"jsonrpc":"2.0","id":24,"result":"0x25c059798e9d4aa1e793eeb76c5b1320d47b76fe9e85cd05fa327851b851a97d"}
tx 24/100: nonce=0x84c to=0x1000000000000000000000000000000000000019 response={"jsonrpc":"2.0","id":25,"result":"0x7a9e154d5cee64bc4c97a160513b5b8713d3b76c09c1beb823173a2033d3b6e2"}
tx 25/100: nonce=0x84d to=0x100000000000000000000000000000000000001a response={"jsonrpc":"2.0","id":26,"result":"0xbb8d05306ae7abb1c4fd544da6a466830905e5c2ed746c9ed1ef84ecdd60865b"}
tx 26/100: nonce=0x84e to=0x100000000000000000000000000000000000001b response={"jsonrpc":"2.0","id":27,"result":"0xb5c72b7a0842e67e74dedbdbee9ea19197725d6996c8c5751615e594a8759a04"}
tx 27/100: nonce=0x84f to=0x100000000000000000000000000000000000001c response={"jsonrpc":"2.0","id":28,"result":"0x7a7855c5cb0e0d01c9a8d679b1aee37dcd5dbd35f857775e83739b4eaeb8c917"}
tx 28/100: nonce=0x850 to=0x100000000000000000000000000000000000001d response={"jsonrpc":"2.0","id":29,"result":"0x88ec0388f83fb80b13cd843cc0266693f2a762239d8229c32cec5b4aa4a87c36"}
tx 29/100: nonce=0x851 to=0x100000000000000000000000000000000000001e response={"jsonrpc":"2.0","id":30,"result":"0xc6c593d67ea19d68a25e7704ba4ce0a200fb8fedee869ad80f9740db352a3a18"}
tx 30/100: nonce=0x852 to=0x100000000000000000000000000000000000001f response={"jsonrpc":"2.0","id":31,"result":"0x5371d52d1356f0a7a3641df8860a956f9c2fd6c0f6ee8266ceceda54ede1f637"}
tx 31/100: nonce=0x853 to=0x1000000000000000000000000000000000000020 response={"jsonrpc":"2.0","id":32,"result":"0x0a23ff19746f8eedfac4efd7da787d15ee9de7ed46db519177a10c9811512ead"}
tx 32/100: nonce=0x854 to=0x1000000000000000000000000000000000000021 response={"jsonrpc":"2.0","id":33,"result":"0x9675f08757d88fc5138c4bc2855664474ea31465910f1a55eb827a2f62b2c66b"}
tx 33/100: nonce=0x855 to=0x1000000000000000000000000000000000000022 response={"jsonrpc":"2.0","id":34,"result":"0xa8e9aca7b14f7fbfc7dfe4790089945cbc93ee4410c026777dbc6e4f6d675636"}
tx 34/100: nonce=0x856 to=0x1000000000000000000000000000000000000023 response={"jsonrpc":"2.0","id":35,"result":"0xd9812ec2eaf4e50a43f6173ee717ee806c8f4e01c633dff37a6af8a5dc06b438"}
tx 35/100: nonce=0x857 to=0x1000000000000000000000000000000000000024 response={"jsonrpc":"2.0","id":36,"result":"0x94b790ffe9f131317c1807ad1758ab68d7da2bd13e26636e9c3b5922f63809b1"}
tx 36/100: nonce=0x858 to=0x1000000000000000000000000000000000000025 response={"jsonrpc":"2.0","id":37,"result":"0xd2a8262195871bb1022d83a6dd19c9b20c63c637d59398c53ef40df27e08bbd0"}
tx 37/100: nonce=0x859 to=0x1000000000000000000000000000000000000026 response={"jsonrpc":"2.0","id":38,"result":"0xc90c60c89b5faf3fef757c2ebd1d0331468dbb5d9f6fc2ba8efcebc771fca232"}
tx 38/100: nonce=0x85a to=0x1000000000000000000000000000000000000027 response={"jsonrpc":"2.0","id":39,"result":"0xf707c3000dc0c249ec8df7eb403ebc9749588bd61934ce10d9ae48e69455bcb8"}
tx 39/100: nonce=0x85b to=0x1000000000000000000000000000000000000028 response={"jsonrpc":"2.0","id":40,"result":"0xd0d01dc22b7ff8da5a26d1531ff29af48598cdbedf65b7b41ee0289b601bba7f"}
tx 40/100: nonce=0x85c to=0x1000000000000000000000000000000000000029 response={"jsonrpc":"2.0","id":41,"result":"0x9a6b6a73e0960ab0486ced2f42b40dca85c9c7a919940038b4c404ae1b968d1a"}
tx 41/100: nonce=0x85d to=0x100000000000000000000000000000000000002a response={"jsonrpc":"2.0","id":42,"result":"0xd992262dd9dc504c9a261cea72f0d6ad098ebcc6eaefaa0bc3215e4a4afeaa51"}
tx 42/100: nonce=0x85e to=0x100000000000000000000000000000000000002b response={"jsonrpc":"2.0","id":43,"result":"0xc1c3d5548ddd7f56f28983d632f28ddae213afb414dce7c65eeee2201817bf2b"}
tx 43/100: nonce=0x85f to=0x100000000000000000000000000000000000002c response={"jsonrpc":"2.0","id":44,"result":"0x8335bf7185e8756b22d1bd086ff3546990b89fa228301e34953e37de132a6a37"}
tx 44/100: nonce=0x860 to=0x100000000000000000000000000000000000002d response={"jsonrpc":"2.0","id":45,"result":"0x80d30d035f206a6b4fc17366cf92d692b6e1d6b5e46691ed411dd8cddf1b17df"}
tx 45/100: nonce=0x861 to=0x100000000000000000000000000000000000002e response={"jsonrpc":"2.0","id":46,"result":"0x8d45eeaeeefc7dd3af1f44c4581e3f80546a550c6693d00c9a98c38fe46eef06"}
tx 46/100: nonce=0x862 to=0x100000000000000000000000000000000000002f response={"jsonrpc":"2.0","id":47,"result":"0x655462106df1d75e3368912f1589a65b7f0c50de41daf4c2555e9bb41c5a74bb"}
tx 47/100: nonce=0x863 to=0x1000000000000000000000000000000000000030 response={"jsonrpc":"2.0","id":48,"result":"0x7b03c912d30577f1f8e8ca754e0cd6d98047df7ac673aad874c258a1b6cf026f"}
tx 48/100: nonce=0x864 to=0x1000000000000000000000000000000000000031 response={"jsonrpc":"2.0","id":49,"result":"0x8068c65db6509123c5392504cd468e770cce56ebd05d50b21bef06422d3fea6f"}
tx 49/100: nonce=0x865 to=0x1000000000000000000000000000000000000032 response={"jsonrpc":"2.0","id":50,"result":"0x2879f18bac297a7dd08b22aeba4c8a35e5a824211379eb3c09629f3859dfa3e7"}
tx 50/100: nonce=0x866 to=0x1000000000000000000000000000000000000033 response={"jsonrpc":"2.0","id":51,"result":"0x7f206e2ef750f50fdaa9b8e99bef853e0762b099350c87151b87a6ba20796a6b"}
tx 51/100: nonce=0x867 to=0x1000000000000000000000000000000000000034 response={"jsonrpc":"2.0","id":52,"result":"0x06842a5d38980d4cc5739e9cdf13e6933186055b4c781b44a10ae30721d2c58a"}
tx 52/100: nonce=0x868 to=0x1000000000000000000000000000000000000035 response={"jsonrpc":"2.0","id":53,"result":"0x046e11d5e15a548e3acea569e8230c615ac7017224e8667ebd71f1de478837ea"}
tx 53/100: nonce=0x869 to=0x1000000000000000000000000000000000000036 response={"jsonrpc":"2.0","id":54,"result":"0xd65d42cd14350ba04317d5d2ae8e976a6b1746dc1ac79701ac0021cf296fac30"}
tx 54/100: nonce=0x86a to=0x1000000000000000000000000000000000000037 response={"jsonrpc":"2.0","id":55,"result":"0xfda7807956cc9c54d5231d78fefc97473c14936947cc86d9adba50e932a9f323"}
tx 55/100: nonce=0x86b to=0x1000000000000000000000000000000000000038 response={"jsonrpc":"2.0","id":56,"result":"0x04f778ef32957b7334ea00201f92c39155d656e9b84374c3540d045c5f1451a6"}
tx 56/100: nonce=0x86c to=0x1000000000000000000000000000000000000039 response={"jsonrpc":"2.0","id":57,"result":"0x065c1a409c4e6ebf980008943764d7cf2497371c6c56d820016c7446b2c164d9"}
tx 57/100: nonce=0x86d to=0x100000000000000000000000000000000000003a response={"jsonrpc":"2.0","id":58,"result":"0x8e5ab72eee07699cd30c6adea89fab9cdbc7361827838f27a492581d0ce8c011"}
tx 58/100: nonce=0x86e to=0x100000000000000000000000000000000000003b response={"jsonrpc":"2.0","id":59,"result":"0x1d4937a99987b6efefd59a11fd7a537598d40f2fd0ac6062a0bc89f19f5e7ece"}
tx 59/100: nonce=0x86f to=0x100000000000000000000000000000000000003c response={"jsonrpc":"2.0","id":60,"result":"0xe7b11c34f46922ce350952fd5df7d5e1dbf9609cfaad80e497ca340969661e93"}
tx 60/100: nonce=0x870 to=0x100000000000000000000000000000000000003d response={"jsonrpc":"2.0","id":61,"result":"0xf30c2c6589aa491947a473f3bea9bca7746beb1a41aa6e1f85d0cec3717e9a73"}
tx 61/100: nonce=0x871 to=0x100000000000000000000000000000000000003e response={"jsonrpc":"2.0","id":62,"result":"0x3c6cc8c22aab715a2bf2af19036ec41652a5ee919cb168b96115e1a9a817da8c"}
tx 62/100: nonce=0x872 to=0x100000000000000000000000000000000000003f response={"jsonrpc":"2.0","id":63,"result":"0x4045eed03e7b243d85ce721bcbbb721c0baa9fdbed9f8ea18423bf5069b8bdbb"}
tx 63/100: nonce=0x873 to=0x1000000000000000000000000000000000000040 response={"jsonrpc":"2.0","id":64,"result":"0xc3560dfc9af3ebfdcf0d2947f47db6b70177a2ae18ea003fa1efbf3d6e2e4a33"}
tx 64/100: nonce=0x874 to=0x1000000000000000000000000000000000000041 response={"jsonrpc":"2.0","id":65,"result":"0xf10b7944dd4f44bd39073f006d3eb7759f2f59c3a085757f3a8c6a44aee2dcea"}
tx 65/100: nonce=0x875 to=0x1000000000000000000000000000000000000042 response={"jsonrpc":"2.0","id":66,"result":"0x79fd835f9db29f9294416680de66ac4219831003070cbd4b963a87e13a478832"}
tx 66/100: nonce=0x876 to=0x1000000000000000000000000000000000000043 response={"jsonrpc":"2.0","id":67,"result":"0x39b88ac26aeb6d158d851202d5447d81b2dec61204a29eb8e9979c1f60ed7858"}
tx 67/100: nonce=0x877 to=0x1000000000000000000000000000000000000044 response={"jsonrpc":"2.0","id":68,"result":"0x2d1eab199894d2ff7e5b03cce3a8f4ceec5d5e77cb71dd806ddcae3c19c15e63"}
tx 68/100: nonce=0x878 to=0x1000000000000000000000000000000000000045 response={"jsonrpc":"2.0","id":69,"result":"0xab299c94d0b0c7bdc1e5e63b2a526db389be38a3d222d3825bfd81f8a948f049"}
tx 69/100: nonce=0x879 to=0x1000000000000000000000000000000000000046 response={"jsonrpc":"2.0","id":70,"result":"0x9aaaaa8adf38a243e0f1d6f18efcc335a2551e507f495a830e859d3b6ebd1fcd"}
tx 70/100: nonce=0x87a to=0x1000000000000000000000000000000000000047 response={"jsonrpc":"2.0","id":71,"result":"0x438e4feff0e6911274ebcf1eb34f49e0c5be765303447eb358aa8a35c38a1d3e"}
tx 71/100: nonce=0x87b to=0x1000000000000000000000000000000000000048 response={"jsonrpc":"2.0","id":72,"result":"0x9ae9cbe19abb8e850e8760cdd5d0cf5dc61dbceb56c9b1dc29eaf746c4824493"}
tx 72/100: nonce=0x87c to=0x1000000000000000000000000000000000000049 response={"jsonrpc":"2.0","id":73,"result":"0x9c6e05790392daa775a9e0a25545b9339a860c02828eb196d741d8c2312cec23"}
tx 73/100: nonce=0x87d to=0x100000000000000000000000000000000000004a response={"jsonrpc":"2.0","id":74,"result":"0x4346cb3eeafcba548ce1ecc36b74a71b07bebc364984202cdf41797b30608688"}
tx 74/100: nonce=0x87e to=0x100000000000000000000000000000000000004b response={"jsonrpc":"2.0","id":75,"result":"0x65191ef099b7303f6d9546b9d25167a0a389223f7564c3d5bc55454a467dcefc"}
tx 75/100: nonce=0x87f to=0x100000000000000000000000000000000000004c response={"jsonrpc":"2.0","id":76,"result":"0x5916733891131a8e2292d0bfae14fdea5a22cb35012b7e99deffb6608194ed94"}
tx 76/100: nonce=0x880 to=0x100000000000000000000000000000000000004d response={"jsonrpc":"2.0","id":77,"result":"0x71cb4d847b6cf4202a070ad5ed9b1331d5a710e9d72bde916b7dcc39321e3d7c"}
tx 77/100: nonce=0x881 to=0x100000000000000000000000000000000000004e response={"jsonrpc":"2.0","id":78,"result":"0x5e91f1cb09fc5f38fdafd28f44d3098865dfa329c7973e290e419e914f02e279"}
tx 78/100: nonce=0x882 to=0x100000000000000000000000000000000000004f response={"jsonrpc":"2.0","id":79,"result":"0x5798ac0146f7f1352666ed72eef7a779b3bfbd769c80468ce2d48b728f733803"}
tx 79/100: nonce=0x883 to=0x1000000000000000000000000000000000000050 response={"jsonrpc":"2.0","id":80,"result":"0xfd330d854aa4c477405a23c8bbc4fe02072388a0774f8a697ff543bb0eeb2162"}
tx 80/100: nonce=0x884 to=0x1000000000000000000000000000000000000051 response={"jsonrpc":"2.0","id":81,"result":"0x92827ea230c7375a77e78daa54bcd1a36ef46f2732b744c0489831640f4c3f68"}
tx 81/100: nonce=0x885 to=0x1000000000000000000000000000000000000052 response={"jsonrpc":"2.0","id":82,"result":"0xb923783866068beeea2fac9cb689344f4c8ee61997c56b663760df471893d16f"}
tx 82/100: nonce=0x886 to=0x1000000000000000000000000000000000000053 response={"jsonrpc":"2.0","id":83,"result":"0xce24d0856cd587d69aa0798607eed480b14133158ffeee549a0446944af13101"}
tx 83/100: nonce=0x887 to=0x1000000000000000000000000000000000000054 response={"jsonrpc":"2.0","id":84,"result":"0x99a325cb558e795df2bcae62acd056c4189308385f0ba0d74e7c0f65b17a3534"}
tx 84/100: nonce=0x888 to=0x1000000000000000000000000000000000000055 response={"jsonrpc":"2.0","id":85,"result":"0x52985e1e0679fb505eb56e66bb161a697b3c169e524681fd138f01cc9e019f26"}
tx 85/100: nonce=0x889 to=0x1000000000000000000000000000000000000056 response={"jsonrpc":"2.0","id":86,"result":"0x9e06c0d0ae54aeb5325d20ebb6240def09cf868be8d5cb44185b0fca4039aaf8"}
tx 86/100: nonce=0x88a to=0x1000000000000000000000000000000000000057 response={"jsonrpc":"2.0","id":87,"result":"0xf9ec3ab6c1dba14b0eb1221f52c33f3879a765220a89537d10fad31ae4031a78"}
tx 87/100: nonce=0x88b to=0x1000000000000000000000000000000000000058 response={"jsonrpc":"2.0","id":88,"result":"0x34d384336ff915ff669a19d50b746290a42dc4cda7aaba55f3e628ef9e9bb1bb"}
tx 88/100: nonce=0x88c to=0x1000000000000000000000000000000000000059 response={"jsonrpc":"2.0","id":89,"result":"0xb1418d32c6478b46a4abf64537806259861c606a0af494207db35d810511e8bb"}
tx 89/100: nonce=0x88d to=0x100000000000000000000000000000000000005a response={"jsonrpc":"2.0","id":90,"result":"0x675813339f83fc99cd5abe689cbebf47d6993c5343bdf106be690c867e282dcf"}
tx 90/100: nonce=0x88e to=0x100000000000000000000000000000000000005b response={"jsonrpc":"2.0","id":91,"result":"0x3162a96727ec58b16476bd0d9ea74949f0811a60fd09748d46ef7c2aaf2488ca"}
tx 91/100: nonce=0x88f to=0x100000000000000000000000000000000000005c response={"jsonrpc":"2.0","id":92,"result":"0xd2b2d3c0374222fc978b16c89999593b6097ee3dc957ffb98991326857a7bd1a"}
tx 92/100: nonce=0x890 to=0x100000000000000000000000000000000000005d response={"jsonrpc":"2.0","id":93,"result":"0x9497f2ee7f1a9e61e42390e56d82b33bbd2bdb37bd7c1f4e2ee8cb09b6fe81bf"}
tx 93/100: nonce=0x891 to=0x100000000000000000000000000000000000005e response={"jsonrpc":"2.0","id":94,"result":"0x05a8ed80923c56a82c7ce406749638c2f264b512b122b0af5cdc641c3228ee69"}
tx 94/100: nonce=0x892 to=0x100000000000000000000000000000000000005f response={"jsonrpc":"2.0","id":95,"result":"0x00ee31377d87ef41a66f7023165ee10d2fd25467e844302830884908d4a80f61"}
tx 95/100: nonce=0x893 to=0x1000000000000000000000000000000000000060 response={"jsonrpc":"2.0","id":96,"result":"0x9c91207f6cbf1192df0bd14efd2a8519ea3b9ebe7bb51ad01e44bb6dacd7fd12"}
tx 96/100: nonce=0x894 to=0x1000000000000000000000000000000000000061 response={"jsonrpc":"2.0","id":97,"result":"0xe518b684fa7e7d54c62f824a178c92201bb9baa3623c21efa9e49b2c7ef1b33f"}
tx 97/100: nonce=0x895 to=0x1000000000000000000000000000000000000062 response={"jsonrpc":"2.0","id":98,"result":"0x54c6521da864195502de94bb9910cb414717f576bd58f454bea75bd0b2c2b7cd"}
tx 98/100: nonce=0x896 to=0x1000000000000000000000000000000000000063 response={"jsonrpc":"2.0","id":99,"result":"0xf9e89a2f9bd16a8726be7762c577d67967677c1a2392b1e1c88f67af51d9b363"}
tx 99/100: nonce=0x897 to=0x1000000000000000000000000000000000000064 response={"jsonrpc":"2.0","id":100,"result":"0x9e420e36098ba01e95eeeb2880e2cd22070d90f61686bc378deb136b67a7c241"}
Done. Check pending txs with:
curl -s -H 'Content-Type: application/json' --data '{"jsonrpc":"2.0","method":"txpool_status","params":[],"id":1}' http://127.0.0.1:8545
Sending 100 txs from 0x92424e4f86201c931ba53eb48619d93244c18e13 via http://127.0.0.1:8545, base_nonce=2200, to_mode=sequential
tx 0/100: nonce=0x898 to=0x1000000000000000000000000000000000000001 response={"jsonrpc":"2.0","id":1,"result":"0xd1dfcb3e2c8a3d5b44ae204742b366212c1c148f128b0ea26026ee1f149aa9e7"}
tx 1/100: nonce=0x899 to=0x1000000000000000000000000000000000000002 response={"jsonrpc":"2.0","id":2,"result":"0x79194ec01136e3dfebaf400e8ae4dc2057c6e138bcb693a8036331eb3ef18368"}
tx 2/100: nonce=0x89a to=0x1000000000000000000000000000000000000003 response={"jsonrpc":"2.0","id":3,"result":"0xea69a4c4b8ad2761b2070237540e9862ac9a837602046cb06933d4d301ba29f4"}
tx 3/100: nonce=0x89b to=0x1000000000000000000000000000000000000004 response={"jsonrpc":"2.0","id":4,"result":"0x03a8f3df510c7e64c46fb72b13f9a64c5952975dcba47bc9ea9120e659ad89ee"}
tx 4/100: nonce=0x89c to=0x1000000000000000000000000000000000000005 response={"jsonrpc":"2.0","id":5,"result":"0x9dedd1191d23202e2fc7c1a572d92a008cbef3e60a2249937b3ad74e02a2b12c"}
tx 5/100: nonce=0x89d to=0x1000000000000000000000000000000000000006 response={"jsonrpc":"2.0","id":6,"result":"0x88b9d8b88af87d26527028d6f8e04ee2af4010784e097e5790a2689928fec40d"}
tx 6/100: nonce=0x89e to=0x1000000000000000000000000000000000000007 response={"jsonrpc":"2.0","id":7,"result":"0x648532f8048a67e648e3924c70dc31cb63a170187e471ae6ba692f4832b69d6f"}
tx 7/100: nonce=0x89f to=0x1000000000000000000000000000000000000008 response={"jsonrpc":"2.0","id":8,"result":"0x9102c96baa3549142d95836003d8fe13431da0273f11ac90324e978cf28a384f"}
tx 8/100: nonce=0x8a0 to=0x1000000000000000000000000000000000000009 response={"jsonrpc":"2.0","id":9,"result":"0x387a0aa9c4adc4386edb1696a6da1ea1c9225d2fa08c30b01d6e8b9f37dfc555"}
tx 9/100: nonce=0x8a1 to=0x100000000000000000000000000000000000000a response={"jsonrpc":"2.0","id":10,"result":"0x3e410607e987d4536b0acee87f3d15f22760b2f0d8d782014f5ec1085d235097"}
tx 10/100: nonce=0x8a2 to=0x100000000000000000000000000000000000000b response={"jsonrpc":"2.0","id":11,"result":"0xda65ad4af2f37da54b24ed64168ebda9af6f55a8f506d160e1f7787cc54af3d7"}
tx 11/100: nonce=0x8a3 to=0x100000000000000000000000000000000000000c response={"jsonrpc":"2.0","id":12,"result":"0xcf482320bf7498af89d90421f39e540579a34df8fe6922bb53c6def088107eae"}
tx 12/100: nonce=0x8a4 to=0x100000000000000000000000000000000000000d response={"jsonrpc":"2.0","id":13,"result":"0xe5b881e40e006aa9a380eaa047bf6808e0a602fa371bc26629e34a3592aa306c"}
tx 13/100: nonce=0x8a5 to=0x100000000000000000000000000000000000000e response={"jsonrpc":"2.0","id":14,"result":"0x682fac9311289e7807040ff130428829e3397e2bb594df1946b5ad890390dbc8"}
tx 14/100: nonce=0x8a6 to=0x100000000000000000000000000000000000000f response={"jsonrpc":"2.0","id":15,"result":"0xb87445e1ff9512021e253f447cdf0c431955f7126ffb8ad2a3513130458a10b5"}
tx 15/100: nonce=0x8a7 to=0x1000000000000000000000000000000000000010 response={"jsonrpc":"2.0","id":16,"result":"0x1cd64044a1740bf21f6a2b5abefa8970ff873cdb59d7323a9ae3b15a840319aa"}
tx 16/100: nonce=0x8a8 to=0x1000000000000000000000000000000000000011 response={"jsonrpc":"2.0","id":17,"result":"0x704a3a4ac50971a1c6fbaeaed347d0b88ba92901019e0687b48ad01da4d78c1f"}
tx 17/100: nonce=0x8a9 to=0x1000000000000000000000000000000000000012 response={"jsonrpc":"2.0","id":18,"result":"0x0abed0978a2f84a93b8902dc0d0b71e84a745a91947a2326867b788bea8777f4"}
tx 18/100: nonce=0x8aa to=0x1000000000000000000000000000000000000013 response={"jsonrpc":"2.0","id":19,"result":"0xe9154361b145e82f208d343fdb7f020c9f14093af9ac8ed4f071fdca07410298"}
tx 19/100: nonce=0x8ab to=0x1000000000000000000000000000000000000014 response={"jsonrpc":"2.0","id":20,"result":"0xc7cf706993ad7b1c8b9eadbb1b4d77eb23e1112d9e33a3963e415f671372b2bd"}
tx 20/100: nonce=0x8ac to=0x1000000000000000000000000000000000000015 response={"jsonrpc":"2.0","id":21,"result":"0x19a4c8a8997953c2e6bc46579e41e2645f576bfbb479a10302c22d935c3bbe16"}
tx 21/100: nonce=0x8ad to=0x1000000000000000000000000000000000000016 response={"jsonrpc":"2.0","id":22,"result":"0xc850e3a95495b2ed1372ff52d439730c98c20f55ff99756a66e502f40052f8ea"}
tx 22/100: nonce=0x8ae to=0x1000000000000000000000000000000000000017 response={"jsonrpc":"2.0","id":23,"result":"0x49a5f45898dbf95269f406cf7215938bbc991c530dce29181af1dafe87ea6f5a"}
tx 23/100: nonce=0x8af to=0x1000000000000000000000000000000000000018 response={"jsonrpc":"2.0","id":24,"result":"0x0a62e7c95d46bb5f3b3b5917b2d922e6fe62504ad0ac6b27206feba87c2ed26e"}
tx 24/100: nonce=0x8b0 to=0x1000000000000000000000000000000000000019 response={"jsonrpc":"2.0","id":25,"result":"0xf2b3e5b1d86161f3bda65ba4dcaccbde573979443fb81ede67aae32a5b94a4ed"}
tx 25/100: nonce=0x8b1 to=0x100000000000000000000000000000000000001a response={"jsonrpc":"2.0","id":26,"result":"0x8ac0bfe28331ce817cd0553b4f571c305b92ed48323a27b1598d77cd2aa53015"}
tx 26/100: nonce=0x8b2 to=0x100000000000000000000000000000000000001b response={"jsonrpc":"2.0","id":27,"result":"0x3a526dcd9bfc7a36ee3727290225e5a74ed1c3dab55a96d9a8fd9795a6473cfb"}
tx 27/100: nonce=0x8b3 to=0x100000000000000000000000000000000000001c response={"jsonrpc":"2.0","id":28,"result":"0x704046e2376260e22d66dca9220d95c3ea2419c701f1043777c21866b2639bd3"}
tx 28/100: nonce=0x8b4 to=0x100000000000000000000000000000000000001d response={"jsonrpc":"2.0","id":29,"result":"0xa7c93dab214104574e5f13bd7e980b450702ea2b3d6a89448cf27bb74d4ef622"}
tx 29/100: nonce=0x8b5 to=0x100000000000000000000000000000000000001e response={"jsonrpc":"2.0","id":30,"result":"0x6454d288e7c3dbf0052615de0be7ba9d978cbd691bdaca29a10b69ebedc94c7a"}
tx 30/100: nonce=0x8b6 to=0x100000000000000000000000000000000000001f response={"jsonrpc":"2.0","id":31,"result":"0xaaaedc983c9739ba3a1279a4dc80f1e6d8f16a52a98dc27d26cb6cb3afb41b0e"}
tx 31/100: nonce=0x8b7 to=0x1000000000000000000000000000000000000020 response={"jsonrpc":"2.0","id":32,"result":"0xb96925fc81d239e9fee78df1a9e7cdf3c16a73eb00fcbb1dc27ca12d17da98fd"}
tx 32/100: nonce=0x8b8 to=0x1000000000000000000000000000000000000021 response={"jsonrpc":"2.0","id":33,"result":"0x45fa796c3a0be1fb6efd7385eae92fb59a93c49d64e686726bff27c308bf3e95"}
tx 33/100: nonce=0x8b9 to=0x1000000000000000000000000000000000000022 response={"jsonrpc":"2.0","id":34,"result":"0x41db6e238f546701d90f3927f55090e2b050c618779923be9c3b81381654aed7"}
tx 34/100: nonce=0x8ba to=0x1000000000000000000000000000000000000023 response={"jsonrpc":"2.0","id":35,"result":"0xc3ec0c7525ccac2701b7985fed17af55f6d89b78524fd7d00d087296f68275c7"}
tx 35/100: nonce=0x8bb to=0x1000000000000000000000000000000000000024 response={"jsonrpc":"2.0","id":36,"result":"0xe3543e221faffec8a8bb730a60e052d688386bc449f72b9a519a245c3ab17880"}
tx 36/100: nonce=0x8bc to=0x1000000000000000000000000000000000000025 response={"jsonrpc":"2.0","id":37,"result":"0x522dd9d7bc3533b863b928fecd960c3f0312cbc2cb816cff007576222487906e"}
tx 37/100: nonce=0x8bd to=0x1000000000000000000000000000000000000026 response={"jsonrpc":"2.0","id":38,"result":"0x33358eb7f9f34cebd4f292891ce585d9998ba6f8985d2694e758e67630de733c"}
tx 38/100: nonce=0x8be to=0x1000000000000000000000000000000000000027 response={"jsonrpc":"2.0","id":39,"result":"0x83b2aa0ac870dbfaf83f89b18397d4eed685d975d4a069186303ac45cb191037"}
tx 39/100: nonce=0x8bf to=0x1000000000000000000000000000000000000028 response={"jsonrpc":"2.0","id":40,"result":"0xfef4fba32accfcc464b509dbbea047f3eef7eeb2ccea9162d334f9793682705e"}
tx 40/100: nonce=0x8c0 to=0x1000000000000000000000000000000000000029 response={"jsonrpc":"2.0","id":41,"result":"0x5d2a20517718376e013defb369f7d4f4b7f4ad3bf4a98542cc48007157c91834"}
tx 41/100: nonce=0x8c1 to=0x100000000000000000000000000000000000002a response={"jsonrpc":"2.0","id":42,"result":"0x406dcdeed11918ebeb8f44b4f0151284290367169c0b2fe49045b34572f5a487"}
tx 42/100: nonce=0x8c2 to=0x100000000000000000000000000000000000002b response={"jsonrpc":"2.0","id":43,"result":"0xbc993bdb0bb8f6fc1bb85db8bd4867103920b2465fe57598b364dc6f7cc7ce9c"}
tx 43/100: nonce=0x8c3 to=0x100000000000000000000000000000000000002c response={"jsonrpc":"2.0","id":44,"result":"0xde712c14cd3df7f40e249a67af635c5a7cb4c0f515c1923bfc38086c2da67758"}
tx 44/100: nonce=0x8c4 to=0x100000000000000000000000000000000000002d response={"jsonrpc":"2.0","id":45,"result":"0x11bb8240cef0b8ab2d64408e82835cbcc40c9e3eca33bea2de7509e9a1c31f8e"}
tx 45/100: nonce=0x8c5 to=0x100000000000000000000000000000000000002e response={"jsonrpc":"2.0","id":46,"result":"0x66a70d62fd587b3a2ce95106134f25ee6ef90dd73665ffd58ad77f327676cea1"}
tx 46/100: nonce=0x8c6 to=0x100000000000000000000000000000000000002f response={"jsonrpc":"2.0","id":47,"result":"0xb0c353fb71de276380eb6a40f47dcf10762dd9f346aa8f5f38c3d6af3293de15"}
tx 47/100: nonce=0x8c7 to=0x1000000000000000000000000000000000000030 response={"jsonrpc":"2.0","id":48,"result":"0x88fe5a81324e9273f997dff3fbe242e3198319edac067ab582ba0bdbafb17369"}
tx 48/100: nonce=0x8c8 to=0x1000000000000000000000000000000000000031 response={"jsonrpc":"2.0","id":49,"result":"0x6bc395cf6f04e6e915fe8ab9b3b49dc186eb3f5cd315b605cfd30bc4337691d6"}
tx 49/100: nonce=0x8c9 to=0x1000000000000000000000000000000000000032 response={"jsonrpc":"2.0","id":50,"result":"0x3899fe57d55482b0cb4ae20716944be50db6f973cb8599661f17c0d9ca7f6ca0"}
tx 50/100: nonce=0x8ca to=0x1000000000000000000000000000000000000033 response={"jsonrpc":"2.0","id":51,"result":"0x4fb5362232216beffaa2252dc8a35c7926d9c2825534e1320ccb8ef611836889"}
tx 51/100: nonce=0x8cb to=0x1000000000000000000000000000000000000034 response={"jsonrpc":"2.0","id":52,"result":"0xf4cadf69b03181340949a26338c072182bcd66f7dc4bdb3647f68fdf71840e55"}
tx 52/100: nonce=0x8cc to=0x1000000000000000000000000000000000000035 response={"jsonrpc":"2.0","id":53,"result":"0x75aa749cc6205e19a7d7d8311937e9dfe7d9819b27ad4e3e7b75e6dcaf75e4de"}
tx 53/100: nonce=0x8cd to=0x1000000000000000000000000000000000000036 response={"jsonrpc":"2.0","id":54,"result":"0x0c51e11bc4591b0dcc9f2ce5f3ebf435ede687fb0f863cc0308e29b6780ac05c"}
tx 54/100: nonce=0x8ce to=0x1000000000000000000000000000000000000037 response={"jsonrpc":"2.0","id":55,"result":"0x32faf95261fd4d879f9ea5964899cbb11e24f0b7ff2b43b16000d97e8c8f22b1"}
tx 55/100: nonce=0x8cf to=0x1000000000000000000000000000000000000038 response={"jsonrpc":"2.0","id":56,"result":"0xc91cd428a4117b5411f61822585001a87037d24b7d9267e9eb0811b6966f1973"}
tx 56/100: nonce=0x8d0 to=0x1000000000000000000000000000000000000039 response={"jsonrpc":"2.0","id":57,"result":"0x709f4101c8863e167c23d77f80c4d882a017e1d6fee0f5bccf338aeb8f5876f5"}
tx 57/100: nonce=0x8d1 to=0x100000000000000000000000000000000000003a response={"jsonrpc":"2.0","id":58,"result":"0x71e1cc180e78078945ce846d18fd504fef3cab7886f78db7f96aa8c4b513b4c2"}
tx 58/100: nonce=0x8d2 to=0x100000000000000000000000000000000000003b response={"jsonrpc":"2.0","id":59,"result":"0x623ec4120deb972cf34498ca115ec28ca892b28bd167248dc3fb8f5356512b0b"}
tx 59/100: nonce=0x8d3 to=0x100000000000000000000000000000000000003c response={"jsonrpc":"2.0","id":60,"result":"0x5a05c986ce3429710e5b3e76cd3050a2200c3064d81502f04d59312712c58d20"}
tx 60/100: nonce=0x8d4 to=0x100000000000000000000000000000000000003d response={"jsonrpc":"2.0","id":61,"result":"0x4c3f55cbb7cada3981a8e0e24b3be569a1dcbdaed932488ea34b43dd245b5223"}
tx 61/100: nonce=0x8d5 to=0x100000000000000000000000000000000000003e response={"jsonrpc":"2.0","id":62,"result":"0xc598316eac91cdb2b2171cbadc0e6fc877e78f1627e44a3bbc952fb248200244"}
tx 62/100: nonce=0x8d6 to=0x100000000000000000000000000000000000003f response={"jsonrpc":"2.0","id":63,"result":"0x97e6c83cb45fc2879ed999c4ba279aa85501c62b5639a35cbb495d94111a4f1f"}
tx 63/100: nonce=0x8d7 to=0x1000000000000000000000000000000000000040 response={"jsonrpc":"2.0","id":64,"result":"0x2ecad0d78b33b14660fcfcbf592a0587b0dbf3e439d09acc3e4b50c8d2dec94e"}
tx 64/100: nonce=0x8d8 to=0x1000000000000000000000000000000000000041 response={"jsonrpc":"2.0","id":65,"result":"0x5cfe89b83903ef16beccae33f9c5d2c973de3a429ae28bedb48c308522cb1c16"}
tx 65/100: nonce=0x8d9 to=0x1000000000000000000000000000000000000042 response={"jsonrpc":"2.0","id":66,"result":"0x87a5e9ed5d071d1e7fd2de9fcd54f99321ce409e3d688985532341f8cc9de9f6"}
tx 66/100: nonce=0x8da to=0x1000000000000000000000000000000000000043 response={"jsonrpc":"2.0","id":67,"result":"0x552da33d780d4b14eb0766990ebfb46137a7ea0d91ef5019f0f3b7c52fd234bf"}
tx 67/100: nonce=0x8db to=0x1000000000000000000000000000000000000044 response={"jsonrpc":"2.0","id":68,"result":"0x47a4aa9df849a0eaff4f83de1105fa915b37da12aa1f630061f55215bb7483ae"}
tx 68/100: nonce=0x8dc to=0x1000000000000000000000000000000000000045 response={"jsonrpc":"2.0","id":69,"result":"0x1324f169ccf1fb0e77b6ab0ec4dac54fe16f2ecca3e334e51547aa081f249634"}
tx 69/100: nonce=0x8dd to=0x1000000000000000000000000000000000000046 response={"jsonrpc":"2.0","id":70,"result":"0x6680bd957155584fc83ab84beb5e65e46bfae293100cad731a5cd9d3709ba4a9"}
tx 70/100: nonce=0x8de to=0x1000000000000000000000000000000000000047 response={"jsonrpc":"2.0","id":71,"result":"0x56677e80a4d14b887d3b2ac4d4c8ac67da8f9d9981ae0bf3ef1a7fc993e36272"}
tx 71/100: nonce=0x8df to=0x1000000000000000000000000000000000000048 response={"jsonrpc":"2.0","id":72,"result":"0xa4bb14e7ae47d6426cb0cf7faefb90c0638fd7a7ba625dc2c5b5502748c2d347"}
tx 72/100: nonce=0x8e0 to=0x1000000000000000000000000000000000000049 response={"jsonrpc":"2.0","id":73,"result":"0xb28fdaaa25feefdcf31cadee41390679bf68224c3478ff8c84916d75b404e363"}
tx 73/100: nonce=0x8e1 to=0x100000000000000000000000000000000000004a response={"jsonrpc":"2.0","id":74,"result":"0x654e8309515c007c43e2dca165cdbe091b4eeff679066739cb021c455e59a092"}
tx 74/100: nonce=0x8e2 to=0x100000000000000000000000000000000000004b response={"jsonrpc":"2.0","id":75,"result":"0x9f6bc8a22149a9f8ad033a6cc1f1c50746f5d860039b009c92dce62f38937b58"}
tx 75/100: nonce=0x8e3 to=0x100000000000000000000000000000000000004c response={"jsonrpc":"2.0","id":76,"result":"0xd8eefb406b57479701698d90725b63ee8aa71a47c91a37f34daf57462eb2e224"}
tx 76/100: nonce=0x8e4 to=0x100000000000000000000000000000000000004d response={"jsonrpc":"2.0","id":77,"result":"0x52e678df26cfde806c86df6333edd776c166025b4044f952265976adaf89042c"}
tx 77/100: nonce=0x8e5 to=0x100000000000000000000000000000000000004e response={"jsonrpc":"2.0","id":78,"result":"0x4ce9391e03a51223de048b859eb179cce06b0788abef85f9dfe30ab267f54da9"}
tx 78/100: nonce=0x8e6 to=0x100000000000000000000000000000000000004f response={"jsonrpc":"2.0","id":79,"result":"0x6da8dafa36998f5a92020459165bb547927369127854e1766667fb9496385776"}
tx 79/100: nonce=0x8e7 to=0x1000000000000000000000000000000000000050 response={"jsonrpc":"2.0","id":80,"result":"0xf9af5c307894da725521dcb4f2e23683723501cf27b9919896f84a9e3b085b98"}
tx 80/100: nonce=0x8e8 to=0x1000000000000000000000000000000000000051 response={"jsonrpc":"2.0","id":81,"result":"0xd6b42614ca386b2d6c08104204d77a61e7ff4834fee71ae3ae2a43ffcc6aaefe"}
tx 81/100: nonce=0x8e9 to=0x1000000000000000000000000000000000000052 response={"jsonrpc":"2.0","id":82,"result":"0xaef9023d6bf2927dc4051d781cbe1d9258c2678881c08cb523dfce6f46434c78"}
tx 82/100: nonce=0x8ea to=0x1000000000000000000000000000000000000053 response={"jsonrpc":"2.0","id":83,"result":"0x9e9f6b66f9c9c6e96233d297d1066abdb61dbcecfffbeb810b1ed7179584de07"}
tx 83/100: nonce=0x8eb to=0x1000000000000000000000000000000000000054 response={"jsonrpc":"2.0","id":84,"result":"0x49be287e4a788c73d8a397cd8b33aa6019a6768030fdd57401dbbd4738ae6bed"}
tx 84/100: nonce=0x8ec to=0x1000000000000000000000000000000000000055 response={"jsonrpc":"2.0","id":85,"result":"0xe94e134da390225724a2dd2d9cf4ed7f536eb5db78a73759c97246ef5d25b365"}
tx 85/100: nonce=0x8ed to=0x1000000000000000000000000000000000000056 response={"jsonrpc":"2.0","id":86,"result":"0x5a0abd20b9fdccfb363d18054d27e91a66cbcc30640f780cd8390056b8b74416"}
tx 86/100: nonce=0x8ee to=0x1000000000000000000000000000000000000057 response={"jsonrpc":"2.0","id":87,"result":"0x319103ed4ad534eb79369ec5a408513ee95a08a67209a1a7f3185237a31b7bc6"}
tx 87/100: nonce=0x8ef to=0x1000000000000000000000000000000000000058 response={"jsonrpc":"2.0","id":88,"result":"0xe069735153d1c2f4715718ef5fa79f839e6d889f4a08102d507465a593778a4d"}
tx 88/100: nonce=0x8f0 to=0x1000000000000000000000000000000000000059 response={"jsonrpc":"2.0","id":89,"result":"0x845fa8ac7e80edd2a0772d3e20410ff97588fbc7e0c955dd5e350ba594ab67b2"}
tx 89/100: nonce=0x8f1 to=0x100000000000000000000000000000000000005a response={"jsonrpc":"2.0","id":90,"result":"0x2a4dc8a1721d1a53ddf09516f565e80bbbc1d0d9a2336a79044d9e2ff1d48b64"}
tx 90/100: nonce=0x8f2 to=0x100000000000000000000000000000000000005b response={"jsonrpc":"2.0","id":91,"result":"0x82492aa8121ca916fd29bcf298090e86127a9c16796e01adf60407e25588bfa9"}
tx 91/100: nonce=0x8f3 to=0x100000000000000000000000000000000000005c response={"jsonrpc":"2.0","id":92,"result":"0xa90edac430f702ff06d75f6dc250347329631ff3bf09e318a17518c47f020f9a"}
tx 92/100: nonce=0x8f4 to=0x100000000000000000000000000000000000005d response={"jsonrpc":"2.0","id":93,"result":"0x86738cc04709d92cb3b8e171f55ae0ed9922ef83375156b0899c63764c8145d9"}
tx 93/100: nonce=0x8f5 to=0x100000000000000000000000000000000000005e response={"jsonrpc":"2.0","id":94,"result":"0x03870b07da01bed7c81fefa99423a0bece05d65d51b8e2d0d225f3a8591c49c6"}
tx 94/100: nonce=0x8f6 to=0x100000000000000000000000000000000000005f response={"jsonrpc":"2.0","id":95,"result":"0xd2c28e1fe4efb53e83fde17fe70ea52a90466cc88f7cc264dcb465d5672d04c4"}
tx 95/100: nonce=0x8f7 to=0x1000000000000000000000000000000000000060 response={"jsonrpc":"2.0","id":96,"result":"0x8fe1f77f926724ce1de9641929a331e9c856831ee646197e364f939e83ed414e"}
tx 96/100: nonce=0x8f8 to=0x1000000000000000000000000000000000000061 response={"jsonrpc":"2.0","id":97,"result":"0xeaeb7432493f267d38b17d553b40d5a1f0e22bc3afea09bf7398765671517819"}
tx 97/100: nonce=0x8f9 to=0x1000000000000000000000000000000000000062 response={"jsonrpc":"2.0","id":98,"result":"0x8137ef391f4d86eaa940e44edbe6867eaa940cb0dac7f1a0685199c606f95f28"}
tx 98/100: nonce=0x8fa to=0x1000000000000000000000000000000000000063 response={"jsonrpc":"2.0","id":99,"result":"0xbe260770a9d31264e11ee68622dbfe7818ab7d797b6f2fc339309aac07ff19da"}
tx 99/100: nonce=0x8fb to=0x1000000000000000000000000000000000000064 response={"jsonrpc":"2.0","id":100,"result":"0x43a3a998cb7fb6107b16fe54801031db41c948c97529b970f438eebe37fd98ba"}
Done. Check pending txs with:
curl -s -H 'Content-Type: application/json' --data '{"jsonrpc":"2.0","method":"txpool_status","params":[],"id":1}' http://127.0.0.1:8545
Sending 100 txs from 0x92424e4f86201c931ba53eb48619d93244c18e13 via http://127.0.0.1:8545, base_nonce=2300, to_mode=sequential
tx 0/100: nonce=0x8fc to=0x1000000000000000000000000000000000000001 response={"jsonrpc":"2.0","id":1,"result":"0x584b19fe9a94b14e2416ccb4a6e40e255a98682d1fce087869711d236d6024dd"}
tx 1/100: nonce=0x8fd to=0x1000000000000000000000000000000000000002 response={"jsonrpc":"2.0","id":2,"result":"0x60e1a168b3f0d9d0fce5ebb6cc9d5a1d7d40c05a1f0909756b9b40563e8c5fe2"}
tx 2/100: nonce=0x8fe to=0x1000000000000000000000000000000000000003 response={"jsonrpc":"2.0","id":3,"result":"0x7cbf28d410359f65ffaebff14395d65223a88dfd499dee96228c89119fdd5862"}
tx 3/100: nonce=0x8ff to=0x1000000000000000000000000000000000000004 response={"jsonrpc":"2.0","id":4,"result":"0x39b8e789a09b656a675d0cb54f407a063ed8fcb47040e013ec0f3c8b381763bd"}
tx 4/100: nonce=0x900 to=0x1000000000000000000000000000000000000005 response={"jsonrpc":"2.0","id":5,"result":"0x50a96a4c6efbbf30d90a29cf68e7cef792af189ebed520b5db11e2d26dcab3b0"}
tx 5/100: nonce=0x901 to=0x1000000000000000000000000000000000000006 response={"jsonrpc":"2.0","id":6,"result":"0x13b2f103314394bb10c191c5167a5bac1cc80a646b582758c99bfd0c706664c8"}
tx 6/100: nonce=0x902 to=0x1000000000000000000000000000000000000007 response={"jsonrpc":"2.0","id":7,"result":"0xc9317ef2e1036b332dd3ed665d1a824aeecaf9b630dad90a59f19d15b7517d04"}
tx 7/100: nonce=0x903 to=0x1000000000000000000000000000000000000008 response={"jsonrpc":"2.0","id":8,"result":"0x2cd08b590f1e57589af463bae365b4e53c0873aae9850f26c41cf7748b3fbd77"}
tx 8/100: nonce=0x904 to=0x1000000000000000000000000000000000000009 response={"jsonrpc":"2.0","id":9,"result":"0xb2e3b30be3ea534e0b155842bab99e8739d6c1f787604576389f58da17b38826"}
tx 9/100: nonce=0x905 to=0x100000000000000000000000000000000000000a response={"jsonrpc":"2.0","id":10,"result":"0x1c197552943a3dcaa68527cc34e8ac6fd8480fe1dca0f606f87ec7595ddad9c9"}
tx 10/100: nonce=0x906 to=0x100000000000000000000000000000000000000b response={"jsonrpc":"2.0","id":11,"result":"0x7c59dabc9d2cc68616116b42e32116ea28dbfdd3d9cad1b9d3bd284c4fcae12e"}
tx 11/100: nonce=0x907 to=0x100000000000000000000000000000000000000c response={"jsonrpc":"2.0","id":12,"result":"0xd54fd7c662094ee13cc725728ce04ba7f337f0dc017fd48eb40961965d7bc120"}
tx 12/100: nonce=0x908 to=0x100000000000000000000000000000000000000d response={"jsonrpc":"2.0","id":13,"result":"0x15e04fb0e4f4362dff6ca809022b0a448158bca3cea7b1a32c323fbc8dd0f29e"}
tx 13/100: nonce=0x909 to=0x100000000000000000000000000000000000000e response={"jsonrpc":"2.0","id":14,"result":"0x673a2c8c0af1cf774b5d71ba6056cfdbffd96d76ec1dab7350d78cbb2e1b6de9"}
tx 14/100: nonce=0x90a to=0x100000000000000000000000000000000000000f response={"jsonrpc":"2.0","id":15,"result":"0xa73a6fb7119767db705f398496f5ca98e8f0190081abe7ab49d7ab47a45dcc58"}
tx 15/100: nonce=0x90b to=0x1000000000000000000000000000000000000010 response={"jsonrpc":"2.0","id":16,"result":"0x8595abf2a2e0551eb663a3af2d6a9c9aa900763f78897c6104bd551ab3a78b0f"}
tx 16/100: nonce=0x90c to=0x1000000000000000000000000000000000000011 response={"jsonrpc":"2.0","id":17,"result":"0x80be4d88d100853b06145e006e822d1d287ca4ecaa1f1d28a9d401922b083c5d"}
tx 17/100: nonce=0x90d to=0x1000000000000000000000000000000000000012 response={"jsonrpc":"2.0","id":18,"result":"0xe9a62376775b67f8282709bfe2c95b8a71891de9dbdb229c08a3cc1ad7941f61"}
tx 18/100: nonce=0x90e to=0x1000000000000000000000000000000000000013 response={"jsonrpc":"2.0","id":19,"result":"0x2f0e9b67d8814a5f372b7df93b83f0423b4edb69947f52fe43e77d1435e559fe"}
tx 19/100: nonce=0x90f to=0x1000000000000000000000000000000000000014 response={"jsonrpc":"2.0","id":20,"result":"0x718accb05d710f156813301f443c9ec4e39d3e5a190f5cb007a2afdcb4ae266f"}
tx 20/100: nonce=0x910 to=0x1000000000000000000000000000000000000015 response={"jsonrpc":"2.0","id":21,"result":"0x9c73e877cb15769769820967f09fee4cf6e027f75fff74e273ddfb97567e1bb2"}
tx 21/100: nonce=0x911 to=0x1000000000000000000000000000000000000016 response={"jsonrpc":"2.0","id":22,"result":"0x1dc23e0a35fe83a92285bf9b137dd3b50e9bd0fada77975530db66d526ed6f3f"}
tx 22/100: nonce=0x912 to=0x1000000000000000000000000000000000000017 response={"jsonrpc":"2.0","id":23,"result":"0x3d4bf87697930b4c8cd79ccb30a708df388693684d59f65a54c7bbd347d19f02"}
tx 23/100: nonce=0x913 to=0x1000000000000000000000000000000000000018 response={"jsonrpc":"2.0","id":24,"result":"0xa512605b6e0b55c14ef5a4de9c7313e26b873e05e6e4e822288282fefdaa5609"}
tx 24/100: nonce=0x914 to=0x1000000000000000000000000000000000000019 response={"jsonrpc":"2.0","id":25,"result":"0xdfe11fa80eaf1135466ae44610da0cead2866f75609681aefff32611933a47af"}
tx 25/100: nonce=0x915 to=0x100000000000000000000000000000000000001a response={"jsonrpc":"2.0","id":26,"result":"0x7210f3a9fc15f19d4712dab0c0a24815445a394e1e40e36580c39741c77d25eb"}
tx 26/100: nonce=0x916 to=0x100000000000000000000000000000000000001b response={"jsonrpc":"2.0","id":27,"result":"0xf4d3c67800743a3a68c52a925a18420c6635b542bf13b7e1858399e6b0bf1663"}
tx 27/100: nonce=0x917 to=0x100000000000000000000000000000000000001c response={"jsonrpc":"2.0","id":28,"result":"0x20d3351a8efb29dc654cedc3fef42637faff4a7a925059c9f1e59d030b9ff6d7"}
tx 28/100: nonce=0x918 to=0x100000000000000000000000000000000000001d response={"jsonrpc":"2.0","id":29,"result":"0xa92225001e48a7b8c9df9d2134409bca1ab9036dd124ac99999a1ff88b6e2692"}
tx 29/100: nonce=0x919 to=0x100000000000000000000000000000000000001e response={"jsonrpc":"2.0","id":30,"result":"0xd73ce9c52279367086eae64793f97455b475ef031ee6a11afd54cd2d0c5bac39"}
tx 30/100: nonce=0x91a to=0x100000000000000000000000000000000000001f response={"jsonrpc":"2.0","id":31,"result":"0x41e9239f31da05623dd9568e80947fbd47074d84443690c11bee3b09f95d2ff0"}
tx 31/100: nonce=0x91b to=0x1000000000000000000000000000000000000020 response={"jsonrpc":"2.0","id":32,"result":"0xb8008eae19ed432a4c8dadd0282872a6a354295342dfb946e2b25964ef524dce"}
tx 32/100: nonce=0x91c to=0x1000000000000000000000000000000000000021 response={"jsonrpc":"2.0","id":33,"result":"0xb878edcb55d9d8875a47079dd266454bfdd9dd5b082002957efaa151dbd01b2a"}
tx 33/100: nonce=0x91d to=0x1000000000000000000000000000000000000022 response={"jsonrpc":"2.0","id":34,"result":"0xf9acdfa3c3048043031a80721a65ebdbf9580be680075479212db436a6ddbdda"}
tx 34/100: nonce=0x91e to=0x1000000000000000000000000000000000000023 response={"jsonrpc":"2.0","id":35,"result":"0xa0a047ec6b765867948151c0c063b0ca466b1afc0430d9c1df2da05b7954ed4d"}
tx 35/100: nonce=0x91f to=0x1000000000000000000000000000000000000024 response={"jsonrpc":"2.0","id":36,"result":"0xfc53c21e607e8cc22515756b90b7c5fc0a9de49a6f17bee8fe769673f5dcab2b"}
tx 36/100: nonce=0x920 to=0x1000000000000000000000000000000000000025 response={"jsonrpc":"2.0","id":37,"result":"0x9d08ef579fa0f7f70768908aaead0c5c4436a464f0185386da4c9bf4245d0d62"}
tx 37/100: nonce=0x921 to=0x1000000000000000000000000000000000000026 response={"jsonrpc":"2.0","id":38,"result":"0x5d472b1ece43f96d050ed946445ada7e6e163536d79bc1293879e0097915753a"}
tx 38/100: nonce=0x922 to=0x1000000000000000000000000000000000000027 response={"jsonrpc":"2.0","id":39,"result":"0x5f394c5c016ff1b65d60c31bcb293aa9ade6981298b799410f20d22b4ef7af94"}
tx 39/100: nonce=0x923 to=0x1000000000000000000000000000000000000028 response={"jsonrpc":"2.0","id":40,"result":"0x7ec132528385d57e6581439360f3050af9133d90472c08facd029aed5462f6c9"}
tx 40/100: nonce=0x924 to=0x1000000000000000000000000000000000000029 response={"jsonrpc":"2.0","id":41,"result":"0xbec2e7e7c6c0cd3dbc49231283f7d79376f67154e5ce1a4698e4ac03f0bebc75"}
tx 41/100: nonce=0x925 to=0x100000000000000000000000000000000000002a response={"jsonrpc":"2.0","id":42,"result":"0x7ba3bcfaf014a3f6a21588af5598c777c3a2e711cb3c9a4156d989f6538077c0"}
tx 42/100: nonce=0x926 to=0x100000000000000000000000000000000000002b response={"jsonrpc":"2.0","id":43,"result":"0xd8b2bf8a212a4760cb86f95d1527cd9f0f7f9cc10673d9c91f501f1d7b240824"}
tx 43/100: nonce=0x927 to=0x100000000000000000000000000000000000002c response={"jsonrpc":"2.0","id":44,"result":"0xb004727df35657c0032a0e00afff15d8dd41b1b7109a69802bd730a92c5cc3a3"}
tx 44/100: nonce=0x928 to=0x100000000000000000000000000000000000002d response={"jsonrpc":"2.0","id":45,"result":"0x4840393863851e3c16d3beb9a2c5885f6730783696a8b628f88fc5fee164dd41"}
tx 45/100: nonce=0x929 to=0x100000000000000000000000000000000000002e response={"jsonrpc":"2.0","id":46,"result":"0x931e4db824e5313819a65f636cadc6f8d50c9a14896663405310c3096420e205"}
tx 46/100: nonce=0x92a to=0x100000000000000000000000000000000000002f response={"jsonrpc":"2.0","id":47,"result":"0xa8e2bd6a4bace2128973b09188fc6a29b34d3e8b1dd313835ef0f96161f0c4f0"}
tx 47/100: nonce=0x92b to=0x1000000000000000000000000000000000000030 response={"jsonrpc":"2.0","id":48,"result":"0x299c3538560ce1e1d0e8708ca3af64b1769c07474cfee29c2245e8de2ed2ffb9"}
tx 48/100: nonce=0x92c to=0x1000000000000000000000000000000000000031 response={"jsonrpc":"2.0","id":49,"result":"0x643e2c722b0a82a19abd5fb53e3b1769fcc84f69c2a9796c07dcd8341cddb927"}
tx 49/100: nonce=0x92d to=0x1000000000000000000000000000000000000032 response={"jsonrpc":"2.0","id":50,"result":"0x9055966703314e048064ac28b4cdb30050250d8ba3b55ec2b4c981857f18f957"}
tx 50/100: nonce=0x92e to=0x1000000000000000000000000000000000000033 response={"jsonrpc":"2.0","id":51,"result":"0x56d4ddc5014000797e6ba58c43f8cd6caaa621ca86b3cfb78265e875156e819f"}
tx 51/100: nonce=0x92f to=0x1000000000000000000000000000000000000034 response={"jsonrpc":"2.0","id":52,"result":"0xde335433deb8a05dd4dc02526def6adc4e74b5f8a78b4dbec138fe47e36b1786"}
tx 52/100: nonce=0x930 to=0x1000000000000000000000000000000000000035 response={"jsonrpc":"2.0","id":53,"result":"0x81a074d17bb86bdda83ea8d2b45e6b0b79d3baba0e51aeb39bafd139cad79387"}
tx 53/100: nonce=0x931 to=0x1000000000000000000000000000000000000036 response={"jsonrpc":"2.0","id":54,"result":"0x045d29d5c9b1df7d7d33d65f4d340ccc56160bc93fd96ca52083dfdd143ef0ad"}
tx 54/100: nonce=0x932 to=0x1000000000000000000000000000000000000037 response={"jsonrpc":"2.0","id":55,"result":"0x0b88db9ebdfa8e12dd6920e090d0d48ea32ada0e0edd66f88016d2dd8fd40d4c"}
tx 55/100: nonce=0x933 to=0x1000000000000000000000000000000000000038 response={"jsonrpc":"2.0","id":56,"result":"0x598b10cda4fef1da821b262b5f3aa2a5edb50886b4211123b421c705f66f3924"}
tx 56/100: nonce=0x934 to=0x1000000000000000000000000000000000000039 response={"jsonrpc":"2.0","id":57,"result":"0x5d41ab551655c7595c70029e01f1b9ceaee29b0cd6b416dedeaf56b2aa163a9e"}
tx 57/100: nonce=0x935 to=0x100000000000000000000000000000000000003a response={"jsonrpc":"2.0","id":58,"result":"0xefff55391db5aec07b57a79abb66d3b359818c738e232e0e5f7421aa5f7886f6"}
tx 58/100: nonce=0x936 to=0x100000000000000000000000000000000000003b response={"jsonrpc":"2.0","id":59,"result":"0xd4af53ce8a4e567c82f0cc1107bf7200cbfb7966b0f4d9a131f45719730c9c33"}
tx 59/100: nonce=0x937 to=0x100000000000000000000000000000000000003c response={"jsonrpc":"2.0","id":60,"result":"0x76d4e5ad31fe143a9e4f96692691226323d84d6e7710505b079952d96181414d"}
tx 60/100: nonce=0x938 to=0x100000000000000000000000000000000000003d response={"jsonrpc":"2.0","id":61,"result":"0x4edc31775e909ab9c7ea905266b435aceb63db9963ab0cee2eb83d3da3e36eda"}
tx 61/100: nonce=0x939 to=0x100000000000000000000000000000000000003e response={"jsonrpc":"2.0","id":62,"result":"0xcb19269acadda18265dcce5b679a2f9621d11422c558ce10bd0b8cfccef2af13"}
tx 62/100: nonce=0x93a to=0x100000000000000000000000000000000000003f response={"jsonrpc":"2.0","id":63,"result":"0xe34adad33c283ea80002d941049f5960168502a759fc83a4b750c137fbb089c9"}
tx 63/100: nonce=0x93b to=0x1000000000000000000000000000000000000040 response={"jsonrpc":"2.0","id":64,"result":"0x2c93327a0af83a16c823c633acb48e6b52f0ffddd1ae36db1e88e44143280cd9"}
tx 64/100: nonce=0x93c to=0x1000000000000000000000000000000000000041 response={"jsonrpc":"2.0","id":65,"result":"0xce6559686f163a7efcc5cbb421a31a62ba4c315715ac9185276abd7fe7cf75b7"}
tx 65/100: nonce=0x93d to=0x1000000000000000000000000000000000000042 response={"jsonrpc":"2.0","id":66,"result":"0xc14290b49864398da9c6c28a2e8dc8edfe7c0e7555946eba8e865a8e01af8d73"}
tx 66/100: nonce=0x93e to=0x1000000000000000000000000000000000000043 response={"jsonrpc":"2.0","id":67,"result":"0x01bde6f07709898d904c1296301ac52e6b07416644d785d3e92648509f3e653f"}
tx 67/100: nonce=0x93f to=0x1000000000000000000000000000000000000044 response={"jsonrpc":"2.0","id":68,"result":"0xa01cf34e418f967b05b9544d687116ab9bc1d7387cc0331a957a61e3628f16a0"}
tx 68/100: nonce=0x940 to=0x1000000000000000000000000000000000000045 response={"jsonrpc":"2.0","id":69,"result":"0x3e79d66edaa9157f7654dbd4173b5721f4977c0d0baf8f34c6689ba1d4a459c9"}
tx 69/100: nonce=0x941 to=0x1000000000000000000000000000000000000046 response={"jsonrpc":"2.0","id":70,"result":"0xb314f45e8ddd016d84697dbf2ba9d04f3705b2fd6419b213e11fb3ca3235d099"}
tx 70/100: nonce=0x942 to=0x1000000000000000000000000000000000000047 response={"jsonrpc":"2.0","id":71,"result":"0x7203c689ac563bbb68b88dd5eae81407e6c92b112b7da1c20f34f84c407e72ab"}
tx 71/100: nonce=0x943 to=0x1000000000000000000000000000000000000048 response={"jsonrpc":"2.0","id":72,"result":"0xf95eff427a1d533f396f66fbb54616969ffca3528506f155a8b5df1d6d9ae7be"}
tx 72/100: nonce=0x944 to=0x1000000000000000000000000000000000000049 response={"jsonrpc":"2.0","id":73,"result":"0x81ebf9403aab2b26376b0e8e826d03532a7b9ea23c86f868fd539ef73374ef6b"}
tx 73/100: nonce=0x945 to=0x100000000000000000000000000000000000004a response={"jsonrpc":"2.0","id":74,"result":"0x9bce065f7605c73dc39197063c6e90644c839d714cfe2f2371fcdcde70edaa4e"}
tx 74/100: nonce=0x946 to=0x100000000000000000000000000000000000004b response={"jsonrpc":"2.0","id":75,"result":"0x98a37a49b06819aff4e4b1850f586b8d8c3d825d411e3e35f2b6d52cecc03f5b"}
tx 75/100: nonce=0x947 to=0x100000000000000000000000000000000000004c response={"jsonrpc":"2.0","id":76,"result":"0xe6618e4bf0137e31e532915254aefa84fbb279948bebc420515483769e8747c7"}
tx 76/100: nonce=0x948 to=0x100000000000000000000000000000000000004d response={"jsonrpc":"2.0","id":77,"result":"0xcc5053079d6b35dcc0077629c80fe29894efce56b3dafaca1a2345983308b22a"}
tx 77/100: nonce=0x949 to=0x100000000000000000000000000000000000004e response={"jsonrpc":"2.0","id":78,"result":"0x0eaaf29bbf6a1fa8829c5feadeb5e11de5167878001a7b4eddc821d44b0ab671"}
tx 78/100: nonce=0x94a to=0x100000000000000000000000000000000000004f response={"jsonrpc":"2.0","id":79,"result":"0x98af6c247837a845c726ca9e2461f35344533af0a4ffdc89b960bfe52a39815d"}
tx 79/100: nonce=0x94b to=0x1000000000000000000000000000000000000050 response={"jsonrpc":"2.0","id":80,"result":"0x656a4b2dc87668890eab2a81a62dc581aadb3ab28a0fabeee26f4676a3c2895b"}
tx 80/100: nonce=0x94c to=0x1000000000000000000000000000000000000051 response={"jsonrpc":"2.0","id":81,"result":"0x08fcea31442a27c52e4fdee636e8ba13b1d470666269964cb25d8ea4afc3715a"}
tx 81/100: nonce=0x94d to=0x1000000000000000000000000000000000000052 response={"jsonrpc":"2.0","id":82,"result":"0x5e5fe4d93617bbf2a3c6e0b62e1997751037e4184361c868fc959afce47c56aa"}
tx 82/100: nonce=0x94e to=0x1000000000000000000000000000000000000053 response={"jsonrpc":"2.0","id":83,"result":"0xe8c3a0d0e6ca50dae81ed70eb00f63abb599202d2cb791d49aaa013d8cd0723e"}
tx 83/100: nonce=0x94f to=0x1000000000000000000000000000000000000054 response={"jsonrpc":"2.0","id":84,"result":"0xe013f92e80cc3f220bdb60f175dc4d5e1389e60a36e95cba09375f3b28f22bd9"}
tx 84/100: nonce=0x950 to=0x1000000000000000000000000000000000000055 response={"jsonrpc":"2.0","id":85,"result":"0xed59fdefaf6dc2a98570b87930bd63ebfb08a04c86dc554373d9a206d3109e1c"}
tx 85/100: nonce=0x951 to=0x1000000000000000000000000000000000000056 response={"jsonrpc":"2.0","id":86,"result":"0x0e1fa0ee812f0278010405d55de5030d9849c57b282c17d9033d8e669ea2c845"}
tx 86/100: nonce=0x952 to=0x1000000000000000000000000000000000000057 response={"jsonrpc":"2.0","id":87,"result":"0x2051682753b1090e2c716c8d37472ccece036bf72b37883967dfdff6e332a1c9"}
tx 87/100: nonce=0x953 to=0x1000000000000000000000000000000000000058 response={"jsonrpc":"2.0","id":88,"result":"0x5e1098cf36ed1bc8337109c78143163185705f70bbfcde299b3c5bb81984a6ef"}
tx 88/100: nonce=0x954 to=0x1000000000000000000000000000000000000059 response={"jsonrpc":"2.0","id":89,"result":"0x543d4448d59f0474149f25ef21ea184415db46bbed05c3c7f1842854ba47b13e"}
tx 89/100: nonce=0x955 to=0x100000000000000000000000000000000000005a response={"jsonrpc":"2.0","id":90,"result":"0xc614d932655753b2707bacbc0bd5ff555211d18afe0417a619057bd4d3e0f867"}
tx 90/100: nonce=0x956 to=0x100000000000000000000000000000000000005b response={"jsonrpc":"2.0","id":91,"result":"0x3bcddbdad367f8cc65b4089df08d90f09afe1a4b3c4fff3c74b2c5ec92ee90d2"}
tx 91/100: nonce=0x957 to=0x100000000000000000000000000000000000005c response={"jsonrpc":"2.0","id":92,"result":"0x75a0728fa0e300a0d35178f033c06a47e9c3397163af610e0a72835a9bea1803"}
tx 92/100: nonce=0x958 to=0x100000000000000000000000000000000000005d response={"jsonrpc":"2.0","id":93,"result":"0xe99584741e0e408e7e1ddcdd45d22d59ad5d6e423b133c36789f5d65b056c89e"}
tx 93/100: nonce=0x959 to=0x100000000000000000000000000000000000005e response={"jsonrpc":"2.0","id":94,"result":"0x597d4a059b08716f0f631ea2c45ff0066540be23bf78ce1d9f0fc7497e619b72"}
tx 94/100: nonce=0x95a to=0x100000000000000000000000000000000000005f response={"jsonrpc":"2.0","id":95,"result":"0x8be21785a2cd093b1c1f4921e643254b45f95be71f7540d097bca91078834173"}
tx 95/100: nonce=0x95b to=0x1000000000000000000000000000000000000060 response={"jsonrpc":"2.0","id":96,"result":"0xc56682be0a78777cd5235730603e278f3fdfe6cefe65833b3226c72eb0517d3e"}
tx 96/100: nonce=0x95c to=0x1000000000000000000000000000000000000061 response={"jsonrpc":"2.0","id":97,"result":"0x6da787ae37c544c7079724775ecc5616d9c8a615d7d778beddca2cd68939b0e4"}
tx 97/100: nonce=0x95d to=0x1000000000000000000000000000000000000062 response={"jsonrpc":"2.0","id":98,"result":"0xba29f31bb8c4f725dc81ce19b17230c7b5d18685f94cca6a44baa6d303bf289a"}
tx 98/100: nonce=0x95e to=0x1000000000000000000000000000000000000063 response={"jsonrpc":"2.0","id":99,"result":"0xf229765c7394f5099eac586556faf9267ea705b3d831fef8e09398ea0ff70dd6"}
tx 99/100: nonce=0x95f to=0x1000000000000000000000000000000000000064 response={"jsonrpc":"2.0","id":100,"result":"0x83b5d5b7bf105f53d56343a356a787fac23a26677c44adf84941afde612e49fe"}
Done. Check pending txs with:
curl -s -H 'Content-Type: application/json' --data '{"jsonrpc":"2.0","method":"txpool_status","params":[],"id":1}' http://127.0.0.1:8545
Sending 100 txs from 0x92424e4f86201c931ba53eb48619d93244c18e13 via http://127.0.0.1:8545, base_nonce=2400, to_mode=sequential
tx 0/100: nonce=0x960 to=0x1000000000000000000000000000000000000001 response={"jsonrpc":"2.0","id":1,"result":"0xc1c10f660aeefffd787f4491abf4da77d4c4c06450df835a67e1fc66dfb0ba79"}
tx 1/100: nonce=0x961 to=0x1000000000000000000000000000000000000002 response={"jsonrpc":"2.0","id":2,"result":"0xeb43226d41400f9fc574f7efd5b13ff6ceb575d3bed6245964d76ddc685ae1b0"}
tx 2/100: nonce=0x962 to=0x1000000000000000000000000000000000000003 response={"jsonrpc":"2.0","id":3,"result":"0x94b61dd722aacc1062c4fa7e71dcdc7279f1ccd17616fb0fe234ccb2fa77f111"}
tx 3/100: nonce=0x963 to=0x1000000000000000000000000000000000000004 response={"jsonrpc":"2.0","id":4,"result":"0x15965c23c51bd4d78778c115cdaed46ddbc657d023b37f64e766b0f7010a364b"}
tx 4/100: nonce=0x964 to=0x1000000000000000000000000000000000000005 response={"jsonrpc":"2.0","id":5,"result":"0xae075b42399b6ea59e1b6b2c280b305eac5899a489370d10a3b1f52073621e00"}
tx 5/100: nonce=0x965 to=0x1000000000000000000000000000000000000006 response={"jsonrpc":"2.0","id":6,"result":"0x3ec7e23d0ed644e595dbbaaf12250dd32ae9e355ee5b9a2412c8878c8a2350cc"}
tx 6/100: nonce=0x966 to=0x1000000000000000000000000000000000000007 response={"jsonrpc":"2.0","id":7,"result":"0x58585fb45f231703f86622dfffcf4e62e235e8e9cce76b4cd94b93fe7d96e8d2"}
tx 7/100: nonce=0x967 to=0x1000000000000000000000000000000000000008 response={"jsonrpc":"2.0","id":8,"result":"0x85171645c89ab77b73062e8b9403842a4fc84c78b40003785b6139a7a5eb70a2"}
tx 8/100: nonce=0x968 to=0x1000000000000000000000000000000000000009 response={"jsonrpc":"2.0","id":9,"result":"0xb9806f27dddf0228b10e527cbf007d6c14df0d8c69f2d6e15f28f055736eb4f9"}
tx 9/100: nonce=0x969 to=0x100000000000000000000000000000000000000a response={"jsonrpc":"2.0","id":10,"result":"0xb56dad47f6faec61f1be61609988fb92ee5f5909f8fd99641fe1669d7a2efb1e"}
tx 10/100: nonce=0x96a to=0x100000000000000000000000000000000000000b response={"jsonrpc":"2.0","id":11,"result":"0x612abcbbcef2abc67d534984cad2f24c661b0b9cf1c49283eef8c45d553e865f"}
tx 11/100: nonce=0x96b to=0x100000000000000000000000000000000000000c response={"jsonrpc":"2.0","id":12,"result":"0xd8dcba27727a96cb4824386915c13e103dca6623baee7c78422c7c36a13695fc"}
tx 12/100: nonce=0x96c to=0x100000000000000000000000000000000000000d response={"jsonrpc":"2.0","id":13,"result":"0x78a40d398af4310597660a1a3311e4bb642ef74d755b1cce0ddcf472995fce1b"}
tx 13/100: nonce=0x96d to=0x100000000000000000000000000000000000000e response={"jsonrpc":"2.0","id":14,"result":"0x5f23b0aff05386ed1eb80a479fa92884421e07010f7ce986b4f34277b765f7d2"}
tx 14/100: nonce=0x96e to=0x100000000000000000000000000000000000000f response={"jsonrpc":"2.0","id":15,"result":"0x66383553a73d6463b72e36a48b3989362a9d935f3deb0d7e702893e429ad295a"}
tx 15/100: nonce=0x96f to=0x1000000000000000000000000000000000000010 response={"jsonrpc":"2.0","id":16,"result":"0x09eda29598e459894290663153d60863cec01eaa737a629ef7d6666d49b7eec7"}
tx 16/100: nonce=0x970 to=0x1000000000000000000000000000000000000011 response={"jsonrpc":"2.0","id":17,"result":"0x7c2b208dcd7349430b47ef143c6f1cda5374f09e9809595fd88365ce7f20a626"}
tx 17/100: nonce=0x971 to=0x1000000000000000000000000000000000000012 response={"jsonrpc":"2.0","id":18,"result":"0xeb0b6d5acdfc5922466ab5e04a01d4595d930c677999eb34bd4667db0df71cfe"}
tx 18/100: nonce=0x972 to=0x1000000000000000000000000000000000000013 response={"jsonrpc":"2.0","id":19,"result":"0xd2a1bb27ec852a4fe80d08bd37fed2b46976d4ba0cad155b8a0780e12968a823"}
tx 19/100: nonce=0x973 to=0x1000000000000000000000000000000000000014 response={"jsonrpc":"2.0","id":20,"result":"0xc7ad383ff03d1262a09ee04c8fa9397d7b459dbddab48ee422161ba4112f2eef"}
tx 20/100: nonce=0x974 to=0x1000000000000000000000000000000000000015 response={"jsonrpc":"2.0","id":21,"result":"0xa0983f16bfed9a15bfc225f509dae675dc266a00978200ca1d369ff280b82b97"}
tx 21/100: nonce=0x975 to=0x1000000000000000000000000000000000000016 response={"jsonrpc":"2.0","id":22,"result":"0x657a6a7fc14d05e519fce18e39ca68c2c869983e54776821ef9fbf6b4612275f"}
tx 22/100: nonce=0x976 to=0x1000000000000000000000000000000000000017 response={"jsonrpc":"2.0","id":23,"result":"0x90d34f1400d3fe0f39f334f665e0b5676d4ab3649aded535602b33232d8594aa"}
tx 23/100: nonce=0x977 to=0x1000000000000000000000000000000000000018 response={"jsonrpc":"2.0","id":24,"result":"0x53b79d3c5228faa7bf840e59c827871db0557e744ecad6fd8c449bb1a0fd1578"}
tx 24/100: nonce=0x978 to=0x1000000000000000000000000000000000000019 response={"jsonrpc":"2.0","id":25,"result":"0xbbb4a1c85d6146d826db9b5e48149972430ba14553ec61d6e8adf4d062170745"}
tx 25/100: nonce=0x979 to=0x100000000000000000000000000000000000001a response={"jsonrpc":"2.0","id":26,"result":"0xce8562f8c808420ad51af0054ccf98e31b8d54f1e935376fe2d0ffca2ab2dfc5"}
tx 26/100: nonce=0x97a to=0x100000000000000000000000000000000000001b response={"jsonrpc":"2.0","id":27,"result":"0x5f1f6e4a63f89e56b270bf57e3e2a3ffa8cbf23bc5011de3d1961b41070ae0fb"}
tx 27/100: nonce=0x97b to=0x100000000000000000000000000000000000001c response={"jsonrpc":"2.0","id":28,"result":"0xcd129f6cb271cf4d6fa0431d070b0d7b2c3c4d803d353cfaf1fde043b2245ccf"}
tx 28/100: nonce=0x97c to=0x100000000000000000000000000000000000001d response={"jsonrpc":"2.0","id":29,"result":"0xddce4a2fe425069a81ffb7cec3bed90378ed2630373c796e79424cb3bd425eb3"}
tx 29/100: nonce=0x97d to=0x100000000000000000000000000000000000001e response={"jsonrpc":"2.0","id":30,"result":"0xeed4a82813066a3a38774f74641cbe38b2f22a744b0539faa97fabc7909eee92"}
tx 30/100: nonce=0x97e to=0x100000000000000000000000000000000000001f response={"jsonrpc":"2.0","id":31,"result":"0x5bb7a1f1147baab42d0cea32a9bb8ae7314459c07a28645a622a5de92cfb9007"}
tx 31/100: nonce=0x97f to=0x1000000000000000000000000000000000000020 response={"jsonrpc":"2.0","id":32,"result":"0x3e1e953ee4e509c7a0870cbed5e31b251de6bd41b093a8ab3d77c9f987aa46dd"}
tx 32/100: nonce=0x980 to=0x1000000000000000000000000000000000000021 response={"jsonrpc":"2.0","id":33,"result":"0x96d953d12fb30a32b85bea93ae251e2ef3cbb87da0a65359a639a24910d5b20d"}
tx 33/100: nonce=0x981 to=0x1000000000000000000000000000000000000022 response={"jsonrpc":"2.0","id":34,"result":"0x31df86f9865f706c7d517d81a6a4f8c1c83d594e05760ae32e1417b4cb6944bc"}
tx 34/100: nonce=0x982 to=0x1000000000000000000000000000000000000023 response={"jsonrpc":"2.0","id":35,"result":"0xfee59de50e3ab43287794bf03296380b8bc4040ed0a60762a2b5edddfeb1be0e"}
tx 35/100: nonce=0x983 to=0x1000000000000000000000000000000000000024 response={"jsonrpc":"2.0","id":36,"result":"0x20d0f6d98ca87cb89416b9f75f4c7c7bb1530dcac9e52de4f0b51a96023af2a5"}
tx 36/100: nonce=0x984 to=0x1000000000000000000000000000000000000025 response={"jsonrpc":"2.0","id":37,"result":"0x5ea016439a993c90f37f74c9485f6a451b0a312c9ba70f84689e6a05cce9375a"}
tx 37/100: nonce=0x985 to=0x1000000000000000000000000000000000000026 response={"jsonrpc":"2.0","id":38,"result":"0xc9f789995cc42af45bc60caffea07b883f744e6e2ddf059c1eafad170b3cce65"}
tx 38/100: nonce=0x986 to=0x1000000000000000000000000000000000000027 response={"jsonrpc":"2.0","id":39,"result":"0x103c8f802669eda811f833981dd9e4670d0a5161084d74159953c088d4983a89"}
tx 39/100: nonce=0x987 to=0x1000000000000000000000000000000000000028 response={"jsonrpc":"2.0","id":40,"result":"0x3a1c92d77a01388ce258f3605e6d3e4b615dfef06ccb9f2c567b629ba650a462"}
tx 40/100: nonce=0x988 to=0x1000000000000000000000000000000000000029 response={"jsonrpc":"2.0","id":41,"result":"0x9fb9583dcaa7e211de774a9b78b83ccd1db703e704b77bd0b4853c371b47cd36"}
tx 41/100: nonce=0x989 to=0x100000000000000000000000000000000000002a response={"jsonrpc":"2.0","id":42,"result":"0x8db614ac3ab54b7f64496d755477f08dda9d6764e678ae8d60bbfe6dfd91546c"}
tx 42/100: nonce=0x98a to=0x100000000000000000000000000000000000002b response={"jsonrpc":"2.0","id":43,"result":"0x8ab53f9b156a5cfd06569ecff2fed2af5d600e73f5265ab27cb4bb04fee73880"}
tx 43/100: nonce=0x98b to=0x100000000000000000000000000000000000002c response={"jsonrpc":"2.0","id":44,"result":"0xfe6ac3826f0571d6029682693279e632d10d269704cd680b527847d4d5a9198f"}
tx 44/100: nonce=0x98c to=0x100000000000000000000000000000000000002d response={"jsonrpc":"2.0","id":45,"result":"0xa4cb61a6f90845d8b79bb67176f3502ee4644f6bf50e2d13de7074f709a493e2"}
tx 45/100: nonce=0x98d to=0x100000000000000000000000000000000000002e response={"jsonrpc":"2.0","id":46,"result":"0x73b1ce80f683564b401dc0864b11dec43dca25526478a5c2081f671021a5a9c5"}
tx 46/100: nonce=0x98e to=0x100000000000000000000000000000000000002f response={"jsonrpc":"2.0","id":47,"result":"0x666fd0051950d6b660dd3eb50696496ea0dd1d5d6595acc532606f7091655c58"}
tx 47/100: nonce=0x98f to=0x1000000000000000000000000000000000000030 response={"jsonrpc":"2.0","id":48,"result":"0xeff8bbc6ba097752b407293f801d6f1427cab36eb5cbbd6db87e580e3ef25992"}
tx 48/100: nonce=0x990 to=0x1000000000000000000000000000000000000031 response={"jsonrpc":"2.0","id":49,"result":"0xd074a4ffd92d9e636ae511b09dec0e916fad0936e62b38d74bcf2c637f2a194b"}
tx 49/100: nonce=0x991 to=0x1000000000000000000000000000000000000032 response={"jsonrpc":"2.0","id":50,"result":"0xe8fed626fa41b0ddda7f4d426d9eaeed0f40e55d6e43e3dae149f4e5dc11418b"}
tx 50/100: nonce=0x992 to=0x1000000000000000000000000000000000000033 response={"jsonrpc":"2.0","id":51,"result":"0x41523cebe9b2e077be8227c82bebc90b95058189e191852df2a3f4ba5d718cc8"}
tx 51/100: nonce=0x993 to=0x1000000000000000000000000000000000000034 response={"jsonrpc":"2.0","id":52,"result":"0xd0bd2920962b5edac6f6bbb6df1ea6ec6d87f678df17d27b8000f06b6e5b09f6"}
tx 52/100: nonce=0x994 to=0x1000000000000000000000000000000000000035 response={"jsonrpc":"2.0","id":53,"result":"0x6efff1af338c3006496e2b0f18dd6b7a03d15feba82b20a447c5ba11c5f2cfa3"}
tx 53/100: nonce=0x995 to=0x1000000000000000000000000000000000000036 response={"jsonrpc":"2.0","id":54,"result":"0x054e1b2a0ebe14bad398445ff453b5950ce5f6801241379632b375f492b537fa"}
tx 54/100: nonce=0x996 to=0x1000000000000000000000000000000000000037 response={"jsonrpc":"2.0","id":55,"result":"0x8b4f3dd284e493616b11e97f4a9ea64cf88f4afccc8f02a29b1fe8dae7f0611c"}
tx 55/100: nonce=0x997 to=0x1000000000000000000000000000000000000038 response={"jsonrpc":"2.0","id":56,"result":"0x9b07d6a1de51a53467655faf528e49382234a487cd833c3327c3cd82ad42c58b"}
tx 56/100: nonce=0x998 to=0x1000000000000000000000000000000000000039 response={"jsonrpc":"2.0","id":57,"result":"0x33b30bb3f6ae34a1fe7fa9b816d6a6cdb9432268140c786c03435a4da290e9ea"}
tx 57/100: nonce=0x999 to=0x100000000000000000000000000000000000003a response={"jsonrpc":"2.0","id":58,"result":"0xbab2e25440855d08c9f93b1cb47ec8605258f046c79f7e0639ea59d4e7f9b137"}
tx 58/100: nonce=0x99a to=0x100000000000000000000000000000000000003b response={"jsonrpc":"2.0","id":59,"result":"0xf05ff337f22fded28267e57e814a836fbf162d09c0e4ca0b500857c6200cb032"}
tx 59/100: nonce=0x99b to=0x100000000000000000000000000000000000003c response={"jsonrpc":"2.0","id":60,"result":"0x8f793a62d1f7d43876fbd897363891d76775d42d697245ddbeab38f610da13a6"}
tx 60/100: nonce=0x99c to=0x100000000000000000000000000000000000003d response={"jsonrpc":"2.0","id":61,"result":"0x7f1ff9eed3a9218ed875f0bdc93b1789704139a8c07f9434e78bac871995a3dc"}
tx 61/100: nonce=0x99d to=0x100000000000000000000000000000000000003e response={"jsonrpc":"2.0","id":62,"result":"0xbb34ddd21431296f6dd417eda946f7e0aed93f5060474b26b2cd077b637b33ef"}
tx 62/100: nonce=0x99e to=0x100000000000000000000000000000000000003f response={"jsonrpc":"2.0","id":63,"result":"0x8a8b908c077d1dfe6d094c406a85391d11bdbe5f15bc5ad351e29f1094d6b541"}
tx 63/100: nonce=0x99f to=0x1000000000000000000000000000000000000040 response={"jsonrpc":"2.0","id":64,"result":"0x4536703d8f92d4c806bbb9ea1f0e5bb242ed5d0c04658b5f632946b12a4ecec7"}
tx 64/100: nonce=0x9a0 to=0x1000000000000000000000000000000000000041 response={"jsonrpc":"2.0","id":65,"result":"0x568a799cd3dad62e3b67a7d2e857cfbf76c5ff12f7b3968b85d44fec28f0cf05"}
tx 65/100: nonce=0x9a1 to=0x1000000000000000000000000000000000000042 response={"jsonrpc":"2.0","id":66,"result":"0x55295cd2354396ea7aa775fd2e0956c7697bc8054c216275d031d6d05f1b71fe"}
tx 66/100: nonce=0x9a2 to=0x1000000000000000000000000000000000000043 response={"jsonrpc":"2.0","id":67,"result":"0xeff5d3cb737bc916eb292e7d4cd56b8bae77cb31d5fdd2b297002b75724e9546"}
tx 67/100: nonce=0x9a3 to=0x1000000000000000000000000000000000000044 response={"jsonrpc":"2.0","id":68,"result":"0x538d49547fbd891f7d9bc61cb9f7280fe99d5c1cb91612ad5bc1c145cdf2aabc"}
tx 68/100: nonce=0x9a4 to=0x1000000000000000000000000000000000000045 response={"jsonrpc":"2.0","id":69,"result":"0x161d06dceec4a5212b2d93bf8d54a410995685c01f4f8638d5a2ac3085e78471"}
tx 69/100: nonce=0x9a5 to=0x1000000000000000000000000000000000000046 response={"jsonrpc":"2.0","id":70,"result":"0x4d333fcc383825da439dcac51d279896824f0de275db752bdadd9060d1af3d98"}
tx 70/100: nonce=0x9a6 to=0x1000000000000000000000000000000000000047 response={"jsonrpc":"2.0","id":71,"result":"0xdd845b742654a323cb300e3451ade10d08747320e7efb5563ca15ba1470a6038"}
tx 71/100: nonce=0x9a7 to=0x1000000000000000000000000000000000000048 response={"jsonrpc":"2.0","id":72,"result":"0x41743f056459d8e8eb81fdeab113c4b59d68ad613340e48f225358f4372ef981"}
tx 72/100: nonce=0x9a8 to=0x1000000000000000000000000000000000000049 response={"jsonrpc":"2.0","id":73,"result":"0x2400d6a299d2f2a9e82c4aeda449eef77937c87f53ca95caa1adb0d70f714488"}
tx 73/100: nonce=0x9a9 to=0x100000000000000000000000000000000000004a response={"jsonrpc":"2.0","id":74,"result":"0x4f185b1ac3031aca371596ab4732fb2a0facaef174f626f1ff4a9b6b56bd7963"}
tx 74/100: nonce=0x9aa to=0x100000000000000000000000000000000000004b response={"jsonrpc":"2.0","id":75,"result":"0x5be64e4914f62febb86ad841e0fb60d03349683be655a602acf8859c5b55ed22"}
tx 75/100: nonce=0x9ab to=0x100000000000000000000000000000000000004c response={"jsonrpc":"2.0","id":76,"result":"0xf1dd0308e2f02964408c088cc59779c3db509eec4df43cb4f383a7b8e63037fa"}
tx 76/100: nonce=0x9ac to=0x100000000000000000000000000000000000004d response={"jsonrpc":"2.0","id":77,"result":"0x1853fe91e7d5bd50ed66241f56d70764817d1b4befac4a8672869cd93f18c14e"}
tx 77/100: nonce=0x9ad to=0x100000000000000000000000000000000000004e response={"jsonrpc":"2.0","id":78,"result":"0x6148ffe2e05cf9dc8cac4896c928ba21870adab9f59077991e98ad2c9a74d1c8"}
tx 78/100: nonce=0x9ae to=0x100000000000000000000000000000000000004f response={"jsonrpc":"2.0","id":79,"result":"0xbf0103a7cc38eb9edd44fa9c22c03bb29ebdf61b0a46ac179cc731a9c5d1330f"}
tx 79/100: nonce=0x9af to=0x1000000000000000000000000000000000000050 response={"jsonrpc":"2.0","id":80,"result":"0x555112730de0445232e7ec962763e750f4851695b4f6fd42a5386a9950315d0f"}
tx 80/100: nonce=0x9b0 to=0x1000000000000000000000000000000000000051 response={"jsonrpc":"2.0","id":81,"result":"0x679106592e2627e15a4772cd68468952f526a5bc637fef6ba780c3d189e7565f"}
tx 81/100: nonce=0x9b1 to=0x1000000000000000000000000000000000000052 response={"jsonrpc":"2.0","id":82,"result":"0x28857fef178a4d1f493d328356843789b54fcb0f7ce8a10d64021a22be9c897c"}
tx 82/100: nonce=0x9b2 to=0x1000000000000000000000000000000000000053 response={"jsonrpc":"2.0","id":83,"result":"0x67b093d06ebb90346f7fc6da3448f4b876f7834ff02b1cabb4b75d7dd266cbfc"}
tx 83/100: nonce=0x9b3 to=0x1000000000000000000000000000000000000054 response={"jsonrpc":"2.0","id":84,"result":"0xdee30fcad463394d694e6671649707ae9d265edd4d6380f468e944cc6a059013"}
tx 84/100: nonce=0x9b4 to=0x1000000000000000000000000000000000000055 response={"jsonrpc":"2.0","id":85,"result":"0x42f173ea7ebc61634a2363cc7aa458c70b61d0979fac14539aeef16b958b9712"}
tx 85/100: nonce=0x9b5 to=0x1000000000000000000000000000000000000056 response={"jsonrpc":"2.0","id":86,"result":"0xd2de3a210ced51b4351435827f70599dc2dd79865c5857f6b37b6a74df40f1b0"}
tx 86/100: nonce=0x9b6 to=0x1000000000000000000000000000000000000057 response={"jsonrpc":"2.0","id":87,"result":"0x44c26fd1bd97a9b2443626ebe537ff400c41b5d9de5ca87be165c7d1599d60d0"}
tx 87/100: nonce=0x9b7 to=0x1000000000000000000000000000000000000058 response={"jsonrpc":"2.0","id":88,"result":"0x01fa966b858a02931cc0d48a20f78974195da79d62e46d06566382ee59d12d4d"}
tx 88/100: nonce=0x9b8 to=0x1000000000000000000000000000000000000059 response={"jsonrpc":"2.0","id":89,"result":"0x54331f6f33f133af3fe5618b057e32e488bb184442045bb6af657192ba91fbf6"}
tx 89/100: nonce=0x9b9 to=0x100000000000000000000000000000000000005a response={"jsonrpc":"2.0","id":90,"result":"0x409f5df139e17ac676a212e98986c937622eb9626554115d2198b6788bdf8734"}
tx 90/100: nonce=0x9ba to=0x100000000000000000000000000000000000005b response={"jsonrpc":"2.0","id":91,"result":"0x714f1512cc31f9301cfa7cbffb2dd433afb47a48d2e21ae7f5f5a4e7e8c974c0"}
tx 91/100: nonce=0x9bb to=0x100000000000000000000000000000000000005c response={"jsonrpc":"2.0","id":92,"result":"0x90f6cbdd138b78a37cdc4979010b8ac901ab74bb137f7e4d318ea005fc91f98f"}
tx 92/100: nonce=0x9bc to=0x100000000000000000000000000000000000005d response={"jsonrpc":"2.0","id":93,"result":"0x1f84deabd5e186a54bb6da9b92a72dcde2c6d78baf47fa6b64d9c57d0a3c397c"}
tx 93/100: nonce=0x9bd to=0x100000000000000000000000000000000000005e response={"jsonrpc":"2.0","id":94,"result":"0xf0d29a4f1c6f11114c4c99e6e2d9c7b67250f53e5adc098e73740c9d6d61f4ed"}
tx 94/100: nonce=0x9be to=0x100000000000000000000000000000000000005f response={"jsonrpc":"2.0","id":95,"result":"0x71acd5a09a069019eedd784ff2c2209d7a26b7135da969219ce5f39d4d6d6387"}
tx 95/100: nonce=0x9bf to=0x1000000000000000000000000000000000000060 response={"jsonrpc":"2.0","id":96,"result":"0x09cb8b9645ffe4f9bb90330a54ac8e6059147c7b79e6d5151762752831beb29b"}
tx 96/100: nonce=0x9c0 to=0x1000000000000000000000000000000000000061 response={"jsonrpc":"2.0","id":97,"result":"0x4b0daab8799660b04c169951c008a28c97759cfac789de9fe3e53dc15d671874"}
tx 97/100: nonce=0x9c1 to=0x1000000000000000000000000000000000000062 response={"jsonrpc":"2.0","id":98,"result":"0xbdf7f77339709527903b2bd9bba7a46c2ddbada7a7a081b6a83290141578a89a"}
tx 98/100: nonce=0x9c2 to=0x1000000000000000000000000000000000000063 response={"jsonrpc":"2.0","id":99,"result":"0xfc764dd18b722d9ca71fdb1bc1132c387a1742f1849d7a008be636a8003fdc80"}
tx 99/100: nonce=0x9c3 to=0x1000000000000000000000000000000000000064 response={"jsonrpc":"2.0","id":100,"result":"0xa32df41d98cde1d82aae237347816bf16640737d96d4d19c6ba32291b0a7ed40"}
Done. Check pending txs with:
curl -s -H 'Content-Type: application/json' --data '{"jsonrpc":"2.0","method":"txpool_status","params":[],"id":1}' http://127.0.0.1:8545
Sending 100 txs from 0x92424e4f86201c931ba53eb48619d93244c18e13 via http://127.0.0.1:8545, base_nonce=2500, to_mode=sequential
tx 0/100: nonce=0x9c4 to=0x1000000000000000000000000000000000000001 response={"jsonrpc":"2.0","id":1,"result":"0x210e7201624e84aa0eed7a753f11ed282b32a743272ef2a7384b0b8557e25d72"}
tx 1/100: nonce=0x9c5 to=0x1000000000000000000000000000000000000002 response={"jsonrpc":"2.0","id":2,"result":"0x46718b3fdeebed2b3ec61af4dbef812d890d81fb74c06909e54ed39c732645f0"}
tx 2/100: nonce=0x9c6 to=0x1000000000000000000000000000000000000003 response={"jsonrpc":"2.0","id":3,"result":"0x93a29cecbaa8c743a999ce503dcdaf69ffd0274eb5b837637c7402239b7bd54d"}
tx 3/100: nonce=0x9c7 to=0x1000000000000000000000000000000000000004 response={"jsonrpc":"2.0","id":4,"result":"0x17087cd3cf438a3ba64f6887871b9c9ed6594390e59b019f0081d6c7e8e3a790"}
tx 4/100: nonce=0x9c8 to=0x1000000000000000000000000000000000000005 response={"jsonrpc":"2.0","id":5,"result":"0x0a5a1309353d65d9668fecb282859a3cea06ad8785ce6433c77e4cc8c987f1ce"}
tx 5/100: nonce=0x9c9 to=0x1000000000000000000000000000000000000006 response={"jsonrpc":"2.0","id":6,"result":"0x0d6c008d76eddbfa4b0acdd3fb5a8171d26b4250c85411ba6fdf9991ea8422a8"}
tx 6/100: nonce=0x9ca to=0x1000000000000000000000000000000000000007 response={"jsonrpc":"2.0","id":7,"result":"0xac61f0ba7dc583838140f006ed498e75f4ad6ccf3979d0d21d68f79f65d8f14b"}
tx 7/100: nonce=0x9cb to=0x1000000000000000000000000000000000000008 response={"jsonrpc":"2.0","id":8,"result":"0xdf85d57b2c87d3ac101598355b70e60b24cc59208b78263701b46934cb3065d8"}
tx 8/100: nonce=0x9cc to=0x1000000000000000000000000000000000000009 response={"jsonrpc":"2.0","id":9,"result":"0x8e812b4cd3540c386d07cfb7e39c14115523b1d04c3a805110dd5a9e8587dfca"}
tx 9/100: nonce=0x9cd to=0x100000000000000000000000000000000000000a response={"jsonrpc":"2.0","id":10,"result":"0x3920e165b92caeb1f45aba2af4a9724a1584ead5bed19e1eebf6485bf08744f9"}
tx 10/100: nonce=0x9ce to=0x100000000000000000000000000000000000000b response={"jsonrpc":"2.0","id":11,"result":"0x9aadc714dbd834a3e28bba970dd9e59a59dce5f92de30ccb6fe5655adc3430ea"}
tx 11/100: nonce=0x9cf to=0x100000000000000000000000000000000000000c response={"jsonrpc":"2.0","id":12,"result":"0x12bbc1ff70a1a79bde5facf09af56e40a2cd9c1ef5cec10a5c4dcbc1918c9ce7"}
tx 12/100: nonce=0x9d0 to=0x100000000000000000000000000000000000000d response={"jsonrpc":"2.0","id":13,"result":"0xdfa6de13eb9bfcccabd7db32da20e4e576bfef698b1b470223357d28d7107831"}
tx 13/100: nonce=0x9d1 to=0x100000000000000000000000000000000000000e response={"jsonrpc":"2.0","id":14,"result":"0x53d5109a042e5e93000b0e9dfc25ef7aa417c027f80a4fd3e3247390369920ad"}
tx 14/100: nonce=0x9d2 to=0x100000000000000000000000000000000000000f response={"jsonrpc":"2.0","id":15,"result":"0x0349423690dc04ec7d180109343e8f0bd9585618071959f2bf60929002a87b60"}
tx 15/100: nonce=0x9d3 to=0x1000000000000000000000000000000000000010 response={"jsonrpc":"2.0","id":16,"result":"0xc8550ada1214da0094c550b729f1b057ebb4c43058fc588981274ca22ca54ee1"}
tx 16/100: nonce=0x9d4 to=0x1000000000000000000000000000000000000011 response={"jsonrpc":"2.0","id":17,"result":"0x04c2fce6c9ecf8233bc404b78dbbd1eb7cf306ec9643933ea89ea4f4ef9d98b6"}
tx 17/100: nonce=0x9d5 to=0x1000000000000000000000000000000000000012 response={"jsonrpc":"2.0","id":18,"result":"0xa77387002967f55ee31fc6f85167620787d3c471c1b11d5b6e6a5363adedd25c"}
tx 18/100: nonce=0x9d6 to=0x1000000000000000000000000000000000000013 response={"jsonrpc":"2.0","id":19,"result":"0x301ecb640764c0fa9efcdfbcb941a77539a29bcb0ce6580cdf20fde141bad68a"}
tx 19/100: nonce=0x9d7 to=0x1000000000000000000000000000000000000014 response={"jsonrpc":"2.0","id":20,"result":"0x22729c1faa81e5139e9560b20f8ed937f9ddef41caa093be2bfe797b293508f2"}
tx 20/100: nonce=0x9d8 to=0x1000000000000000000000000000000000000015 response={"jsonrpc":"2.0","id":21,"result":"0xb2d4b0bc5e35c8438f8fbb6d0b7ac4256ce9fa3b4154e38dc09d95375d9754b3"}
tx 21/100: nonce=0x9d9 to=0x1000000000000000000000000000000000000016 response={"jsonrpc":"2.0","id":22,"result":"0x41ff6a26519fc640c5380945cac0f3f391d6d8fb26d0a4ca04a84cdc1560a9cf"}
tx 22/100: nonce=0x9da to=0x1000000000000000000000000000000000000017 response={"jsonrpc":"2.0","id":23,"result":"0xefeb025fc2f0bee8323c6423d632ba15db2909ac3c989f33fe46647d3d480319"}
tx 23/100: nonce=0x9db to=0x1000000000000000000000000000000000000018 response={"jsonrpc":"2.0","id":24,"result":"0x0f8e998bc01151a8b3ac9ebb78035725ab7cf93eb6d81b32fa7f71fbe5b663b9"}
tx 24/100: nonce=0x9dc to=0x1000000000000000000000000000000000000019 response={"jsonrpc":"2.0","id":25,"result":"0xc9246e125897877367e3acda3127d44107d17713b75d4807adee696ea3008094"}
tx 25/100: nonce=0x9dd to=0x100000000000000000000000000000000000001a response={"jsonrpc":"2.0","id":26,"result":"0xfc03ed2d5fe06745d297ed32fb2284d5a2de989d30904ae33b85b5b914a5bdb9"}
tx 26/100: nonce=0x9de to=0x100000000000000000000000000000000000001b response={"jsonrpc":"2.0","id":27,"result":"0x03666299a4033bf00161060136bdde35c07337dd2f28c022d6002bfd3d45a278"}
tx 27/100: nonce=0x9df to=0x100000000000000000000000000000000000001c response={"jsonrpc":"2.0","id":28,"result":"0x1186f52afddc6a7603e1f59532c8b24ed808ea0a6de6585415395b84605f5b19"}
tx 28/100: nonce=0x9e0 to=0x100000000000000000000000000000000000001d response={"jsonrpc":"2.0","id":29,"result":"0x0cb28e369c97436b7774767202bbce2066c46e733a097938d83f55fca2061e32"}
tx 29/100: nonce=0x9e1 to=0x100000000000000000000000000000000000001e response={"jsonrpc":"2.0","id":30,"result":"0x22237a11ed5b73f3ae272e15b70c4be55a93136604455832d0a8420409f00e42"}
tx 30/100: nonce=0x9e2 to=0x100000000000000000000000000000000000001f response={"jsonrpc":"2.0","id":31,"result":"0x68929fca8a16882af535424f6d9bbf352f0f42bb1f5ccedd2d0feb6d448d4c3f"}
tx 31/100: nonce=0x9e3 to=0x1000000000000000000000000000000000000020 response={"jsonrpc":"2.0","id":32,"result":"0x1645f7ad443b980fc03bbdd0f4204c40ff35771d491ca90b13ed8686e35dc51a"}
tx 32/100: nonce=0x9e4 to=0x1000000000000000000000000000000000000021 response={"jsonrpc":"2.0","id":33,"result":"0x4766cc00a168b3ba34fc997d99e0015741a87ca7e99cfe166946e71e4d1c0f01"}
tx 33/100: nonce=0x9e5 to=0x1000000000000000000000000000000000000022 response={"jsonrpc":"2.0","id":34,"result":"0x076d5f6e73a56ed0eee45a55ad8172679390b2952eb5cbfd6265ebd13621d530"}
tx 34/100: nonce=0x9e6 to=0x1000000000000000000000000000000000000023 response={"jsonrpc":"2.0","id":35,"result":"0x7d97270a355e0fd09abe82af8fac222803b00e392eed8d96cb877a765c774c93"}
tx 35/100: nonce=0x9e7 to=0x1000000000000000000000000000000000000024 response={"jsonrpc":"2.0","id":36,"result":"0x37fc61e7588a551ad31efcaf8e906fa90c5e4d72775eb9764b6901e03b306b83"}
tx 36/100: nonce=0x9e8 to=0x1000000000000000000000000000000000000025 response={"jsonrpc":"2.0","id":37,"result":"0xe6b096815169189983f0543de3a2f725aab45d9f45a2fa7772e05f633622dcc2"}
tx 37/100: nonce=0x9e9 to=0x1000000000000000000000000000000000000026 response={"jsonrpc":"2.0","id":38,"result":"0x61f8da51d6276053ca7729929438ec574e9495b6e2706522f91e444057a78dfd"}
tx 38/100: nonce=0x9ea to=0x1000000000000000000000000000000000000027 response={"jsonrpc":"2.0","id":39,"result":"0xdb9ce9b7d85c6c5e0329e685ce7f089c40c67708d3ad210925941c1a7ea84755"}
tx 39/100: nonce=0x9eb to=0x1000000000000000000000000000000000000028 response={"jsonrpc":"2.0","id":40,"result":"0x79d7bde2a4845b3175d24fe5671eac49dbd569a6575580a947a7bd0a0421b782"}
tx 40/100: nonce=0x9ec to=0x1000000000000000000000000000000000000029 response={"jsonrpc":"2.0","id":41,"result":"0x549253ddf58e3fce9f9910c1fe209cb99dcee91397205db783c0eed23c89cf8a"}
tx 41/100: nonce=0x9ed to=0x100000000000000000000000000000000000002a response={"jsonrpc":"2.0","id":42,"result":"0xf521aab40518edbb17e77f9d5eecdd4b4432895f8b6ecab007dbe7b94d21bbda"}
tx 42/100: nonce=0x9ee to=0x100000000000000000000000000000000000002b response={"jsonrpc":"2.0","id":43,"result":"0x53b45cdc75f8740f786e7c3ec5af71e5375a776acc3ceeb485970bd3a561f22c"}
tx 43/100: nonce=0x9ef to=0x100000000000000000000000000000000000002c response={"jsonrpc":"2.0","id":44,"result":"0xeefcbb6f629c6cf789a785a10f4d4841d3431958d2087d9a22aa0629af313851"}
tx 44/100: nonce=0x9f0 to=0x100000000000000000000000000000000000002d response={"jsonrpc":"2.0","id":45,"result":"0x6e7f7c4139189e23e58b0621fd973d3269fad8bdd0353a675fcb26e5aa004eeb"}
tx 45/100: nonce=0x9f1 to=0x100000000000000000000000000000000000002e response={"jsonrpc":"2.0","id":46,"result":"0x0fd73fdd2c0f622a720907124afa70de34ad1c5462f8f8358381f48ca882c800"}
tx 46/100: nonce=0x9f2 to=0x100000000000000000000000000000000000002f response={"jsonrpc":"2.0","id":47,"result":"0xf96275515a759c70d0d9fe961a9f8ddafbc095e2a800986a9585e12c7ee8a846"}
tx 47/100: nonce=0x9f3 to=0x1000000000000000000000000000000000000030 response={"jsonrpc":"2.0","id":48,"result":"0x9c3f7d89ee4db2dcb606f684c7018977473567353945fe1c2a06b86b2cb78bac"}
tx 48/100: nonce=0x9f4 to=0x1000000000000000000000000000000000000031 response={"jsonrpc":"2.0","id":49,"result":"0xf81e1fba384e6046569fedea11061e3d9d261094014da71270c6e61cc8f2f31b"}
tx 49/100: nonce=0x9f5 to=0x1000000000000000000000000000000000000032 response={"jsonrpc":"2.0","id":50,"result":"0x5225ea1070a278752addfa95ea2ad2938d1f1832365ff60aa8e8069dd5f879d0"}
tx 50/100: nonce=0x9f6 to=0x1000000000000000000000000000000000000033 response={"jsonrpc":"2.0","id":51,"result":"0x137340cf107f1018462e0a53d87a0c8b3836c0d4848d28d23c1df26617d5cfa5"}
tx 51/100: nonce=0x9f7 to=0x1000000000000000000000000000000000000034 response={"jsonrpc":"2.0","id":52,"result":"0xa4d34607393e51df194249c968cc2dbca0282f4db827fc62b80aade51558e87c"}
tx 52/100: nonce=0x9f8 to=0x1000000000000000000000000000000000000035 response={"jsonrpc":"2.0","id":53,"result":"0x6a21a1e8c35fb2a398a12d55e2a94f54e297d25bc8463175bb166ef8c4a5eb9f"}
tx 53/100: nonce=0x9f9 to=0x1000000000000000000000000000000000000036 response={"jsonrpc":"2.0","id":54,"result":"0xd802ff052a96732122738a35fd4ae7e534287b0cca3e04ddf13fbdd0b50f059b"}
tx 54/100: nonce=0x9fa to=0x1000000000000000000000000000000000000037 response={"jsonrpc":"2.0","id":55,"result":"0x88a7c418fc69dc9538fa4bdb1bab8267cbadc6b17580d9f234ceb217e5775385"}
tx 55/100: nonce=0x9fb to=0x1000000000000000000000000000000000000038 response={"jsonrpc":"2.0","id":56,"result":"0x7e80259e91660453fc21a3c9f03129cad35b04a73d49ff12542da34fdf88d590"}
tx 56/100: nonce=0x9fc to=0x1000000000000000000000000000000000000039 response={"jsonrpc":"2.0","id":57,"result":"0xea65c153002723a10e226b9e36b2c63f310534950000555b2787d238904e86bc"}
tx 57/100: nonce=0x9fd to=0x100000000000000000000000000000000000003a response={"jsonrpc":"2.0","id":58,"result":"0x082f66b24c19f20814b31fbbb13f43656dbca704e865553bf4eb2482473556f1"}
tx 58/100: nonce=0x9fe to=0x100000000000000000000000000000000000003b response={"jsonrpc":"2.0","id":59,"result":"0xd0c273a4648ab16e7aec7df3f37aa6b7a4aa054e69765eecf71c7073903a8fb6"}
tx 59/100: nonce=0x9ff to=0x100000000000000000000000000000000000003c response={"jsonrpc":"2.0","id":60,"result":"0xce1b20a00da1b344af21526f198a9ccdee3d0add5c23e4dd0e609d11493460fb"}
tx 60/100: nonce=0xa00 to=0x100000000000000000000000000000000000003d response={"jsonrpc":"2.0","id":61,"result":"0x3611a7912587fc0165ec27fe035c036dd6181603c218701a7eb61535be5a5944"}
tx 61/100: nonce=0xa01 to=0x100000000000000000000000000000000000003e response={"jsonrpc":"2.0","id":62,"result":"0x5311a33136da85609f19f1adf202112833a756eadfb3470688206002d68c014e"}
tx 62/100: nonce=0xa02 to=0x100000000000000000000000000000000000003f response={"jsonrpc":"2.0","id":63,"result":"0xfb146ca898b9ca9bff1ec72d5b19361fbc1fcd3de52a9b8314666167f8cf5c08"}
tx 63/100: nonce=0xa03 to=0x1000000000000000000000000000000000000040 response={"jsonrpc":"2.0","id":64,"result":"0x4f5bc1597ebf7ab20c1c11e8ea41461687f3ed059f1c31dfb77473020d1739de"}
tx 64/100: nonce=0xa04 to=0x1000000000000000000000000000000000000041 response={"jsonrpc":"2.0","id":65,"result":"0x9fd3e74fc20937aeac25ff839e347b208e33422fbc8245dcb09d6c6a01c0dfe0"}
tx 65/100: nonce=0xa05 to=0x1000000000000000000000000000000000000042 response={"jsonrpc":"2.0","id":66,"result":"0x84fe54844dd39bbe68ed12e79a7dd8b6c9bae70ea1a354c4f5a202d521f59937"}
tx 66/100: nonce=0xa06 to=0x1000000000000000000000000000000000000043 response={"jsonrpc":"2.0","id":67,"result":"0x5537704d2813ff4e145bbe462a546d2b4268e6e0a84ad5cb35a98e259a756724"}
tx 67/100: nonce=0xa07 to=0x1000000000000000000000000000000000000044 response={"jsonrpc":"2.0","id":68,"result":"0xd1f21d5c19ca4f6221c87e8135689736fee66b90cbc5c949bfaf1be5cf6af8fd"}
tx 68/100: nonce=0xa08 to=0x1000000000000000000000000000000000000045 response={"jsonrpc":"2.0","id":69,"result":"0x4fc5c6dc9226eaa8db4068aad651c74d348e3ba7a32dc662e9f102e35f1d90be"}
tx 69/100: nonce=0xa09 to=0x1000000000000000000000000000000000000046 response={"jsonrpc":"2.0","id":70,"result":"0x9eba73e03e900f49d70018df10ad3a521817cf1b96bd83c2e09ab9c32a00f813"}
tx 70/100: nonce=0xa0a to=0x1000000000000000000000000000000000000047 response={"jsonrpc":"2.0","id":71,"result":"0xf78d117fb72b6aa7ffa722e81c2c14f73732cc72c425d84c50d3b50162c70bc7"}
tx 71/100: nonce=0xa0b to=0x1000000000000000000000000000000000000048 response={"jsonrpc":"2.0","id":72,"result":"0xd5996808ea197cfee3f31958f4b5b67c3458c292b9e219c71d4b18dda5a8476b"}
tx 72/100: nonce=0xa0c to=0x1000000000000000000000000000000000000049 response={"jsonrpc":"2.0","id":73,"result":"0x9227ce2e4a168d189b6a90d415665a0e17601d79c553803f4ec7c85f06dbbd09"}
tx 73/100: nonce=0xa0d to=0x100000000000000000000000000000000000004a response={"jsonrpc":"2.0","id":74,"result":"0xa4199b290253dbab0e02da265a5faf5070e736862206ae551327c5e7f7241c9b"}
tx 74/100: nonce=0xa0e to=0x100000000000000000000000000000000000004b response={"jsonrpc":"2.0","id":75,"result":"0x588de4ed80c96112fee3a3d1412eccdd3739146cd20b39f3961bf979363f1851"}
tx 75/100: nonce=0xa0f to=0x100000000000000000000000000000000000004c response={"jsonrpc":"2.0","id":76,"result":"0x6c7541fcbdde0bb0e5f2e5c7e90723c1fb156a3c2bf52feb57af1bb6d51f9de9"}
tx 76/100: nonce=0xa10 to=0x100000000000000000000000000000000000004d response={"jsonrpc":"2.0","id":77,"result":"0x974294d173f7dea654b9cc823c8296c4610ecc4ded965d05b5a85dde581ccdfd"}
tx 77/100: nonce=0xa11 to=0x100000000000000000000000000000000000004e response={"jsonrpc":"2.0","id":78,"result":"0xbccffb7f6cd5a3cf7fef76e3fc95fca6b05bedf19e963a3383a29ee80400fa2f"}
tx 78/100: nonce=0xa12 to=0x100000000000000000000000000000000000004f response={"jsonrpc":"2.0","id":79,"result":"0xcfcd99f387aa5333b916c3aecb10ae95506282cb04bd29a6b600ed3ea44fff2f"}
tx 79/100: nonce=0xa13 to=0x1000000000000000000000000000000000000050 response={"jsonrpc":"2.0","id":80,"result":"0x6b0508c31faf3cd05968627a9af0c1209d1592ee76f4a937314a30cad0313a80"}
tx 80/100: nonce=0xa14 to=0x1000000000000000000000000000000000000051 response={"jsonrpc":"2.0","id":81,"result":"0x6cfb4e753c43871b6ca523cd8395762ec6e9e812615bfb2b9ccaae71c483ff63"}
tx 81/100: nonce=0xa15 to=0x1000000000000000000000000000000000000052 response={"jsonrpc":"2.0","id":82,"result":"0xd1335d201777029b437674f07bd435a633dd22fd7026fa8f8b19a66b327453a9"}
tx 82/100: nonce=0xa16 to=0x1000000000000000000000000000000000000053 response={"jsonrpc":"2.0","id":83,"result":"0x5ca0a8861fb37724bc76f68f3f7e22230cd4e181119f1107c4526f3c2482e7cf"}
tx 83/100: nonce=0xa17 to=0x1000000000000000000000000000000000000054 response={"jsonrpc":"2.0","id":84,"result":"0x00dfc4ea76a2891b76e0ff5fae18964dc0532e29bdf8bb5b2a80196eadb6e976"}
tx 84/100: nonce=0xa18 to=0x1000000000000000000000000000000000000055 response={"jsonrpc":"2.0","id":85,"result":"0x30b2d75bb4432d1e8aa4928fd2097ebe68e243c7f99a286174a3e875bb80995d"}
tx 85/100: nonce=0xa19 to=0x1000000000000000000000000000000000000056 response={"jsonrpc":"2.0","id":86,"result":"0x4f747c0930ae61d5cf0c82ec2f02eb2a97b88567bce3963ff1caeb790ee3e58c"}
tx 86/100: nonce=0xa1a to=0x1000000000000000000000000000000000000057 response={"jsonrpc":"2.0","id":87,"result":"0x957312f28aa2d616595a59ab0b04b21f86215a5faecdb7099bf5defe1ed3d4da"}
tx 87/100: nonce=0xa1b to=0x1000000000000000000000000000000000000058 response={"jsonrpc":"2.0","id":88,"result":"0x4297ed9248660211c5ee8f0e131dee2275a60d399ba676f3cb0b15618e6eeabf"}
tx 88/100: nonce=0xa1c to=0x1000000000000000000000000000000000000059 response={"jsonrpc":"2.0","id":89,"result":"0xf47e06d31f17e2b125c58e1435e83e02071f41a554ebbce89dc79ea3f15ac32c"}
tx 89/100: nonce=0xa1d to=0x100000000000000000000000000000000000005a response={"jsonrpc":"2.0","id":90,"result":"0x03d39a047c56b09d6748449c0d79f8fe29962742d8a0d1ae72dd72dca45818c3"}
tx 90/100: nonce=0xa1e to=0x100000000000000000000000000000000000005b response={"jsonrpc":"2.0","id":91,"result":"0xba745a51a33ff50f0977d89cfa8ff53700f185ca034ccd646d9c1b81c08e7446"}
tx 91/100: nonce=0xa1f to=0x100000000000000000000000000000000000005c response={"jsonrpc":"2.0","id":92,"result":"0x0c754b9f3f43d2177c23f5b343841e3368f7d1cc2854908a1f726a1cb08dd34a"}
tx 92/100: nonce=0xa20 to=0x100000000000000000000000000000000000005d response={"jsonrpc":"2.0","id":93,"result":"0xfe4b6864f513f63c5df192acf9d77e8d4adccdbc6b6e0a75989145493325cac5"}
tx 93/100: nonce=0xa21 to=0x100000000000000000000000000000000000005e response={"jsonrpc":"2.0","id":94,"result":"0x6df816c8eba55ec2efea628d10f7c75f0b39a390b8cfdc3e60579366d79f7b21"}
tx 94/100: nonce=0xa22 to=0x100000000000000000000000000000000000005f response={"jsonrpc":"2.0","id":95,"result":"0xa7afe3f33a7c71e6941ccf9f7c860c3f79d19f7cbc0c91d97aa1bc5a524764e4"}
tx 95/100: nonce=0xa23 to=0x1000000000000000000000000000000000000060 response={"jsonrpc":"2.0","id":96,"result":"0x4112753021a006fe4c8eec73ae0decffe70fdacb213dc6d12c7ff3356a096c2c"}
tx 96/100: nonce=0xa24 to=0x1000000000000000000000000000000000000061 response={"jsonrpc":"2.0","id":97,"result":"0x5184d6cb05a1531f15f52e77f0bf2f5176034ee6766d60e852da36f8312f0687"}
tx 97/100: nonce=0xa25 to=0x1000000000000000000000000000000000000062 response={"jsonrpc":"2.0","id":98,"result":"0x5e874c697a73a407bf726e7884fe5f4c4aca9861f7bae523f1bce08758d2b0ca"}
tx 98/100: nonce=0xa26 to=0x1000000000000000000000000000000000000063 response={"jsonrpc":"2.0","id":99,"result":"0x17891fa6810e8e510bbef2c6057507deeeb11aaaf46a839c50ef47ec00d24d88"}
tx 99/100: nonce=0xa27 to=0x1000000000000000000000000000000000000064 response={"jsonrpc":"2.0","id":100,"result":"0xfa0486b4edcbed6827e8f19ebf2524d540a853f219c6ffeb657ee0a06cddcd89"}
Done. Check pending txs with:
curl -s -H 'Content-Type: application/json' --data '{"jsonrpc":"2.0","method":"txpool_status","params":[],"id":1}' http://127.0.0.1:8545
Sending 100 txs from 0x92424e4f86201c931ba53eb48619d93244c18e13 via http://127.0.0.1:8545, base_nonce=2600, to_mode=sequential
tx 0/100: nonce=0xa28 to=0x1000000000000000000000000000000000000001 response={"jsonrpc":"2.0","id":1,"result":"0xf3ec207db78a47fc10cfb0c18e5e8be8ea689b01f6e4f98967e5d2f091cc661a"}
tx 1/100: nonce=0xa29 to=0x1000000000000000000000000000000000000002 response={"jsonrpc":"2.0","id":2,"result":"0xf50f8db69507f677accd02b66256748b14c811e686780b6f20f56b65b400276a"}
tx 2/100: nonce=0xa2a to=0x1000000000000000000000000000000000000003 response={"jsonrpc":"2.0","id":3,"result":"0x6742f86a8594445dc7c8faa2afd88a71fe3d2e779a76238b43802a596e6566b3"}
tx 3/100: nonce=0xa2b to=0x1000000000000000000000000000000000000004 response={"jsonrpc":"2.0","id":4,"result":"0x3910881b4a3d9f253194a5b4384a191e2d47cdc36b78c67ae0f1ee10ee491896"}
tx 4/100: nonce=0xa2c to=0x1000000000000000000000000000000000000005 response={"jsonrpc":"2.0","id":5,"result":"0xe72c51c63c6564056685b7f553b30758fee1d07c98bcd00bc9348a3c88c31cde"}
tx 5/100: nonce=0xa2d to=0x1000000000000000000000000000000000000006 response={"jsonrpc":"2.0","id":6,"result":"0xa33df1617d243fcc0e98882ac1cd6951223eb79c8984cde71dd428b9078f3802"}
tx 6/100: nonce=0xa2e to=0x1000000000000000000000000000000000000007 response={"jsonrpc":"2.0","id":7,"result":"0x028ee48f226bfa5d822b0fe0a76ca8fd9b63bebf665a7cbb2af5ffa646a36b3c"}
tx 7/100: nonce=0xa2f to=0x1000000000000000000000000000000000000008 response={"jsonrpc":"2.0","id":8,"result":"0xd28fbe9f4fbb49fcdcdc8f03dc8c22222b9e0fce1cd9225d017ac133d044850e"}
tx 8/100: nonce=0xa30 to=0x1000000000000000000000000000000000000009 response={"jsonrpc":"2.0","id":9,"result":"0xf3de4f491d4f412e517cfb8f7b010540674ab8665c76555844e506306de0d072"}
tx 9/100: nonce=0xa31 to=0x100000000000000000000000000000000000000a response={"jsonrpc":"2.0","id":10,"result":"0xefd5c8b16581b68fc112c3bf2932d9aa259a18650584611718ca8f18cfa0ff64"}
tx 10/100: nonce=0xa32 to=0x100000000000000000000000000000000000000b response={"jsonrpc":"2.0","id":11,"result":"0x449f3e5d2ca9da7365078e8d986eba608420419412174dfc3a25cfe11e84addd"}
tx 11/100: nonce=0xa33 to=0x100000000000000000000000000000000000000c response={"jsonrpc":"2.0","id":12,"result":"0x58c74ad021d2e760e91116fc347d208bbe13d8eab18999f8299f5f511d655c8c"}
tx 12/100: nonce=0xa34 to=0x100000000000000000000000000000000000000d response={"jsonrpc":"2.0","id":13,"result":"0xce90505676e1adce4bed82900b4852d50f01ebb3295c381a5ed29298941a9e3b"}
tx 13/100: nonce=0xa35 to=0x100000000000000000000000000000000000000e response={"jsonrpc":"2.0","id":14,"result":"0xb121765243d6782ebf0c86c2946366c9f78080ee705b2018a2b5855a4c5f3ed5"}
tx 14/100: nonce=0xa36 to=0x100000000000000000000000000000000000000f response={"jsonrpc":"2.0","id":15,"result":"0x0e02608708eda955b032dcd78966ed59cda800f85f4af75c9812260d717c918a"}
tx 15/100: nonce=0xa37 to=0x1000000000000000000000000000000000000010 response={"jsonrpc":"2.0","id":16,"result":"0x47cf7ee895d5f3d50a09fe15d51e6df0d9d4e7bc33a2086b7eeb6edd498d9dbb"}
tx 16/100: nonce=0xa38 to=0x1000000000000000000000000000000000000011 response={"jsonrpc":"2.0","id":17,"result":"0x6de66cc5b64284588a092caa2bba9b599ded71c021d8ff5036debe5fb6081c10"}
tx 17/100: nonce=0xa39 to=0x1000000000000000000000000000000000000012 response={"jsonrpc":"2.0","id":18,"result":"0xf428c54088a4b5ace30f8436edb05425c9ef21552d54b3f413468b8369d6c39a"}
tx 18/100: nonce=0xa3a to=0x1000000000000000000000000000000000000013 response={"jsonrpc":"2.0","id":19,"result":"0x0c5fcfd5f116e6fa7f84ddb3a73afe4b7148fbb272777fb5eabafecb575bf851"}
tx 19/100: nonce=0xa3b to=0x1000000000000000000000000000000000000014 response={"jsonrpc":"2.0","id":20,"result":"0x31fab826c2e7157775ff6fd0ba8f65e94267396ad762a6204aff2ffa13e494a7"}
tx 20/100: nonce=0xa3c to=0x1000000000000000000000000000000000000015 response={"jsonrpc":"2.0","id":21,"result":"0xc04c7c5793221a8adcffa9db39160f9913defec4cb9c2d689be95821baf551e7"}
tx 21/100: nonce=0xa3d to=0x1000000000000000000000000000000000000016 response={"jsonrpc":"2.0","id":22,"result":"0x42aba1382e31beb75d9c4b52db1cb1c6de740cfb622d2aedf46f7d04c4355a27"}
tx 22/100: nonce=0xa3e to=0x1000000000000000000000000000000000000017 response={"jsonrpc":"2.0","id":23,"result":"0xb9664b4bcb01efd763d0110c285bd67b5ed55a687e346d7581da4e3bfaa3a98c"}
tx 23/100: nonce=0xa3f to=0x1000000000000000000000000000000000000018 response={"jsonrpc":"2.0","id":24,"result":"0x2ab244388535a9b4f39b02fe7ae601df401bb5c834ac780c3a69d23160611dd1"}
tx 24/100: nonce=0xa40 to=0x1000000000000000000000000000000000000019 response={"jsonrpc":"2.0","id":25,"result":"0xadc38b2c962d2cb51bd7c442d7770a178c9c74fda12ab1a8971bb5d44a71a50a"}
tx 25/100: nonce=0xa41 to=0x100000000000000000000000000000000000001a response={"jsonrpc":"2.0","id":26,"result":"0x57368041b4b6bd0d22c63b4ba57d69335d5ae1bb61a3311cd84ecb3e957ce6ad"}
tx 26/100: nonce=0xa42 to=0x100000000000000000000000000000000000001b response={"jsonrpc":"2.0","id":27,"result":"0x5d863a4dbd51b7b9a8c6ca55f09dde9d39cf71b2203179a86f8914dde9e156d7"}
tx 27/100: nonce=0xa43 to=0x100000000000000000000000000000000000001c response={"jsonrpc":"2.0","id":28,"result":"0xe6baadba4cdc1d98f1a8040553df04b9b7eea528fbc132dd956dca1c19efe4d8"}
tx 28/100: nonce=0xa44 to=0x100000000000000000000000000000000000001d response={"jsonrpc":"2.0","id":29,"result":"0x50928ed1b2a02094575815d3cbce914a6c5c681f1518f492d5871ed2322e5156"}
tx 29/100: nonce=0xa45 to=0x100000000000000000000000000000000000001e response={"jsonrpc":"2.0","id":30,"result":"0x37326c4914ff635842365e69de8bcf871ba2d13f7d8086477b3542614c7f0af7"}
tx 30/100: nonce=0xa46 to=0x100000000000000000000000000000000000001f response={"jsonrpc":"2.0","id":31,"result":"0x174159306318d1aae553d2ebaa7b45e9ab810ea3e29a892fb9f7ec1e77607809"}
tx 31/100: nonce=0xa47 to=0x1000000000000000000000000000000000000020 response={"jsonrpc":"2.0","id":32,"result":"0x7a5a90009653ba25f756b171c593e0b3bf5801098e0470330b2a6667d0fdf939"}
tx 32/100: nonce=0xa48 to=0x1000000000000000000000000000000000000021 response={"jsonrpc":"2.0","id":33,"result":"0x90e49b9d284ce80cf894b327fff3396f0e76ea3157eb8d258e5e046521712877"}
tx 33/100: nonce=0xa49 to=0x1000000000000000000000000000000000000022 response={"jsonrpc":"2.0","id":34,"result":"0xb8e6bd8e43795c2b85cd39f42012f2d26a2ee60b6fe8a26acfd084e6a2512e71"}
tx 34/100: nonce=0xa4a to=0x1000000000000000000000000000000000000023 response={"jsonrpc":"2.0","id":35,"result":"0x60378a30b33eb48c924d5596e50238d5f1d069f415c336efa2815dd1cb54c245"}
tx 35/100: nonce=0xa4b to=0x1000000000000000000000000000000000000024 response={"jsonrpc":"2.0","id":36,"result":"0x00f1c6d72b5090ed4bbddcf9f7fd7615debf403d63814263f3b945a86bc3c493"}
tx 36/100: nonce=0xa4c to=0x1000000000000000000000000000000000000025 response={"jsonrpc":"2.0","id":37,"result":"0x8c34e8e81e8307122537c8e3abc0e8eedc8ec96e3640524f2ceb7ba5f9418ea4"}
tx 37/100: nonce=0xa4d to=0x1000000000000000000000000000000000000026 response={"jsonrpc":"2.0","id":38,"result":"0x8b9db60a663890038914aa1729f80ad123f9824fe909322e8cecfdfeb834d1e2"}
tx 38/100: nonce=0xa4e to=0x1000000000000000000000000000000000000027 response={"jsonrpc":"2.0","id":39,"result":"0x2d2be351258fcfd9bc91897482fbf0281fa408b8bbb1eaf84029426e0d37a4c3"}
tx 39/100: nonce=0xa4f to=0x1000000000000000000000000000000000000028 response={"jsonrpc":"2.0","id":40,"result":"0x9252e9ab31383302b305f6411f703dc5ffb3231cb07729d9c7e61bf349596b4e"}
tx 40/100: nonce=0xa50 to=0x1000000000000000000000000000000000000029 response={"jsonrpc":"2.0","id":41,"result":"0x152ab6e54734a981e8cc2e9c7a904849053a9f30623c84b2ea6894266bde2255"}
tx 41/100: nonce=0xa51 to=0x100000000000000000000000000000000000002a response={"jsonrpc":"2.0","id":42,"result":"0xc1b3636fddf3e61f9cd7b688dd4e0060c79b843b86805fe4193bb59ff0428696"}
tx 42/100: nonce=0xa52 to=0x100000000000000000000000000000000000002b response={"jsonrpc":"2.0","id":43,"result":"0xcbbfdb1e569886a7df4215bc12cb45e531741e42b612ae61c39ce26fb8a4f123"}
tx 43/100: nonce=0xa53 to=0x100000000000000000000000000000000000002c response={"jsonrpc":"2.0","id":44,"result":"0x01e88027433583228c171ed7627cba381754ab6a803c5dad0cf80d8dd0c90352"}
tx 44/100: nonce=0xa54 to=0x100000000000000000000000000000000000002d response={"jsonrpc":"2.0","id":45,"result":"0xeb94e8bc3b648affb54881a6ca5b5d3db55ff55858c1ef672b3973bd01ab358d"}
tx 45/100: nonce=0xa55 to=0x100000000000000000000000000000000000002e response={"jsonrpc":"2.0","id":46,"result":"0x85707cd8fce138eaa2a707bfcbb091c0bdb4650875b096f4e8106ad91378670d"}
tx 46/100: nonce=0xa56 to=0x100000000000000000000000000000000000002f response={"jsonrpc":"2.0","id":47,"result":"0xd3a2793ba45a0a2db2ca7e57b739f81b5f819c4375a17148cd131eaf53dc25c6"}
tx 47/100: nonce=0xa57 to=0x1000000000000000000000000000000000000030 response={"jsonrpc":"2.0","id":48,"result":"0x8873389612549113ea00faf3d15ca66740ce6a003f1d4c98e68eeda1dcf74901"}
tx 48/100: nonce=0xa58 to=0x1000000000000000000000000000000000000031 response={"jsonrpc":"2.0","id":49,"result":"0x0758b4c8e359500371239d9f365511e2cdc34084d0cd8aa7858ba8049407d727"}
tx 49/100: nonce=0xa59 to=0x1000000000000000000000000000000000000032 response={"jsonrpc":"2.0","id":50,"result":"0x6897ca5dbb6c003fea829923a2867e1f2ea58a056bcb0ffaf834208af2449df4"}
tx 50/100: nonce=0xa5a to=0x1000000000000000000000000000000000000033 response={"jsonrpc":"2.0","id":51,"result":"0x2f5eba25fb7c2dcbccb21eb654d98b02546100ab05b2f46017bcbbb857766514"}
tx 51/100: nonce=0xa5b to=0x1000000000000000000000000000000000000034 response={"jsonrpc":"2.0","id":52,"result":"0xd823cb1dd569af009d57856a550469dd1b287bd61f8682275e6d8c72fd73e14d"}
tx 52/100: nonce=0xa5c to=0x1000000000000000000000000000000000000035 response={"jsonrpc":"2.0","id":53,"result":"0x7a96aa9771cc7c6f07ad74cf18e9c4b21972d49ab32f69134028676b14ce913e"}
tx 53/100: nonce=0xa5d to=0x1000000000000000000000000000000000000036 response={"jsonrpc":"2.0","id":54,"result":"0x9d41836dc3b08dda91c4011fad8f4e026749914abb6cff9f74527faab4f7d823"}
tx 54/100: nonce=0xa5e to=0x1000000000000000000000000000000000000037 response={"jsonrpc":"2.0","id":55,"result":"0x9b23e563acb4327c964d7cbde41e6bff3a7a01052096dfe0656fc0420400e627"}
tx 55/100: nonce=0xa5f to=0x1000000000000000000000000000000000000038 response={"jsonrpc":"2.0","id":56,"result":"0x34f533dd012db54dd617d2a6beec9495f228e0b47f399d0c61decd8b1a5a3015"}
tx 56/100: nonce=0xa60 to=0x1000000000000000000000000000000000000039 response={"jsonrpc":"2.0","id":57,"result":"0x17e31ba4df94a519cbd5444e2f30180b589d5a2b9d181fbac9bb55e8db403b0b"}
tx 57/100: nonce=0xa61 to=0x100000000000000000000000000000000000003a response={"jsonrpc":"2.0","id":58,"result":"0x74deadf64a56b9bc7913491a90e6e64c8e237c04c51a95d06909ba7656fb2a7a"}
tx 58/100: nonce=0xa62 to=0x100000000000000000000000000000000000003b response={"jsonrpc":"2.0","id":59,"result":"0xa95c894a2d8ce8721a95f449048bc6eca44caabe63828326b13e71dda617d070"}
tx 59/100: nonce=0xa63 to=0x100000000000000000000000000000000000003c response={"jsonrpc":"2.0","id":60,"result":"0x49b11a8a5d059113a89eb55338b0cd0b2ec208cd48bfafc88e7eed56a0e4792d"}
tx 60/100: nonce=0xa64 to=0x100000000000000000000000000000000000003d response={"jsonrpc":"2.0","id":61,"result":"0x0c0c305620ba726f76f79e674c2c91ae0dac5c7f1e90d3c1a749ff4e691ace41"}
tx 61/100: nonce=0xa65 to=0x100000000000000000000000000000000000003e response={"jsonrpc":"2.0","id":62,"result":"0xf013e4688c1b12999d7b8b8abb9f199c7147d69b4130b4caf62f2c4802bcd885"}
tx 62/100: nonce=0xa66 to=0x100000000000000000000000000000000000003f response={"jsonrpc":"2.0","id":63,"result":"0x46d6ce7f859aac544cebc990b93ac176f323bcf2ef0db7788875ecf2d48f4cdc"}
tx 63/100: nonce=0xa67 to=0x1000000000000000000000000000000000000040 response={"jsonrpc":"2.0","id":64,"result":"0x085db4ff8ac245e8ab808ce9b96430e61d74b1be7ba01026855474cbb8f2ce36"}
tx 64/100: nonce=0xa68 to=0x1000000000000000000000000000000000000041 response={"jsonrpc":"2.0","id":65,"result":"0xdddc080f21a72c064b4b23c0008d2c1165c3bd3f413e2ed71baaa781bfa415b9"}
tx 65/100: nonce=0xa69 to=0x1000000000000000000000000000000000000042 response={"jsonrpc":"2.0","id":66,"result":"0x8ffe3fcd6c8cec639c31933d71167feb6cae4db3ce9c36d12fbcd423eacc657d"}
tx 66/100: nonce=0xa6a to=0x1000000000000000000000000000000000000043 response={"jsonrpc":"2.0","id":67,"result":"0xc57d24de4c312dcab07cf449ababe7940a337253a89c462b200d1bb66106f972"}
tx 67/100: nonce=0xa6b to=0x1000000000000000000000000000000000000044 response={"jsonrpc":"2.0","id":68,"result":"0x6cdb05a848301a35e71a5ad5a2e77e76b3c62c2bf4ad8bc62cfc1e6a6a15cbc9"}
tx 68/100: nonce=0xa6c to=0x1000000000000000000000000000000000000045 response={"jsonrpc":"2.0","id":69,"result":"0x628852944c6fc6c5cd4a50285d34fa9f085bba130bd11c313b95c6d9f6afda8e"}
tx 69/100: nonce=0xa6d to=0x1000000000000000000000000000000000000046 response={"jsonrpc":"2.0","id":70,"result":"0x46e1bfa7d7c1bbaf608b2f53ff36261a22eb74433072d5e41502363e4f069cc4"}
tx 70/100: nonce=0xa6e to=0x1000000000000000000000000000000000000047 response={"jsonrpc":"2.0","id":71,"result":"0x28186bc064f439f32552144ba6494a2414a947f8f8e1db66df37c13970251d9d"}
tx 71/100: nonce=0xa6f to=0x1000000000000000000000000000000000000048 response={"jsonrpc":"2.0","id":72,"result":"0x30857a484a12ffd7dfb55abfc0ca9f9689b80e9e2537c764f07aacec76cf5581"}
tx 72/100: nonce=0xa70 to=0x1000000000000000000000000000000000000049 response={"jsonrpc":"2.0","id":73,"result":"0x029bb1a8e1a3be06a85f677b74cb485e112d3fe858411ee4001d4cd6f9a7b184"}
tx 73/100: nonce=0xa71 to=0x100000000000000000000000000000000000004a response={"jsonrpc":"2.0","id":74,"result":"0x3b7f7aa6a5956f2b9b0e92612b15e1f37b65aace8d957320a792629135c8d210"}
tx 74/100: nonce=0xa72 to=0x100000000000000000000000000000000000004b response={"jsonrpc":"2.0","id":75,"result":"0xc741531a758a6783e4c987d8ebec67eeeb7b6b748822d53cd78cd0a216875308"}
tx 75/100: nonce=0xa73 to=0x100000000000000000000000000000000000004c response={"jsonrpc":"2.0","id":76,"result":"0xe692ff206d5528c88ed3e78e444fb750da546974ea47e8054221fae99a9db301"}
tx 76/100: nonce=0xa74 to=0x100000000000000000000000000000000000004d response={"jsonrpc":"2.0","id":77,"result":"0xa3634ed06f2acd8f38c0869cfe817f6c88808a95e8e8b695053b2a3602c2eeda"}
tx 77/100: nonce=0xa75 to=0x100000000000000000000000000000000000004e response={"jsonrpc":"2.0","id":78,"result":"0x91007de4e2d86c6a41621c4253027d07afd37467e2c4b1844b91e951b05d0dcd"}
tx 78/100: nonce=0xa76 to=0x100000000000000000000000000000000000004f response={"jsonrpc":"2.0","id":79,"result":"0x1bf84216b791452198a4f64a3aa1f92acb912be065d4aa87f607f366f1f7b1d8"}
tx 79/100: nonce=0xa77 to=0x1000000000000000000000000000000000000050 response={"jsonrpc":"2.0","id":80,"result":"0xf9678298517c2573076e9e64b174795d94430f0c5a336dd8ac08dc5ba97e1bec"}
tx 80/100: nonce=0xa78 to=0x1000000000000000000000000000000000000051 response={"jsonrpc":"2.0","id":81,"result":"0xa8958e63c76231c089e72f89f6759ddcec470382f28feb6bd094ac58e736ead3"}
tx 81/100: nonce=0xa79 to=0x1000000000000000000000000000000000000052 response={"jsonrpc":"2.0","id":82,"result":"0x9606a09d60665886c9bf61e66066108c53c25413f82807b2d2e7c961f89b75bf"}
tx 82/100: nonce=0xa7a to=0x1000000000000000000000000000000000000053 response={"jsonrpc":"2.0","id":83,"result":"0x27e33bd7e57b5d6a37183561510991b8c5d83f241671cc9170afef7378542f85"}
tx 83/100: nonce=0xa7b to=0x1000000000000000000000000000000000000054 response={"jsonrpc":"2.0","id":84,"result":"0xfc6ba33c52eb1ef89f593e5680a57595e2f3f89d0d22ce330752fd1cbdc03666"}
tx 84/100: nonce=0xa7c to=0x1000000000000000000000000000000000000055 response={"jsonrpc":"2.0","id":85,"result":"0x5dfb622b6993c4953d022012013d29092e10a79c2a649665f295fa523ce48ca5"}
tx 85/100: nonce=0xa7d to=0x1000000000000000000000000000000000000056 response={"jsonrpc":"2.0","id":86,"result":"0xd5b75640bb362519eba73198a72a7f0167d35b36e80ed6384f2f37b3bbb8f186"}
tx 86/100: nonce=0xa7e to=0x1000000000000000000000000000000000000057 response={"jsonrpc":"2.0","id":87,"result":"0x7ff4dc1207766ce190cae794d2e20c878a897268e09549eb96bafb8abe9ce488"}
tx 87/100: nonce=0xa7f to=0x1000000000000000000000000000000000000058 response={"jsonrpc":"2.0","id":88,"result":"0x34de6b1d609ce9724b1d75d4cf9e737f518aaaa2f1610c83c5925144c137dfd7"}
tx 88/100: nonce=0xa80 to=0x1000000000000000000000000000000000000059 response={"jsonrpc":"2.0","id":89,"result":"0xcd0c8ad8234edf350c22373d8da837c6b644fd91d9be8b9a7be208f0328c9707"}
tx 89/100: nonce=0xa81 to=0x100000000000000000000000000000000000005a response={"jsonrpc":"2.0","id":90,"result":"0xba9614f68d374b02c1e78f541597aca82ecc0e60c528931f19e16805157f4da3"}
tx 90/100: nonce=0xa82 to=0x100000000000000000000000000000000000005b response={"jsonrpc":"2.0","id":91,"result":"0x4ef2e1e129db74800f5110ff02819dd66b2ed917e3c41c1c0d77befebf3a8676"}
tx 91/100: nonce=0xa83 to=0x100000000000000000000000000000000000005c response={"jsonrpc":"2.0","id":92,"result":"0xcf69ded3e86d319f852fc4bf5e9ece30338f4bbe46e3874c6d94964d22fab457"}
tx 92/100: nonce=0xa84 to=0x100000000000000000000000000000000000005d response={"jsonrpc":"2.0","id":93,"result":"0x86bed9de2beb29f9e1747070ca79176aa1795b9e4583c7c733c10b8c080ca0d4"}
tx 93/100: nonce=0xa85 to=0x100000000000000000000000000000000000005e response={"jsonrpc":"2.0","id":94,"result":"0xf7aefebeb5cb1db40c6a391f26c5ea3646affac409c595366249e6a3d57f4c1f"}
tx 94/100: nonce=0xa86 to=0x100000000000000000000000000000000000005f response={"jsonrpc":"2.0","id":95,"result":"0x913f5f0870846921814f1adb62ed650c5fbf3c773590e2c10650cde878398eee"}
tx 95/100: nonce=0xa87 to=0x1000000000000000000000000000000000000060 response={"jsonrpc":"2.0","id":96,"result":"0xe0dff1051dc7413d36d2c34c7a2737ff5f26ed2a2328ab3a9dc0936d47415a7b"}
tx 96/100: nonce=0xa88 to=0x1000000000000000000000000000000000000061 response={"jsonrpc":"2.0","id":97,"result":"0x1d715749c23dc46b3b6d29875aca384ff25606b93ea3d00bddb5d5e7b6c6ae80"}
tx 97/100: nonce=0xa89 to=0x1000000000000000000000000000000000000062 response={"jsonrpc":"2.0","id":98,"result":"0x69d2c7890ca8f84db195624a3d84587d34853e52698526a60deb07c98ef44906"}
tx 98/100: nonce=0xa8a to=0x1000000000000000000000000000000000000063 response={"jsonrpc":"2.0","id":99,"result":"0x44576e4b52d8a6a6d316de3b54861b4d30e754c947df4847b515010c889b53d8"}
tx 99/100: nonce=0xa8b to=0x1000000000000000000000000000000000000064 response={"jsonrpc":"2.0","id":100,"result":"0xfd75164f2de5e9b2d9133c334008be06ada9d0b1c8c88cd5a31b8508fc18da87"}
Done. Check pending txs with:
curl -s -H 'Content-Type: application/json' --data '{"jsonrpc":"2.0","method":"txpool_status","params":[],"id":1}' http://127.0.0.1:8545
Sending 100 txs from 0x92424e4f86201c931ba53eb48619d93244c18e13 via http://127.0.0.1:8545, base_nonce=2700, to_mode=sequential
tx 0/100: nonce=0xa8c to=0x1000000000000000000000000000000000000001 response={"jsonrpc":"2.0","id":1,"result":"0xd31bba9028dc3cc3ea410dbc77d3a6aeac5da79e1452d3b50344d72adc55f5f1"}
tx 1/100: nonce=0xa8d to=0x1000000000000000000000000000000000000002 response={"jsonrpc":"2.0","id":2,"result":"0x2743835fc0740297c4d4c0388eb3a925c0ae5126dbabf19e402557f8208b2742"}
tx 2/100: nonce=0xa8e to=0x1000000000000000000000000000000000000003 response={"jsonrpc":"2.0","id":3,"result":"0x9b9e9a167da9ffe097f91d14307210533e1eaa22502ae63880a9ddddfe1f5c7f"}
tx 3/100: nonce=0xa8f to=0x1000000000000000000000000000000000000004 response={"jsonrpc":"2.0","id":4,"result":"0x946a84f2818b558ada6998b5af22aa74aa38de99b4fe3911b3a512ce09a71b5c"}
tx 4/100: nonce=0xa90 to=0x1000000000000000000000000000000000000005 response={"jsonrpc":"2.0","id":5,"result":"0xd1f9df571ea559c84dc72e152ef147bb47d25c398098dd72afa6268299083c50"}
tx 5/100: nonce=0xa91 to=0x1000000000000000000000000000000000000006 response={"jsonrpc":"2.0","id":6,"result":"0x93299267f51129e1279fd02940dee174bce05f1fb7cdf85cb4d1440d21bebf74"}
tx 6/100: nonce=0xa92 to=0x1000000000000000000000000000000000000007 response={"jsonrpc":"2.0","id":7,"result":"0x77786fbcc0fd8583fbe38aae4a96c3a182d10dc03f2368109275909493739950"}
tx 7/100: nonce=0xa93 to=0x1000000000000000000000000000000000000008 response={"jsonrpc":"2.0","id":8,"result":"0xde73bfbf2f8861bc50071cfe1f3dec51ab5c1be3b265d674f47b5d2268ea0a55"}
tx 8/100: nonce=0xa94 to=0x1000000000000000000000000000000000000009 response={"jsonrpc":"2.0","id":9,"result":"0xda7c453c908de27182335f58e9af97145345513e0da19eeaedfbb866fdbe4fcf"}
tx 9/100: nonce=0xa95 to=0x100000000000000000000000000000000000000a response={"jsonrpc":"2.0","id":10,"result":"0xf1d06751c518f2c5fe68b1ed61fc277fe90d37fa0ea08c67d821037f6621f62f"}
tx 10/100: nonce=0xa96 to=0x100000000000000000000000000000000000000b response={"jsonrpc":"2.0","id":11,"result":"0xa011cc6ef0220935b3feb612c36e536c14d92f9d99c5aa2825a15af375e7f5ff"}
tx 11/100: nonce=0xa97 to=0x100000000000000000000000000000000000000c response={"jsonrpc":"2.0","id":12,"result":"0x588a97e2b63c48fd5a7f865c1a21e38b56382243d0a97a053e35199fb4bcae5f"}
tx 12/100: nonce=0xa98 to=0x100000000000000000000000000000000000000d response={"jsonrpc":"2.0","id":13,"result":"0x5d80c3f470dbbd838e8e6bdcad23ef5b2d8cc4b7443f003f1034e8e868df1edb"}
tx 13/100: nonce=0xa99 to=0x100000000000000000000000000000000000000e response={"jsonrpc":"2.0","id":14,"result":"0x8f5c9d25da0dde310e5fb43ed26487d7a23e25a2aa226658a1d03b4ec58e1fc0"}
tx 14/100: nonce=0xa9a to=0x100000000000000000000000000000000000000f response={"jsonrpc":"2.0","id":15,"result":"0x4f736c697895c0bcd4e2a203d529947af8dabc1fb63cf30a6438b0b6ee42fb47"}
tx 15/100: nonce=0xa9b to=0x1000000000000000000000000000000000000010 response={"jsonrpc":"2.0","id":16,"result":"0x8903a3bfd33f48a504a27949316a969f7197930ebea8fc466618d79e0f7f5012"}
tx 16/100: nonce=0xa9c to=0x1000000000000000000000000000000000000011 response={"jsonrpc":"2.0","id":17,"result":"0x3fea2fc649da43a346ab58602b2e5e048ac55b71633c6d39222f7bc5365dc724"}
tx 17/100: nonce=0xa9d to=0x1000000000000000000000000000000000000012 response={"jsonrpc":"2.0","id":18,"result":"0xf1c7048cdb8ace5040c6209b943cd45bddfd3606cdc3afb1591eaafc4106c708"}
tx 18/100: nonce=0xa9e to=0x1000000000000000000000000000000000000013 response={"jsonrpc":"2.0","id":19,"result":"0x280baf1e24b18800d5f04c980f83d562b94ae77372b20ab9aebcd080c3233585"}
tx 19/100: nonce=0xa9f to=0x1000000000000000000000000000000000000014 response={"jsonrpc":"2.0","id":20,"result":"0x66d3e471ab146533c964beca1b0e85e0de3502fe288d6474b2b8470c86382f2e"}
tx 20/100: nonce=0xaa0 to=0x1000000000000000000000000000000000000015 response={"jsonrpc":"2.0","id":21,"result":"0x4dd2d1288042c939518b155e3042281648821b9e7c7a0e2cf3ccaa6a4d34fbb3"}
tx 21/100: nonce=0xaa1 to=0x1000000000000000000000000000000000000016 response={"jsonrpc":"2.0","id":22,"result":"0xcbe598bdca2e342c826eb90cf22e078bc21e42f139c09bda9c937e398a7cd309"}
tx 22/100: nonce=0xaa2 to=0x1000000000000000000000000000000000000017 response={"jsonrpc":"2.0","id":23,"result":"0x23e31dc68221527c2a4df59b01b063c98bd043e59b46176758d94a8ecd094a38"}
tx 23/100: nonce=0xaa3 to=0x1000000000000000000000000000000000000018 response={"jsonrpc":"2.0","id":24,"result":"0x5b487232bf467afab8aa8b895f3711835f186eade23ec2d3ddb69ea17529eb49"}
tx 24/100: nonce=0xaa4 to=0x1000000000000000000000000000000000000019 response={"jsonrpc":"2.0","id":25,"result":"0x66862d4c8a7203a3b23ce514943f7360e568508c67473875d222df7564158abb"}
tx 25/100: nonce=0xaa5 to=0x100000000000000000000000000000000000001a response={"jsonrpc":"2.0","id":26,"result":"0xa088be08d4db9187ca24bdda6e982e0100a8d52f8d8b789906463eb538302cf3"}
tx 26/100: nonce=0xaa6 to=0x100000000000000000000000000000000000001b response={"jsonrpc":"2.0","id":27,"result":"0x0f4902c554fd9e6f72a6aaf1abeef6e23fd6f19386c80b85dd823b41aada7164"}
tx 27/100: nonce=0xaa7 to=0x100000000000000000000000000000000000001c response={"jsonrpc":"2.0","id":28,"result":"0x175e528ccc1bc64862f628954f11cb627ccc9408c532285897a2714a29a51f68"}
tx 28/100: nonce=0xaa8 to=0x100000000000000000000000000000000000001d response={"jsonrpc":"2.0","id":29,"result":"0xb4465f8323925b8b322441871067cdc3947796bb263abd23db6ed6442270ab5f"}
tx 29/100: nonce=0xaa9 to=0x100000000000000000000000000000000000001e response={"jsonrpc":"2.0","id":30,"result":"0xbdbed73aa9d16523e6ae25a3e9a32f3ae2e048f5eb90afdf604a8c0ef3121d30"}
tx 30/100: nonce=0xaaa to=0x100000000000000000000000000000000000001f response={"jsonrpc":"2.0","id":31,"result":"0x7cdfc5d4fce8a247b311b3ee679d154fed09e70f98382ba112f09e80adb3675b"}
tx 31/100: nonce=0xaab to=0x1000000000000000000000000000000000000020 response={"jsonrpc":"2.0","id":32,"result":"0x8c85bf4f44c1c69a3adf872d6b038f05393cda027bc49e8bb6267e1371970a65"}
tx 32/100: nonce=0xaac to=0x1000000000000000000000000000000000000021 response={"jsonrpc":"2.0","id":33,"result":"0x56450fcd0d6f14fa3611c2e687aa24f832d851cb2f473cb7d1f18e8cb091a468"}
tx 33/100: nonce=0xaad to=0x1000000000000000000000000000000000000022 response={"jsonrpc":"2.0","id":34,"result":"0x4ff86c5b1923b30e1cf9ab8b491dac30f95bbc4f8e4b260dc2d916d413d4a15d"}
tx 34/100: nonce=0xaae to=0x1000000000000000000000000000000000000023 response={"jsonrpc":"2.0","id":35,"result":"0xb5dc8d906c7bc84b4ac864668965b6ea5c4e93887e5a43088443c5186095eaf0"}
tx 35/100: nonce=0xaaf to=0x1000000000000000000000000000000000000024 response={"jsonrpc":"2.0","id":36,"result":"0x39ea03d25dcfef263378a032839b6faac19ad4cf9e3d876eff60a3ce8807a995"}
tx 36/100: nonce=0xab0 to=0x1000000000000000000000000000000000000025 response={"jsonrpc":"2.0","id":37,"result":"0x94ed25ddfe733bd9e6a5f5adb9ce0e284175355ec874b0b00f01333566696268"}
tx 37/100: nonce=0xab1 to=0x1000000000000000000000000000000000000026 response={"jsonrpc":"2.0","id":38,"result":"0x97dc9b8c5c21f526ffcc12fff28677c431ea2c7eb0b430c9cb2a331f34648446"}
tx 38/100: nonce=0xab2 to=0x1000000000000000000000000000000000000027 response={"jsonrpc":"2.0","id":39,"result":"0x382c7969eb93f143961a5044f89c702e32970bf0bad8bc95a8a57b8ac03a0345"}
tx 39/100: nonce=0xab3 to=0x1000000000000000000000000000000000000028 response={"jsonrpc":"2.0","id":40,"result":"0x92f891bb975482ee6dc680712419448053304302c1e343547b98af1185e390e3"}
tx 40/100: nonce=0xab4 to=0x1000000000000000000000000000000000000029 response={"jsonrpc":"2.0","id":41,"result":"0x483c67d9abfa8badb6a76f064769bda9ccf360552e03eff48501d99957b90a55"}
tx 41/100: nonce=0xab5 to=0x100000000000000000000000000000000000002a response={"jsonrpc":"2.0","id":42,"result":"0xcdda317b0fded4842b74c322592ef60b148295666d761df9d717cb1626298ccc"}
tx 42/100: nonce=0xab6 to=0x100000000000000000000000000000000000002b response={"jsonrpc":"2.0","id":43,"result":"0xb9d812b8c750331aef01d9d2f478844d781f3ab0b0b269b7bb7971e5e888e800"}
tx 43/100: nonce=0xab7 to=0x100000000000000000000000000000000000002c response={"jsonrpc":"2.0","id":44,"result":"0xf9041de5845e600bcfb952b7460a2525298524107312b5b58e3f0ee316942da6"}
tx 44/100: nonce=0xab8 to=0x100000000000000000000000000000000000002d response={"jsonrpc":"2.0","id":45,"result":"0x4671772ee8f5c1fb258ed76c395a4eac13194c612b9d7369077e89e57a2ba16a"}
tx 45/100: nonce=0xab9 to=0x100000000000000000000000000000000000002e response={"jsonrpc":"2.0","id":46,"result":"0x3fa8b2d63772d6b0b2dcd156ef7d92c702e774bc1bdc3acd303a6ac492e0621f"}
tx 46/100: nonce=0xaba to=0x100000000000000000000000000000000000002f response={"jsonrpc":"2.0","id":47,"result":"0x4d90bfa6fc5588f18e6dce04c452236a503a6258fbf7138cec4d77b69f23fb61"}
tx 47/100: nonce=0xabb to=0x1000000000000000000000000000000000000030 response={"jsonrpc":"2.0","id":48,"result":"0xfccc21187de7dcc3d481ec6f64f342fc793c7c1d74e77254a97f3be317bffaaa"}
tx 48/100: nonce=0xabc to=0x1000000000000000000000000000000000000031 response={"jsonrpc":"2.0","id":49,"result":"0xa5de5d5d4728885ce1070fc508b50acd76a575652fdff504cf820db0c2b94cad"}
tx 49/100: nonce=0xabd to=0x1000000000000000000000000000000000000032 response={"jsonrpc":"2.0","id":50,"result":"0x56a18e0d8f77769c5bcfcdf41f482007a094176fdd4ed07a8b105e576504a534"}
tx 50/100: nonce=0xabe to=0x1000000000000000000000000000000000000033 response={"jsonrpc":"2.0","id":51,"result":"0x66cde61597a70ced8c35e2836ac889e2d23bed5c3956d4d7a02dccf14763c856"}
tx 51/100: nonce=0xabf to=0x1000000000000000000000000000000000000034 response={"jsonrpc":"2.0","id":52,"result":"0x57305b3fe44120df9eabe85296f1ce459604a45a35f50d27a3297479e44b9fa2"}
tx 52/100: nonce=0xac0 to=0x1000000000000000000000000000000000000035 response={"jsonrpc":"2.0","id":53,"result":"0xbf4a5adb437a4ae7b64b25d8822bea10ff1d126a23d26011c44f890dfa317910"}
tx 53/100: nonce=0xac1 to=0x1000000000000000000000000000000000000036 response={"jsonrpc":"2.0","id":54,"result":"0x5cb2210beecaa9e8e2e4508410a93afdd58bb7e182ad10bc30f81f43a30b0530"}
tx 54/100: nonce=0xac2 to=0x1000000000000000000000000000000000000037 response={"jsonrpc":"2.0","id":55,"result":"0x4cd8cafda2aaeb2f585d6507228bf1ffc940a3db151dae52fe17a79b44e4268a"}
tx 55/100: nonce=0xac3 to=0x1000000000000000000000000000000000000038 response={"jsonrpc":"2.0","id":56,"result":"0xc01d779a7b4582eaf66aec1ad3a7c90ac1f7a03f60954de7187edee00b8449ea"}
tx 56/100: nonce=0xac4 to=0x1000000000000000000000000000000000000039 response={"jsonrpc":"2.0","id":57,"result":"0x89fa0dfabfc42df9a9e7f6f9a0b5c0ce2a58d20127945d00c6813d214e8ba511"}
tx 57/100: nonce=0xac5 to=0x100000000000000000000000000000000000003a response={"jsonrpc":"2.0","id":58,"result":"0xcdf16b6e079c61e79db03e4e657479bc568cfaf552b5255e8849608130c2a026"}
tx 58/100: nonce=0xac6 to=0x100000000000000000000000000000000000003b response={"jsonrpc":"2.0","id":59,"result":"0x124b5fce1f45e958242e64bfb99907eb8d2868385448b43835930c7a6a42c842"}
tx 59/100: nonce=0xac7 to=0x100000000000000000000000000000000000003c response={"jsonrpc":"2.0","id":60,"result":"0xb87764929c93478be18bed0275773638b15369030e548689573394fa4fe2a920"}
tx 60/100: nonce=0xac8 to=0x100000000000000000000000000000000000003d response={"jsonrpc":"2.0","id":61,"result":"0x0fe6ad8d79ed21e244e92537204a73233324da4622025b75d5da90bdeec6ecf9"}
tx 61/100: nonce=0xac9 to=0x100000000000000000000000000000000000003e response={"jsonrpc":"2.0","id":62,"result":"0xfc121e961dbb8448369133d2fe03f32eee70054356c54244ce69251141ed772c"}
tx 62/100: nonce=0xaca to=0x100000000000000000000000000000000000003f response={"jsonrpc":"2.0","id":63,"result":"0xc57df85e3a63bcc1d5bbd362a818ad29ed2120480560f25fb74bb50b12c70d71"}
tx 63/100: nonce=0xacb to=0x1000000000000000000000000000000000000040 response={"jsonrpc":"2.0","id":64,"result":"0x66aea165ff42271645cb2be82893502ca3717acc98224178ae7daac31bcbc5af"}
tx 64/100: nonce=0xacc to=0x1000000000000000000000000000000000000041 response={"jsonrpc":"2.0","id":65,"result":"0xb8c404a1048aa4cbac1ffde0bcf7aceb13c1e6d301ac0b97380ad77472caa0eb"}
tx 65/100: nonce=0xacd to=0x1000000000000000000000000000000000000042 response={"jsonrpc":"2.0","id":66,"result":"0x53587b94b899b0ad13b3eb249557bc6e0e9de8c2bca8b122a4e547ab15285c4b"}
tx 66/100: nonce=0xace to=0x1000000000000000000000000000000000000043 response={"jsonrpc":"2.0","id":67,"result":"0x081c6e30ab5c5a6ab4f220b0eba4c60d14aa31bf509cb5913ad2e271f7d19d9f"}
tx 67/100: nonce=0xacf to=0x1000000000000000000000000000000000000044 response={"jsonrpc":"2.0","id":68,"result":"0x9f10265d3f8b185baa09dc1768a7dd467628249e7a5e988c0555854efb35849d"}
tx 68/100: nonce=0xad0 to=0x1000000000000000000000000000000000000045 response={"jsonrpc":"2.0","id":69,"result":"0x37eb47796e67f4df502be8e02491bd717c140da239155348d77d12f0cccbf1bf"}
tx 69/100: nonce=0xad1 to=0x1000000000000000000000000000000000000046 response={"jsonrpc":"2.0","id":70,"result":"0xa79478e298b72bf8782a39834a1e91151c7f6b19b8519563a2c393c8e17ac04a"}
tx 70/100: nonce=0xad2 to=0x1000000000000000000000000000000000000047 response={"jsonrpc":"2.0","id":71,"result":"0xe000ad55d8c725edd66449c35fcbe9ec9c3f39eff838bdb01d77ed69c9693f87"}
tx 71/100: nonce=0xad3 to=0x1000000000000000000000000000000000000048 response={"jsonrpc":"2.0","id":72,"result":"0x8036d3c8599b831826aebcae2940c92dc2c7e2568223052272b09d917db677c3"}
tx 72/100: nonce=0xad4 to=0x1000000000000000000000000000000000000049 response={"jsonrpc":"2.0","id":73,"result":"0xa39ac96100cf93a1ec84459e875c2a75022598fe2880b414206557f96d224d83"}
tx 73/100: nonce=0xad5 to=0x100000000000000000000000000000000000004a response={"jsonrpc":"2.0","id":74,"result":"0x08a3d5cac757294f435dbf643cf8e5d11611943ecb7455beb7b9dbadd718b3c1"}
tx 74/100: nonce=0xad6 to=0x100000000000000000000000000000000000004b response={"jsonrpc":"2.0","id":75,"result":"0x5936b09ca3b5bae4ad3f5653ee06621fcfb3f2843b01b982e42081bd4f0c789a"}
tx 75/100: nonce=0xad7 to=0x100000000000000000000000000000000000004c response={"jsonrpc":"2.0","id":76,"result":"0x417f7daaa303b2620e658979bf7b0a544497e9900c285885601a1b657f61d644"}
tx 76/100: nonce=0xad8 to=0x100000000000000000000000000000000000004d response={"jsonrpc":"2.0","id":77,"result":"0xd205c42ceccce9d472e45d2635922086cf444f8d99a5579242e9fa98789c28f9"}
tx 77/100: nonce=0xad9 to=0x100000000000000000000000000000000000004e response={"jsonrpc":"2.0","id":78,"result":"0x8ab303b871574d22cb6bc92132313d3ffe0723ea2ef8381377f56a772ce1651b"}
tx 78/100: nonce=0xada to=0x100000000000000000000000000000000000004f response={"jsonrpc":"2.0","id":79,"result":"0x349d9832b6badd86c806875090422f8337c88c5eaa786afc92749c3241da2d90"}
tx 79/100: nonce=0xadb to=0x1000000000000000000000000000000000000050 response={"jsonrpc":"2.0","id":80,"result":"0x3c26cc510df70bf5a89d478cc9e2ece68d883a7c47c54c11b4cdc7c2deff5a15"}
tx 80/100: nonce=0xadc to=0x1000000000000000000000000000000000000051 response={"jsonrpc":"2.0","id":81,"result":"0xaeae1f0c2af909a86b7cc9f506930b0a6627385bcfce66ca92ce3304c8b86fc5"}
tx 81/100: nonce=0xadd to=0x1000000000000000000000000000000000000052 response={"jsonrpc":"2.0","id":82,"result":"0x5913ce3a0359d9237aab3117fe4583bb707d40ef6aeb182b463e77f70ca5b658"}
tx 82/100: nonce=0xade to=0x1000000000000000000000000000000000000053 response={"jsonrpc":"2.0","id":83,"result":"0xee032b7d1c6aa07f18c75f482d41fae67fae09d8f02e4e51f80134cf066a6f6b"}
tx 83/100: nonce=0xadf to=0x1000000000000000000000000000000000000054 response={"jsonrpc":"2.0","id":84,"result":"0xa3e9ab0aa66f619dce228bb688e51c45fee1d0d70a55b9cf0e80104036767834"}
tx 84/100: nonce=0xae0 to=0x1000000000000000000000000000000000000055 response={"jsonrpc":"2.0","id":85,"result":"0xa31547e3316e4b77510726417c01704415b63eb04709e50a0d293c6eabc54038"}
tx 85/100: nonce=0xae1 to=0x1000000000000000000000000000000000000056 response={"jsonrpc":"2.0","id":86,"result":"0x37f8f7aac48ab7ce09a56326b52cd4c2db70fee474edab57ff19c8227fdfe40b"}
tx 86/100: nonce=0xae2 to=0x1000000000000000000000000000000000000057 response={"jsonrpc":"2.0","id":87,"result":"0x587a9c13c671e9a54f22347ddb7e757992aa1ae4318910f2fa278ae8f0af7ff8"}
tx 87/100: nonce=0xae3 to=0x1000000000000000000000000000000000000058 response={"jsonrpc":"2.0","id":88,"result":"0x67feda757082a607b61ca44aa2769a023c3f2dc4fff2316b3f7df4f0cb30bc8d"}
tx 88/100: nonce=0xae4 to=0x1000000000000000000000000000000000000059 response={"jsonrpc":"2.0","id":89,"result":"0x30fecd23397082cd2c32a2a6d66af628fbdb1e6954b159265f5bd2aedff83c0c"}
tx 89/100: nonce=0xae5 to=0x100000000000000000000000000000000000005a response={"jsonrpc":"2.0","id":90,"result":"0xa0f30aaebdbb835048acfcbc401c69cacac428956f5ccc42f46e429616b04134"}
tx 90/100: nonce=0xae6 to=0x100000000000000000000000000000000000005b response={"jsonrpc":"2.0","id":91,"result":"0x19cca7d1fa27d8843bcf460ece93fcad582087c016a7cf22a32b318a9bc452ad"}
tx 91/100: nonce=0xae7 to=0x100000000000000000000000000000000000005c response={"jsonrpc":"2.0","id":92,"result":"0x182253be0f562bd5284c5b897a7f857d7951567b3b6aa575bc8248175ca40af7"}
tx 92/100: nonce=0xae8 to=0x100000000000000000000000000000000000005d response={"jsonrpc":"2.0","id":93,"result":"0xf37b6fb5c618d7139e1feaa54a8ae6644b0d5dab2c9ba084b650d3884f3cbf01"}
tx 93/100: nonce=0xae9 to=0x100000000000000000000000000000000000005e response={"jsonrpc":"2.0","id":94,"result":"0x2a68b93faa196c854e6303f8fedf29956ec02efbac1133b0a7b3d9d8f180a33f"}
tx 94/100: nonce=0xaea to=0x100000000000000000000000000000000000005f response={"jsonrpc":"2.0","id":95,"result":"0x76e08666a5f4c4b66dad517781aedd7ee183258e46b88a07512e593ac14cf022"}
tx 95/100: nonce=0xaeb to=0x1000000000000000000000000000000000000060 response={"jsonrpc":"2.0","id":96,"result":"0x447c5512c195e07a1d610edb0b615d02c00345950a4146a8f6e7119b4efd154e"}
tx 96/100: nonce=0xaec to=0x1000000000000000000000000000000000000061 response={"jsonrpc":"2.0","id":97,"result":"0x606d46b9ee61826ec610dec8ce3e4319dbd18bf1c28be1f79c36bd69326bd273"}
tx 97/100: nonce=0xaed to=0x1000000000000000000000000000000000000062 response={"jsonrpc":"2.0","id":98,"result":"0x1c7703c66c92f5c6a3a30146417cb7fd22ff3246f159a9a9c183789eadb6f4d5"}
tx 98/100: nonce=0xaee to=0x1000000000000000000000000000000000000063 response={"jsonrpc":"2.0","id":99,"result":"0x1a16dec82eb202baf31de7a76cd613447f8ffbf6ab36b57fbbc56d3c9729fa73"}
tx 99/100: nonce=0xaef to=0x1000000000000000000000000000000000000064 response={"jsonrpc":"2.0","id":100,"result":"0xc1789e032565a976deaf7fed9a812c39a968c4459e9a2c6b0248fd299b93f2d9"}
Done. Check pending txs with:
curl -s -H 'Content-Type: application/json' --data '{"jsonrpc":"2.0","method":"txpool_status","params":[],"id":1}' http://127.0.0.1:8545
Sending 100 txs from 0x92424e4f86201c931ba53eb48619d93244c18e13 via http://127.0.0.1:8545, base_nonce=2800, to_mode=sequential
tx 0/100: nonce=0xaf0 to=0x1000000000000000000000000000000000000001 response={"jsonrpc":"2.0","id":1,"result":"0x04c25f09a7f44d6af89da71357d4ea7779a8e2b14f5e450fe8e40f40a0564304"}
tx 1/100: nonce=0xaf1 to=0x1000000000000000000000000000000000000002 response={"jsonrpc":"2.0","id":2,"result":"0x270d24146146257b9b4dc3561f7460c85b74cf4bf65dbf0122d00ac85ef08866"}
tx 2/100: nonce=0xaf2 to=0x1000000000000000000000000000000000000003 response={"jsonrpc":"2.0","id":3,"result":"0x27c62e39fbeffc47c774e0d72f6dc484f8587ad317b80aaf4b15a2e04bb5b4f4"}
tx 3/100: nonce=0xaf3 to=0x1000000000000000000000000000000000000004 response={"jsonrpc":"2.0","id":4,"result":"0xce53c0fed875f54d4468cf7f5b9ca7cf73e5a64f0d8f50e3172e5e25d939fd4a"}
tx 4/100: nonce=0xaf4 to=0x1000000000000000000000000000000000000005 response={"jsonrpc":"2.0","id":5,"result":"0x7c94debddbfa4c81abf8f216ea49c80ddb548988491e66858cb8aac50a24262f"}
tx 5/100: nonce=0xaf5 to=0x1000000000000000000000000000000000000006 response={"jsonrpc":"2.0","id":6,"result":"0x7e7739ce719091fe55e454d0b0a1f0c2f03621b21ce1cb15567b7b29b0f1a1aa"}
tx 6/100: nonce=0xaf6 to=0x1000000000000000000000000000000000000007 response={"jsonrpc":"2.0","id":7,"result":"0xd2d1fccb5df8fdfa5863f7d0cfd09eb0643fccfe167e638599ede88f57d9c132"}
tx 7/100: nonce=0xaf7 to=0x1000000000000000000000000000000000000008 response={"jsonrpc":"2.0","id":8,"result":"0x395b231fca1dd62d0a837b3960d3bd6d6868801b6e98cd59acab8c5ce7ab8018"}
tx 8/100: nonce=0xaf8 to=0x1000000000000000000000000000000000000009 response={"jsonrpc":"2.0","id":9,"result":"0x1bdef87c660aaa1cd3a8d005c3324f2ddcd4243a276fdb83fa12da098009eccc"}
tx 9/100: nonce=0xaf9 to=0x100000000000000000000000000000000000000a response={"jsonrpc":"2.0","id":10,"result":"0x08c85c36afbdddd973d4228c284e70532ac8a290aab5902f8a1d73372c6e05d2"}
tx 10/100: nonce=0xafa to=0x100000000000000000000000000000000000000b response={"jsonrpc":"2.0","id":11,"result":"0x1452d7c5a377024dbc6ae1ece73dab8b8549e636a91e2904e41c719b03e9aef6"}
tx 11/100: nonce=0xafb to=0x100000000000000000000000000000000000000c response={"jsonrpc":"2.0","id":12,"result":"0x3f86ff525ca501669af6be4887d3287aed46f66402ba34f478778a98c32be242"}
tx 12/100: nonce=0xafc to=0x100000000000000000000000000000000000000d response={"jsonrpc":"2.0","id":13,"result":"0x422a4aea83e4af3f85bf46e5680b1b1f8ecd63e64e521ac279b914727b375046"}
tx 13/100: nonce=0xafd to=0x100000000000000000000000000000000000000e response={"jsonrpc":"2.0","id":14,"result":"0xead44c93b19803aa5b425f2e91862e62c89951bbc598778729299676264c3b54"}
tx 14/100: nonce=0xafe to=0x100000000000000000000000000000000000000f response={"jsonrpc":"2.0","id":15,"result":"0xe95d1a1b5a046db1e977b347d5b411fc4c6f999e888fb661daa240d51be431bf"}
tx 15/100: nonce=0xaff to=0x1000000000000000000000000000000000000010 response={"jsonrpc":"2.0","id":16,"result":"0xbf4d3b67e48dcfab2014b7b88108db37056084d3b0524c00127a646254f64c3c"}
tx 16/100: nonce=0xb00 to=0x1000000000000000000000000000000000000011 response={"jsonrpc":"2.0","id":17,"result":"0x4b430c690c20d014920f2714b9c02abd435fee20eab90700f24cd887838bebc3"}
tx 17/100: nonce=0xb01 to=0x1000000000000000000000000000000000000012 response={"jsonrpc":"2.0","id":18,"result":"0xb382a1d9b2701a4a62628512e8957c754405214b47699ca3668e36e6a92197d4"}
tx 18/100: nonce=0xb02 to=0x1000000000000000000000000000000000000013 response={"jsonrpc":"2.0","id":19,"result":"0xa7c891e79a4a86edb6d7c2b421e51500f107a2d7ba47fb978a0c3e318d9bb02b"}
tx 19/100: nonce=0xb03 to=0x1000000000000000000000000000000000000014 response={"jsonrpc":"2.0","id":20,"result":"0xc80c6534e24b7f6906bced71be8c5d03a71676aac111ea9f988bdd088469df08"}
tx 20/100: nonce=0xb04 to=0x1000000000000000000000000000000000000015 response={"jsonrpc":"2.0","id":21,"result":"0x5fc96a024706976dabc64ef74403dd53cd09bb4e42640323a542e3bdebcfaef2"}
tx 21/100: nonce=0xb05 to=0x1000000000000000000000000000000000000016 response={"jsonrpc":"2.0","id":22,"result":"0x0105fa074cec57e3eade012bbca4f119dc4673e19ae966a38f46aeb48adbb66a"}
tx 22/100: nonce=0xb06 to=0x1000000000000000000000000000000000000017 response={"jsonrpc":"2.0","id":23,"result":"0x64c7449f1f0a00ac461a7cbec6b01eab379fe42f58291e2d3a58c30fdbe4ccce"}
tx 23/100: nonce=0xb07 to=0x1000000000000000000000000000000000000018 response={"jsonrpc":"2.0","id":24,"result":"0xc823d329e59c819c7827b4ae9df01c081808138bf98e5f9526410f2d83a734c4"}
tx 24/100: nonce=0xb08 to=0x1000000000000000000000000000000000000019 response={"jsonrpc":"2.0","id":25,"result":"0xc3124dc988f21afa909aec811ed0135c19eaa2010a277284003057b69952cfde"}
tx 25/100: nonce=0xb09 to=0x100000000000000000000000000000000000001a response={"jsonrpc":"2.0","id":26,"result":"0x8cff10e0d10f8815f982f6df32b68b2a803c2d641127e924d7b6f0ebeceea39d"}
tx 26/100: nonce=0xb0a to=0x100000000000000000000000000000000000001b response={"jsonrpc":"2.0","id":27,"result":"0xd1a176a5403c3c3eec078333a9144731afccacb95ceaa3be2ae77f2528429efe"}
tx 27/100: nonce=0xb0b to=0x100000000000000000000000000000000000001c response={"jsonrpc":"2.0","id":28,"result":"0x747d5bc07b45fe6c98b4d6f9f2987cf1bc6c62dafd004aecdf810784abd0684a"}
tx 28/100: nonce=0xb0c to=0x100000000000000000000000000000000000001d response={"jsonrpc":"2.0","id":29,"result":"0xa2b38881c5c655b31196ca0149511b2e748c8e970ed66b57691d3fef98346167"}
tx 29/100: nonce=0xb0d to=0x100000000000000000000000000000000000001e response={"jsonrpc":"2.0","id":30,"result":"0xff30c45e57a7ff6d8445421bcff72186f8a7044335dc9ed505af24d40e668223"}
tx 30/100: nonce=0xb0e to=0x100000000000000000000000000000000000001f response={"jsonrpc":"2.0","id":31,"result":"0xcb8f5681be5908b9986ce3e15ff105a47fc821d28b651a2d5b9d2502e9cc1264"}
tx 31/100: nonce=0xb0f to=0x1000000000000000000000000000000000000020 response={"jsonrpc":"2.0","id":32,"result":"0x9d5367cfb6f3ae203fd050395c2fa368d079ec1df58b2e4235023fdf5c66fa70"}
tx 32/100: nonce=0xb10 to=0x1000000000000000000000000000000000000021 response={"jsonrpc":"2.0","id":33,"result":"0xd42434c82669710b53df74fa881653f65836df109cbc2acb71d2af71ad5df97a"}
tx 33/100: nonce=0xb11 to=0x1000000000000000000000000000000000000022 response={"jsonrpc":"2.0","id":34,"result":"0x914f8c6c50e708e58c6ded4f83b62c756cee3ada6488b50d528543bf89637704"}
tx 34/100: nonce=0xb12 to=0x1000000000000000000000000000000000000023 response={"jsonrpc":"2.0","id":35,"result":"0x5fc5f73482d8a5f6ebf815c2499310f880bdaf2179101e13dd91d9bc518537c7"}
tx 35/100: nonce=0xb13 to=0x1000000000000000000000000000000000000024 response={"jsonrpc":"2.0","id":36,"result":"0xb6e56f42c40bce3be8911a990f3edc992fc972945fd3d012390f23e41183304a"}
tx 36/100: nonce=0xb14 to=0x1000000000000000000000000000000000000025 response={"jsonrpc":"2.0","id":37,"result":"0xa59034e3d107b5574692b853ecfa5120fe6a2e9c263dd0d991b875d0142a40d7"}
tx 37/100: nonce=0xb15 to=0x1000000000000000000000000000000000000026 response={"jsonrpc":"2.0","id":38,"result":"0x457223cd29ec4a873454f2a9d61477b36741e8404ec22af221341524ad55580b"}
tx 38/100: nonce=0xb16 to=0x1000000000000000000000000000000000000027 response={"jsonrpc":"2.0","id":39,"result":"0x33ef772d09b4df0d6df5c6781b586eaf8177b4a24d847519b24ed184022f4f0c"}
tx 39/100: nonce=0xb17 to=0x1000000000000000000000000000000000000028 response={"jsonrpc":"2.0","id":40,"result":"0x8f7b2a5baaefbdbb9768260aca674ceebf6f2e24f765b5dbc7f6824aaf0fb50d"}
tx 40/100: nonce=0xb18 to=0x1000000000000000000000000000000000000029 response={"jsonrpc":"2.0","id":41,"result":"0x7a756e6d7d3baa91b784af82f4cc712cb920eadb7ed714542d417c435fc68cfb"}
tx 41/100: nonce=0xb19 to=0x100000000000000000000000000000000000002a response={"jsonrpc":"2.0","id":42,"result":"0xaa80678ff7902f8aeb9d6b2af0c0822c2271f0d67393ef32a68b7d76a8b9851e"}
tx 42/100: nonce=0xb1a to=0x100000000000000000000000000000000000002b response={"jsonrpc":"2.0","id":43,"result":"0xeaf02065bed8bed42162d30abacef84c3eec8f67c9a9beb42698b5fe2dedd425"}
tx 43/100: nonce=0xb1b to=0x100000000000000000000000000000000000002c response={"jsonrpc":"2.0","id":44,"result":"0xd76053977870d50693fa573fb4070a83582d587c39818b849fd8745cad91376f"}
tx 44/100: nonce=0xb1c to=0x100000000000000000000000000000000000002d response={"jsonrpc":"2.0","id":45,"result":"0xce481630bc843608d06e6fb7682750dba3e565d1cf8eee23d05b47ee29c49d03"}
tx 45/100: nonce=0xb1d to=0x100000000000000000000000000000000000002e response={"jsonrpc":"2.0","id":46,"result":"0xdf419d355c5f1f2681b8a87893b642d9cff25e5d496fa7b2c99145aac78621cd"}
tx 46/100: nonce=0xb1e to=0x100000000000000000000000000000000000002f response={"jsonrpc":"2.0","id":47,"result":"0x465a0d665d7a4722d923d8f60009b9c88a6e63a05e3d8692b4359627e08b1e14"}
tx 47/100: nonce=0xb1f to=0x1000000000000000000000000000000000000030 response={"jsonrpc":"2.0","id":48,"result":"0x95584d2e4374234986942b868658ea471b7e5684155b6af92b8fbf97c04ea874"}
tx 48/100: nonce=0xb20 to=0x1000000000000000000000000000000000000031 response={"jsonrpc":"2.0","id":49,"result":"0x0333f2e3f45c2e684b6ffb52acfd8480547a116d99f79c214c2561c4b09df52a"}
tx 49/100: nonce=0xb21 to=0x1000000000000000000000000000000000000032 response={"jsonrpc":"2.0","id":50,"result":"0xc59e9c926a9f73ab22ddf8daa0583069a3e3be4f90ace80c69d69eee17b677be"}
tx 50/100: nonce=0xb22 to=0x1000000000000000000000000000000000000033 response={"jsonrpc":"2.0","id":51,"result":"0x8989830b37666c2b9a9987295935e0cd6331919eb833e7759a289d66ebedaf41"}
tx 51/100: nonce=0xb23 to=0x1000000000000000000000000000000000000034 response={"jsonrpc":"2.0","id":52,"result":"0x8c7b89fc0c3fdb04fb876b0731481049bdab22f199d7251f111216aa2196df5e"}
tx 52/100: nonce=0xb24 to=0x1000000000000000000000000000000000000035 response={"jsonrpc":"2.0","id":53,"result":"0x3563c99c3bd38ca7f16cc8dedd9626ebebdfcc0ce5552c9923ce66eb83f20ef1"}
tx 53/100: nonce=0xb25 to=0x1000000000000000000000000000000000000036 response={"jsonrpc":"2.0","id":54,"result":"0x8dcd3beb650de96d4977ced1ab6750a716f8dd33f5ff348a4bc7aa356cdbe2db"}
tx 54/100: nonce=0xb26 to=0x1000000000000000000000000000000000000037 response={"jsonrpc":"2.0","id":55,"result":"0x29987a44a73169dde3c2a64ed92af50ffcfbe5470245cca1e9e3df34c77c2308"}
tx 55/100: nonce=0xb27 to=0x1000000000000000000000000000000000000038 response={"jsonrpc":"2.0","id":56,"result":"0x94d8c37f0c7773a8b86c227cc8f05173c6b49d8e6a808f9adab6fc368293b0c8"}
tx 56/100: nonce=0xb28 to=0x1000000000000000000000000000000000000039 response={"jsonrpc":"2.0","id":57,"result":"0x570743aa43c31eb5b4fd04576471d2de8f0759d9d8d56e4bb191298d6665447d"}
tx 57/100: nonce=0xb29 to=0x100000000000000000000000000000000000003a response={"jsonrpc":"2.0","id":58,"result":"0xe2d6b84fb9498f83d47b81a6567e630d5255df141891869758af29bc73532e68"}
tx 58/100: nonce=0xb2a to=0x100000000000000000000000000000000000003b response={"jsonrpc":"2.0","id":59,"result":"0xbaddc2f2fe6b3ecfb44a9c637b81d534b889460a3c4a8b7ba7df65bca381e571"}
tx 59/100: nonce=0xb2b to=0x100000000000000000000000000000000000003c response={"jsonrpc":"2.0","id":60,"result":"0x065586c1702f2f2ae63cf082a1a20491805236948209d12ad16a167cb165a30d"}
tx 60/100: nonce=0xb2c to=0x100000000000000000000000000000000000003d response={"jsonrpc":"2.0","id":61,"result":"0x90baad5888e8be7981a002db6dfed5e9d24270eef6172a0836b0a72acedc1b56"}
tx 61/100: nonce=0xb2d to=0x100000000000000000000000000000000000003e response={"jsonrpc":"2.0","id":62,"result":"0x8601eec6176374cfad41c8c9b6378d1d158a9029b3b1020d762368ff38410b00"}
tx 62/100: nonce=0xb2e to=0x100000000000000000000000000000000000003f response={"jsonrpc":"2.0","id":63,"result":"0x3a3852fe068385ff162a143fb343a7032cc96dc7f9f34eb5787b4670344ef249"}
tx 63/100: nonce=0xb2f to=0x1000000000000000000000000000000000000040 response={"jsonrpc":"2.0","id":64,"result":"0x621771d9bd5bc9c8ce7e0644f6d5911c414549e534b2dc16de8a6476c83bdf2a"}
tx 64/100: nonce=0xb30 to=0x1000000000000000000000000000000000000041 response={"jsonrpc":"2.0","id":65,"result":"0x9be5a8d078213b8ba5e87b5e21245d46761de8442607a98895a2af0abdf3c237"}
tx 65/100: nonce=0xb31 to=0x1000000000000000000000000000000000000042 response={"jsonrpc":"2.0","id":66,"result":"0x12a3937a55aa8f582bdfb58eaa3f92518fe6e79e3ed1cfc209b89d82f17d9f7f"}
tx 66/100: nonce=0xb32 to=0x1000000000000000000000000000000000000043 response={"jsonrpc":"2.0","id":67,"result":"0x7391225b53353881db8d9891955ae5905bade3435d4cd236c0cf275e111588c8"}
tx 67/100: nonce=0xb33 to=0x1000000000000000000000000000000000000044 response={"jsonrpc":"2.0","id":68,"result":"0x6f36d0d82e45dbcfcc1a86974d92243da37a70d710d1557039202cb3fde4c41f"}
tx 68/100: nonce=0xb34 to=0x1000000000000000000000000000000000000045 response={"jsonrpc":"2.0","id":69,"result":"0xb81592cb24cc7978b43329af4c1fbbb5903130d15ee0fd8ce59cb41d38dfc0d0"}
tx 69/100: nonce=0xb35 to=0x1000000000000000000000000000000000000046 response={"jsonrpc":"2.0","id":70,"result":"0x382e3b4ee4e2dab79a152efe2a29ab3037e195c527ce71b71fa7eee97433adfc"}
tx 70/100: nonce=0xb36 to=0x1000000000000000000000000000000000000047 response={"jsonrpc":"2.0","id":71,"result":"0x89b0fdd842d539cb1bb533f5bde618f9b0d4ad2c51c542a483f6cf7e93b185c3"}
tx 71/100: nonce=0xb37 to=0x1000000000000000000000000000000000000048 response={"jsonrpc":"2.0","id":72,"result":"0x3e56b727c0b870a5c547477452332d5ff91d4fcf7b011269f2fbc6cd152af0bf"}
tx 72/100: nonce=0xb38 to=0x1000000000000000000000000000000000000049 response={"jsonrpc":"2.0","id":73,"result":"0xbc526f6672d01088763e55d75cb254ed6dad807ffa2a8e2f980350d7cee04e25"}
tx 73/100: nonce=0xb39 to=0x100000000000000000000000000000000000004a response={"jsonrpc":"2.0","id":74,"result":"0xc3bdc204bc1488dffd0e99cd8076327a34cc0d775709d19b02ae4f3429849480"}
tx 74/100: nonce=0xb3a to=0x100000000000000000000000000000000000004b response={"jsonrpc":"2.0","id":75,"result":"0x7a40d22f46a3b415c46a35eea2a662bd351b250e1b85dc45fc77bdcc7151f9ac"}
tx 75/100: nonce=0xb3b to=0x100000000000000000000000000000000000004c response={"jsonrpc":"2.0","id":76,"result":"0x7cc778b35f04ac82599364482bd95b53e602533a760acc92e2deed94f6e2d031"}
tx 76/100: nonce=0xb3c to=0x100000000000000000000000000000000000004d response={"jsonrpc":"2.0","id":77,"result":"0x9d0494c4872ebb4b10e7f5035a9afe31b37b3f579ed3aff6173b3f63a1836973"}
tx 77/100: nonce=0xb3d to=0x100000000000000000000000000000000000004e response={"jsonrpc":"2.0","id":78,"result":"0x79f82d8cc703c73dd6247d0840daff0763c9b6060d1fa765947ddaf6b1a1e173"}
tx 78/100: nonce=0xb3e to=0x100000000000000000000000000000000000004f response={"jsonrpc":"2.0","id":79,"result":"0x8848820460008c503c7825ec736ad82153b2495c659974558e016c2a6741ad17"}
tx 79/100: nonce=0xb3f to=0x1000000000000000000000000000000000000050 response={"jsonrpc":"2.0","id":80,"result":"0x92c501256caf7c82bfed8a6e7c4b2c21cf4a77b3630d74aab296410ae2bc7a1a"}
tx 80/100: nonce=0xb40 to=0x1000000000000000000000000000000000000051 response={"jsonrpc":"2.0","id":81,"result":"0x95ab250a7c1e3670fc7bcad38e928b9cd17bc7d5a6c74b65e33eb18683d833c7"}
tx 81/100: nonce=0xb41 to=0x1000000000000000000000000000000000000052 response={"jsonrpc":"2.0","id":82,"result":"0xf1599d97152c42ecc2e0c75852ffd22a631feeb8c9058dea82565f11987e7217"}
tx 82/100: nonce=0xb42 to=0x1000000000000000000000000000000000000053 response={"jsonrpc":"2.0","id":83,"result":"0x0ab590ca79ab9ee6c4fa17efd3a33b6d8fa9a09acfaa3fa7928e30ae66cb4aeb"}
tx 83/100: nonce=0xb43 to=0x1000000000000000000000000000000000000054 response={"jsonrpc":"2.0","id":84,"result":"0x03a367c1801541305afb7aba67985f26df3757fa70e704d5c0614ebf8ec268c7"}
tx 84/100: nonce=0xb44 to=0x1000000000000000000000000000000000000055 response={"jsonrpc":"2.0","id":85,"result":"0x213b3e8a57681471832825fc10c5afc185b03f4744621a7047feb632b4eaf264"}
tx 85/100: nonce=0xb45 to=0x1000000000000000000000000000000000000056 response={"jsonrpc":"2.0","id":86,"result":"0x7872977de4f87c95c84a75c9b158fc689c5019c382337f1fa1c41e0a0f03ef43"}
tx 86/100: nonce=0xb46 to=0x1000000000000000000000000000000000000057 response={"jsonrpc":"2.0","id":87,"result":"0xfac5c3118dcc438b38bcaa137f7a14bbaf94464f569aefa52b27f58cf0da0bb1"}
tx 87/100: nonce=0xb47 to=0x1000000000000000000000000000000000000058 response={"jsonrpc":"2.0","id":88,"result":"0x67ac9ff4aa839730414652003bee274c26d0675288a7fe5b7c718209e5f150ab"}
tx 88/100: nonce=0xb48 to=0x1000000000000000000000000000000000000059 response={"jsonrpc":"2.0","id":89,"result":"0x04381ff1c232da16da97b8d1be5ca64c3cd0cda5563f98129236051ceff7e31e"}
tx 89/100: nonce=0xb49 to=0x100000000000000000000000000000000000005a response={"jsonrpc":"2.0","id":90,"result":"0xa4ab88c653681ce36bbc0cbc660a00e741fe2790dc42751556d362df52131499"}
tx 90/100: nonce=0xb4a to=0x100000000000000000000000000000000000005b response={"jsonrpc":"2.0","id":91,"result":"0x73d33e84fb3ad65be4b2510a1b247f5c46f97762fc52d0c93751374fd213beb2"}
tx 91/100: nonce=0xb4b to=0x100000000000000000000000000000000000005c response={"jsonrpc":"2.0","id":92,"result":"0x0c1fbbee1d13e987544ef23ae0d2853506cf7299bcefee2c09a9d4191f7fe5bb"}
tx 92/100: nonce=0xb4c to=0x100000000000000000000000000000000000005d response={"jsonrpc":"2.0","id":93,"result":"0xcec4a05b61f9f5b1a38d71b87bb28cefe2c1f79f99a95d2dea5a015638601e5c"}
tx 93/100: nonce=0xb4d to=0x100000000000000000000000000000000000005e response={"jsonrpc":"2.0","id":94,"result":"0xffee7bac841935ade623b8d0e1f005ea23cf4d229f008f9b68f02b73d561cdc7"}
tx 94/100: nonce=0xb4e to=0x100000000000000000000000000000000000005f response={"jsonrpc":"2.0","id":95,"result":"0x6700569714bf2a1e8c6daa7af72a19cf10a6b2fabb1bca4faefe36109fdeaa65"}
tx 95/100: nonce=0xb4f to=0x1000000000000000000000000000000000000060 response={"jsonrpc":"2.0","id":96,"result":"0xe4d9354fc119b8c6d9ca2b1b5423985606a9d5bd515f7b02a02ab55cb9b5fa2e"}
tx 96/100: nonce=0xb50 to=0x1000000000000000000000000000000000000061 response={"jsonrpc":"2.0","id":97,"result":"0xabe446bf39cdc1cf06c50a7ed710ca1a9df6105f596cf76dfa6ad1aa79bb16a6"}
tx 97/100: nonce=0xb51 to=0x1000000000000000000000000000000000000062 response={"jsonrpc":"2.0","id":98,"result":"0x569ea7d1aeba617e45343acdf9e894d1db5e30c5f4b5b444d4187e4e2f35d847"}
tx 98/100: nonce=0xb52 to=0x1000000000000000000000000000000000000063 response={"jsonrpc":"2.0","id":99,"result":"0xb2ba096ed1cf9623fca27f40b5ceefb8a772766386485fc73172526d81439bc8"}
tx 99/100: nonce=0xb53 to=0x1000000000000000000000000000000000000064 response={"jsonrpc":"2.0","id":100,"result":"0x1f4b0fe8122683b61dbd905e201e1b784de17e3002e700793bf9bfab5cd03f32"}
Done. Check pending txs with:
curl -s -H 'Content-Type: application/json' --data '{"jsonrpc":"2.0","method":"txpool_status","params":[],"id":1}' http://127.0.0.1:8545
Sending 100 txs from 0x92424e4f86201c931ba53eb48619d93244c18e13 via http://127.0.0.1:8545, base_nonce=2900, to_mode=sequential
tx 0/100: nonce=0xb54 to=0x1000000000000000000000000000000000000001 response={"jsonrpc":"2.0","id":1,"result":"0x775658fb1cf35d76619f26f6183804a9d64039c2b1f7b225502fe55378928845"}
tx 1/100: nonce=0xb55 to=0x1000000000000000000000000000000000000002 response={"jsonrpc":"2.0","id":2,"result":"0xeaec8d1efc1ccc7f2b544772ee1e90d4e8be487a3a95cd6714e9d7441d3f6e57"}
tx 2/100: nonce=0xb56 to=0x1000000000000000000000000000000000000003 response={"jsonrpc":"2.0","id":3,"result":"0xbad2c7b30c1d203f3c8d1e1af3b745fbb0c49602f059b7fd14157d2fe6a28316"}
tx 3/100: nonce=0xb57 to=0x1000000000000000000000000000000000000004 response={"jsonrpc":"2.0","id":4,"result":"0xdcfbfcb9bd3aa990bdb2df2bfa7a56596f45ac9017e3100eca0fc64bdd4dc506"}
tx 4/100: nonce=0xb58 to=0x1000000000000000000000000000000000000005 response={"jsonrpc":"2.0","id":5,"result":"0x5bf9b2ebd310b721e97f6540fe4331d15989e682db0bc77928d8be17b0753db9"}
tx 5/100: nonce=0xb59 to=0x1000000000000000000000000000000000000006 response={"jsonrpc":"2.0","id":6,"result":"0xb94fc0e8de408db05163e249fa283063fd528d8a7f730bbf354e107356dafe96"}
tx 6/100: nonce=0xb5a to=0x1000000000000000000000000000000000000007 response={"jsonrpc":"2.0","id":7,"result":"0x8ec857b9c009c8ccfd24d44389d396ef2261f1839e7bd28b3f64f6b21ada71b8"}
tx 7/100: nonce=0xb5b to=0x1000000000000000000000000000000000000008 response={"jsonrpc":"2.0","id":8,"result":"0x5897f778239152ea48f2bdba8e0d5d6d8c892606e55119df211a2f4a8e75570c"}
tx 8/100: nonce=0xb5c to=0x1000000000000000000000000000000000000009 response={"jsonrpc":"2.0","id":9,"result":"0xc8b3a09f49553a97237791620b5829c1cedb10fcf5015cde30523ed84c013f47"}
tx 9/100: nonce=0xb5d to=0x100000000000000000000000000000000000000a response={"jsonrpc":"2.0","id":10,"result":"0x37c3cfc6393aabee580360f48128255eac80abd77995007f29ed38a9f8bd6428"}
tx 10/100: nonce=0xb5e to=0x100000000000000000000000000000000000000b response={"jsonrpc":"2.0","id":11,"result":"0x8e5684be3694bbdbb4953056ce354cd8bcea3b48997598cec35aa81c52571266"}
tx 11/100: nonce=0xb5f to=0x100000000000000000000000000000000000000c response={"jsonrpc":"2.0","id":12,"result":"0x2ce163839fd6e77c7121ed91d0b49a01d23f5a3d02dd93f5793f4937baea7258"}
tx 12/100: nonce=0xb60 to=0x100000000000000000000000000000000000000d response={"jsonrpc":"2.0","id":13,"result":"0x94cc2d8a6e8f9e26f04624933cc1ab37994eba85525e19d68b965e956cc13896"}
tx 13/100: nonce=0xb61 to=0x100000000000000000000000000000000000000e response={"jsonrpc":"2.0","id":14,"result":"0x022dbfa9e24a60175b997a3efb5bf4b8520a474dcaa5f3fb396ac4fdd3877733"}
tx 14/100: nonce=0xb62 to=0x100000000000000000000000000000000000000f response={"jsonrpc":"2.0","id":15,"result":"0x86bdde06a5bc934163798d0b3a57db7cd3948f4cab95f0951fc9e7dd8011a412"}
tx 15/100: nonce=0xb63 to=0x1000000000000000000000000000000000000010 response={"jsonrpc":"2.0","id":16,"result":"0xfda2f3c29991f243ec258c91f3bf43565016be0a3fa5ddbc987d23dd6ddd42df"}
tx 16/100: nonce=0xb64 to=0x1000000000000000000000000000000000000011 response={"jsonrpc":"2.0","id":17,"result":"0x76abd7f079a7b7e2b086138f9561d8d7d65920265a01554dcf23f9d5a462f681"}
tx 17/100: nonce=0xb65 to=0x1000000000000000000000000000000000000012 response={"jsonrpc":"2.0","id":18,"result":"0x755ac4a1de3ab36697d8556729eca80d48e3a3e4c1a0b6ab402054310702c2c7"}
tx 18/100: nonce=0xb66 to=0x1000000000000000000000000000000000000013 response={"jsonrpc":"2.0","id":19,"result":"0x28c62c58f83c99c8c310dcaaf3af3e05c53778a305f39dbaab27c35b80df47cd"}
tx 19/100: nonce=0xb67 to=0x1000000000000000000000000000000000000014 response={"jsonrpc":"2.0","id":20,"result":"0xe8ace00cc3d4c826ac84c6981fb6c3d79441f39e883b250be89a988a688e5760"}
tx 20/100: nonce=0xb68 to=0x1000000000000000000000000000000000000015 response={"jsonrpc":"2.0","id":21,"result":"0xc5b6ce13a9b7aef4a8be902f1892c07fefd9e182a301d6925ce9777942a62ae6"}
tx 21/100: nonce=0xb69 to=0x1000000000000000000000000000000000000016 response={"jsonrpc":"2.0","id":22,"result":"0xd3fbb86091103b449be8833880c0a12e88b823e92162ed1a62ba003718623bfc"}
tx 22/100: nonce=0xb6a to=0x1000000000000000000000000000000000000017 response={"jsonrpc":"2.0","id":23,"result":"0xc0617ff53a64324c52603c5622420a531c5dc451e73a36f32085060f32a05f33"}
tx 23/100: nonce=0xb6b to=0x1000000000000000000000000000000000000018 response={"jsonrpc":"2.0","id":24,"result":"0xe3631105635ca4cc75cb929d0a5d1d0b27b21de0f0d7c7a2f74129be3d849401"}
tx 24/100: nonce=0xb6c to=0x1000000000000000000000000000000000000019 response={"jsonrpc":"2.0","id":25,"result":"0xf0aefa1b28c7f235ff106e0745030c966dbde56b92ca8c5895abd5d37f73e7fb"}
tx 25/100: nonce=0xb6d to=0x100000000000000000000000000000000000001a response={"jsonrpc":"2.0","id":26,"result":"0x39087c1261ed294628bd9bd738766a1bb67fe93bbf8d936d6333de65c0e8d211"}
tx 26/100: nonce=0xb6e to=0x100000000000000000000000000000000000001b response={"jsonrpc":"2.0","id":27,"result":"0x18363e1d994153f5baf63175d1fc6b2b34ed24f6efa7d87c9f8017bc4e64f222"}
tx 27/100: nonce=0xb6f to=0x100000000000000000000000000000000000001c response={"jsonrpc":"2.0","id":28,"result":"0x03a8d0c96d3547dd3307b8935c87e1a94c81c890891270b696aa710f9bdd53c6"}
tx 28/100: nonce=0xb70 to=0x100000000000000000000000000000000000001d response={"jsonrpc":"2.0","id":29,"result":"0x75e9e1bc1b8f035be0390eee18fab45f6c0ef68319af3053a85b1d0a5bce4a16"}
tx 29/100: nonce=0xb71 to=0x100000000000000000000000000000000000001e response={"jsonrpc":"2.0","id":30,"result":"0xb8c8c65e8ec120c95c76d13110123458da9dbd2c13a807ef3b9a661435a9945a"}
tx 30/100: nonce=0xb72 to=0x100000000000000000000000000000000000001f response={"jsonrpc":"2.0","id":31,"result":"0xed5f2266ca5d86f0f69f23ac7816d8f06ade692f82559d1eebeb23e0e74d70c0"}
tx 31/100: nonce=0xb73 to=0x1000000000000000000000000000000000000020 response={"jsonrpc":"2.0","id":32,"result":"0x71b302fec0474416f615f0542abb4919a0cb880a99f677f892c1675f1ca98c32"}
tx 32/100: nonce=0xb74 to=0x1000000000000000000000000000000000000021 response={"jsonrpc":"2.0","id":33,"result":"0x8f14d478abbc91c74096bdf15fd8dceb0423c152606c050f27fd09af4bedebd6"}
tx 33/100: nonce=0xb75 to=0x1000000000000000000000000000000000000022 response={"jsonrpc":"2.0","id":34,"result":"0x9f027203e8812f8445baea49ec6cda43a72ba460b72650bfbb34512cca2ce845"}
tx 34/100: nonce=0xb76 to=0x1000000000000000000000000000000000000023 response={"jsonrpc":"2.0","id":35,"result":"0x1f1d1363e93563d84c61f89cbe0a1789b22a0a97ffa163bd0e14d8a992be4bac"}
tx 35/100: nonce=0xb77 to=0x1000000000000000000000000000000000000024 response={"jsonrpc":"2.0","id":36,"result":"0x49efe8f57728b8f5cae6dfa6a997a92f2b3e9d3b20fa65229228ceda84d9d801"}
tx 36/100: nonce=0xb78 to=0x1000000000000000000000000000000000000025 response={"jsonrpc":"2.0","id":37,"result":"0xd845a11a3a04edf184faee180cd2b62264260df5d7efad042e8ae18119dbdb0d"}
tx 37/100: nonce=0xb79 to=0x1000000000000000000000000000000000000026 response={"jsonrpc":"2.0","id":38,"result":"0x2e53e33aef5bdc1f6660e9e0415ebbd04ba4990b67551cd87d563c2ca1bbc694"}
tx 38/100: nonce=0xb7a to=0x1000000000000000000000000000000000000027 response={"jsonrpc":"2.0","id":39,"result":"0xf150f41e2ef4d37794d80692419c4e38a9ef6bf328de6354f1db444f920ddbb3"}
tx 39/100: nonce=0xb7b to=0x1000000000000000000000000000000000000028 response={"jsonrpc":"2.0","id":40,"result":"0x15fc865c94b0d7e87fa08dffabf3a21cf620fd100dd6514d0a3c6793e8d4b501"}
tx 40/100: nonce=0xb7c to=0x1000000000000000000000000000000000000029 response={"jsonrpc":"2.0","id":41,"result":"0x8937d04ee964a6eab25657141cd07c60dd5a367424e3ea38df0fd912d2a55342"}
tx 41/100: nonce=0xb7d to=0x100000000000000000000000000000000000002a response={"jsonrpc":"2.0","id":42,"result":"0x2deb4c85a3261a63651344179ddae51f7b1f7e44a06572d6c4a09859b39a067f"}
tx 42/100: nonce=0xb7e to=0x100000000000000000000000000000000000002b response={"jsonrpc":"2.0","id":43,"result":"0x5ff5e8a1c42c3fecccb07de4bea3a59e9e14f2ebe9b78262b33077e450350148"}
tx 43/100: nonce=0xb7f to=0x100000000000000000000000000000000000002c response={"jsonrpc":"2.0","id":44,"result":"0xc358aa6e50a203b454e1192dd0ee8cc5c8e501850fa176313c870b2063329e35"}
tx 44/100: nonce=0xb80 to=0x100000000000000000000000000000000000002d response={"jsonrpc":"2.0","id":45,"result":"0xbbefd98ab1858a9e52a8396a8ce8c6027810c2321365b93e7798612082ec92c4"}
tx 45/100: nonce=0xb81 to=0x100000000000000000000000000000000000002e response={"jsonrpc":"2.0","id":46,"result":"0xc7514884300fde71925ef510e67c11216c52b3bf1dbb8b3e6fd7aed5a3650fb8"}
tx 46/100: nonce=0xb82 to=0x100000000000000000000000000000000000002f response={"jsonrpc":"2.0","id":47,"result":"0xf9eff5c0162323b2f4809c9df3ba4f531d08272e66132222194c0fdb3e26224d"}
tx 47/100: nonce=0xb83 to=0x1000000000000000000000000000000000000030 response={"jsonrpc":"2.0","id":48,"result":"0xd8101ac630fc4afa89987c5fb0f809bf4df13a332eb48ca89df50e4db45e3b4f"}
tx 48/100: nonce=0xb84 to=0x1000000000000000000000000000000000000031 response={"jsonrpc":"2.0","id":49,"result":"0xbc959fcf08dbb94f38a8f3010a686ee6d5b17576938e9bde004c3fdf6dc46649"}
tx 49/100: nonce=0xb85 to=0x1000000000000000000000000000000000000032 response={"jsonrpc":"2.0","id":50,"result":"0xdbea19ef2dcfe235cac804ee48b8f437e1ae4d58b924a89a04ab6ab016d55317"}
tx 50/100: nonce=0xb86 to=0x1000000000000000000000000000000000000033 response={"jsonrpc":"2.0","id":51,"result":"0xee0ab94dd663bfc2a41ba5e0e7d5e5b57884c26ff1c3e9f65405ab72f039012b"}
tx 51/100: nonce=0xb87 to=0x1000000000000000000000000000000000000034 response={"jsonrpc":"2.0","id":52,"result":"0x9a9c104582c5fec3f29cfab281cdb9bf85d97e375f15f61e7e1cc286cc9508c7"}
tx 52/100: nonce=0xb88 to=0x1000000000000000000000000000000000000035 response={"jsonrpc":"2.0","id":53,"result":"0x13435dcc4306525a9ada51d55d0ad4713a4be8a79437e24ea0b6e376cc22f256"}
tx 53/100: nonce=0xb89 to=0x1000000000000000000000000000000000000036 response={"jsonrpc":"2.0","id":54,"result":"0x46a4b30bc2459fdea3a6a0bdaf359757a4039ce218bbadd045db713b78e66692"}
tx 54/100: nonce=0xb8a to=0x1000000000000000000000000000000000000037 response={"jsonrpc":"2.0","id":55,"result":"0xbc9d60610b7ddbd1aeba4824c12c9dc8e3060ab01596fcc2efd280f45e1de41b"}
tx 55/100: nonce=0xb8b to=0x1000000000000000000000000000000000000038 response={"jsonrpc":"2.0","id":56,"result":"0x411e8053485a156b63f3a63469eaceb72546eab54841214ed462422884aac323"}
tx 56/100: nonce=0xb8c to=0x1000000000000000000000000000000000000039 response={"jsonrpc":"2.0","id":57,"result":"0x408bc2d7af13f8a38deefcd5873c2389230cb6011b57747a7275aceddf429bac"}
tx 57/100: nonce=0xb8d to=0x100000000000000000000000000000000000003a response={"jsonrpc":"2.0","id":58,"result":"0xb848b30fddd0e76546dd45be20d7d4b6ba154882722ac919b2040328eb881be9"}
tx 58/100: nonce=0xb8e to=0x100000000000000000000000000000000000003b response={"jsonrpc":"2.0","id":59,"result":"0x84b2d1dc64b0d75eeb498a90494cec14a6a7fad906b16b553266e55f63a7d343"}
tx 59/100: nonce=0xb8f to=0x100000000000000000000000000000000000003c response={"jsonrpc":"2.0","id":60,"result":"0xbd0d10e53cc83f2ed10102f27453c9231db75a5df3e282d8ba2b32646a2b2558"}
tx 60/100: nonce=0xb90 to=0x100000000000000000000000000000000000003d response={"jsonrpc":"2.0","id":61,"result":"0xecd2622b7510a6297117acd7a4b48b96dc9f2303367c7c027d86e58f20fc3f7f"}
tx 61/100: nonce=0xb91 to=0x100000000000000000000000000000000000003e response={"jsonrpc":"2.0","id":62,"result":"0x0bfaed7b3535dc4b7d91c7386c038343965c7b069e4c626464c6253976111ed1"}
tx 62/100: nonce=0xb92 to=0x100000000000000000000000000000000000003f response={"jsonrpc":"2.0","id":63,"result":"0x4be0432212471e8bea43aa9f419a7764e2e4b63a87337bdd4f467774baa953b6"}
tx 63/100: nonce=0xb93 to=0x1000000000000000000000000000000000000040 response={"jsonrpc":"2.0","id":64,"result":"0xbb56661e2c04cf8f441ba02081c51ffb2c673b602e8df903bdde661db7dae549"}
tx 64/100: nonce=0xb94 to=0x1000000000000000000000000000000000000041 response={"jsonrpc":"2.0","id":65,"result":"0xf315728555c0961ccfb582f6ad20d8df30f7be4d384071bb5fe050ed1b230180"}
tx 65/100: nonce=0xb95 to=0x1000000000000000000000000000000000000042 response={"jsonrpc":"2.0","id":66,"result":"0x2891938d86753fbbdb2ba59d952ffb1def78ef36f7e757c6b222e3b97be11cfa"}
tx 66/100: nonce=0xb96 to=0x1000000000000000000000000000000000000043 response={"jsonrpc":"2.0","id":67,"result":"0xf5350562567568dbef0709aa13a8535208310696cfc57fa3013a2a4a0edbf3a3"}
tx 67/100: nonce=0xb97 to=0x1000000000000000000000000000000000000044 response={"jsonrpc":"2.0","id":68,"result":"0x06781fa5a2a7edad5f5905ca9b8e2a096461eb6d49c80c85c49fbed06cac08fd"}
tx 68/100: nonce=0xb98 to=0x1000000000000000000000000000000000000045 response={"jsonrpc":"2.0","id":69,"result":"0x7f5d5a9d5a36ba919a36d387598d9c7dfae18f5a951cea3c4cf0d019a6f602af"}
tx 69/100: nonce=0xb99 to=0x1000000000000000000000000000000000000046 response={"jsonrpc":"2.0","id":70,"result":"0x5dcfbe192801fd18ba744d5593a5581a2219decfca5dfd39a2f66dcdedb525aa"}
tx 70/100: nonce=0xb9a to=0x1000000000000000000000000000000000000047 response={"jsonrpc":"2.0","id":71,"result":"0xe6d586c8a5cfbcb3bee93cef14a3e5a69cb35a92cc661a7becce1dc6ad65859c"}
tx 71/100: nonce=0xb9b to=0x1000000000000000000000000000000000000048 response={"jsonrpc":"2.0","id":72,"result":"0xfa4e0941bb799a62914781a5097cf1202d20e6d20c9b8b5a6608c3df21c91a58"}
tx 72/100: nonce=0xb9c to=0x1000000000000000000000000000000000000049 response={"jsonrpc":"2.0","id":73,"result":"0x5e3f062023b9dd3f438a0283e2e84a68d56951bb9958f7e09abfb1ee667a196e"}
tx 73/100: nonce=0xb9d to=0x100000000000000000000000000000000000004a response={"jsonrpc":"2.0","id":74,"result":"0xb7431e821e4f3b5182583dcaea46f27a416cfb5653bef6a0f1a8bcb4eaae7d9f"}
tx 74/100: nonce=0xb9e to=0x100000000000000000000000000000000000004b response={"jsonrpc":"2.0","id":75,"result":"0x811b58894fef50239aec97626310c3efd4804ab57d36344b0daa8b5e0dc1b1d2"}
tx 75/100: nonce=0xb9f to=0x100000000000000000000000000000000000004c response={"jsonrpc":"2.0","id":76,"result":"0xc5510ba2c16feb60ed2750e40ff565c7de1a8054584fc5a5e00c683d4d7200a8"}
tx 76/100: nonce=0xba0 to=0x100000000000000000000000000000000000004d response={"jsonrpc":"2.0","id":77,"result":"0x06b547cc0cfdaff7bceb44810fc639cc089836fdba37edd080016477ecdc20b8"}
tx 77/100: nonce=0xba1 to=0x100000000000000000000000000000000000004e response={"jsonrpc":"2.0","id":78,"result":"0x923ce011030b99cfe8b5370299854e9a362d47cc8492206249aaef9a8c339635"}
tx 78/100: nonce=0xba2 to=0x100000000000000000000000000000000000004f response={"jsonrpc":"2.0","id":79,"result":"0x07a943f9d278399d3abea4c4385b8a31276c7fc346f451ae410bb8332133d051"}
tx 79/100: nonce=0xba3 to=0x1000000000000000000000000000000000000050 response={"jsonrpc":"2.0","id":80,"result":"0xc92c9c504149b8af82d484388cde01589ca2d18d992fd39176cd3a8d75e8612e"}
tx 80/100: nonce=0xba4 to=0x1000000000000000000000000000000000000051 response={"jsonrpc":"2.0","id":81,"result":"0xc1e7415a5d99f4089e54f99c8a1436cc7e9bddf7e580c5be478a88fd7e1d6d5c"}
tx 81/100: nonce=0xba5 to=0x1000000000000000000000000000000000000052 response={"jsonrpc":"2.0","id":82,"result":"0xefef2781425b47b97af78c818b18f719fc99b80825a3c10e1e90a13b081eb1c4"}
tx 82/100: nonce=0xba6 to=0x1000000000000000000000000000000000000053 response={"jsonrpc":"2.0","id":83,"result":"0xe85c80d9b31433d3898821389ae72fc778021928785c06037d907afea2f8c31d"}
tx 83/100: nonce=0xba7 to=0x1000000000000000000000000000000000000054 response={"jsonrpc":"2.0","id":84,"result":"0xebf75d4d5b81048b5b0f27cc9821d8f20bc74b6681f5fa559f939198ed4a737e"}
tx 84/100: nonce=0xba8 to=0x1000000000000000000000000000000000000055 response={"jsonrpc":"2.0","id":85,"result":"0xc1b931308759cb7b164de7ad08d5568bc0f0c4788b53e443d14cf20f0fe20fde"}
tx 85/100: nonce=0xba9 to=0x1000000000000000000000000000000000000056 response={"jsonrpc":"2.0","id":86,"result":"0x26b8ca3c71ffcc8543e5c52580bfde7d5eda309dc4a7a85c2078cf88400d26aa"}
tx 86/100: nonce=0xbaa to=0x1000000000000000000000000000000000000057 response={"jsonrpc":"2.0","id":87,"result":"0x4db30d68bdd51ddbd1a3dd39ebc857ef3154a59849ec14e86f5517bbe29bb3d9"}
tx 87/100: nonce=0xbab to=0x1000000000000000000000000000000000000058 response={"jsonrpc":"2.0","id":88,"result":"0x0a2c16607022fe422b2e9cc367bcbd4c103f31dd97db244523d1a3a86f376abf"}
tx 88/100: nonce=0xbac to=0x1000000000000000000000000000000000000059 response={"jsonrpc":"2.0","id":89,"result":"0xdc2258138cedaf1702f7eed4d59b084c43d19563c090e6d8cff19d827177e9b4"}
tx 89/100: nonce=0xbad to=0x100000000000000000000000000000000000005a response={"jsonrpc":"2.0","id":90,"result":"0xb0bf6db60174d35b3e763da7cfa7c5721b8dfa3cac639f345190a3dd7839e175"}
tx 90/100: nonce=0xbae to=0x100000000000000000000000000000000000005b response={"jsonrpc":"2.0","id":91,"result":"0x82c96c777220c54339d6245fb39451f719617e0137a69c30fc12e472dc0c0f3a"}
tx 91/100: nonce=0xbaf to=0x100000000000000000000000000000000000005c response={"jsonrpc":"2.0","id":92,"result":"0xce7f9d4332aba445fcd79721ba6d27532bd35425e3b578bfd8e698c5a6136e50"}
tx 92/100: nonce=0xbb0 to=0x100000000000000000000000000000000000005d response={"jsonrpc":"2.0","id":93,"result":"0xf6ec775b864e94c5715e0a7d412831125c681ec22ab24342d3b5b814cec286f3"}
tx 93/100: nonce=0xbb1 to=0x100000000000000000000000000000000000005e response={"jsonrpc":"2.0","id":94,"result":"0x9fee98636f29e961246e1d7a0db53a8e2031904f617e51dc4439dbb71b8ffd5a"}
tx 94/100: nonce=0xbb2 to=0x100000000000000000000000000000000000005f response={"jsonrpc":"2.0","id":95,"result":"0x4a2816a0d0cef343e4553b0d111b704c449a0715d0d31696971783afe590966f"}
tx 95/100: nonce=0xbb3 to=0x1000000000000000000000000000000000000060 response={"jsonrpc":"2.0","id":96,"result":"0x0c9806968daada2da03c2af7bfdb7fc7ab9d4b0d9478a9322d31f936024a9ffc"}
tx 96/100: nonce=0xbb4 to=0x1000000000000000000000000000000000000061 response={"jsonrpc":"2.0","id":97,"result":"0x9b08f56f48a8951382bfb99aa7b3bba0160e8181e30878f4b78550f31b3f5f39"}
tx 97/100: nonce=0xbb5 to=0x1000000000000000000000000000000000000062 response={"jsonrpc":"2.0","id":98,"result":"0xe5ffb0f0bb4229bb0818c5290ba0af23381f4b8848e10c7956d2a5e70987e1c8"}
tx 98/100: nonce=0xbb6 to=0x1000000000000000000000000000000000000063 response={"jsonrpc":"2.0","id":99,"result":"0xa0ac0f708fda868a2eee24d31a161afa23cc968bbce52912ae8b6e020b2a0b2c"}
tx 99/100: nonce=0xbb7 to=0x1000000000000000000000000000000000000064 response={"jsonrpc":"2.0","id":100,"result":"0x17c68e661bbfb0ce9312e5f87fcaf2758b359369b4c8a757d15ad72edeeb68a8"}
Done. Check pending txs with:
curl -s -H 'Content-Type: application/json' --data '{"jsonrpc":"2.0","method":"txpool_status","params":[],"id":1}' http://127.0.0.1:8545
Sending 100 txs from 0x92424e4f86201c931ba53eb48619d93244c18e13 via http://127.0.0.1:8545, base_nonce=3000, to_mode=sequential
tx 0/100: nonce=0xbb8 to=0x1000000000000000000000000000000000000001 response={"jsonrpc":"2.0","id":1,"result":"0x39cbd356aba7e9bd6173b378d9bcbb90234ee98adbbcb595a36e23d70e60d436"}
tx 1/100: nonce=0xbb9 to=0x1000000000000000000000000000000000000002 response={"jsonrpc":"2.0","id":2,"result":"0x4ed29207256aac7aa4f56b1c30acc925686b97d39146fb4e7927dba8f7268401"}
tx 2/100: nonce=0xbba to=0x1000000000000000000000000000000000000003 response={"jsonrpc":"2.0","id":3,"result":"0x4c91b7c9c0d995cdc907041395886119515a3b3c245d45af9275e353e77ca673"}
tx 3/100: nonce=0xbbb to=0x1000000000000000000000000000000000000004 response={"jsonrpc":"2.0","id":4,"result":"0xcccc4b69582aae81f12a21c794ec8958d9a3e6aeba085fd830f901b121b43d4c"}
tx 4/100: nonce=0xbbc to=0x1000000000000000000000000000000000000005 response={"jsonrpc":"2.0","id":5,"result":"0x227394e664a39ced5eca6b380ef775ed86cd9e53e3b0c9c808a1a61e78d02d5b"}
tx 5/100: nonce=0xbbd to=0x1000000000000000000000000000000000000006 response={"jsonrpc":"2.0","id":6,"result":"0x229dad8367b3e31b860029a95b38bd7b44907b49d47408a7e5e45bb7211d9d43"}
tx 6/100: nonce=0xbbe to=0x1000000000000000000000000000000000000007 response={"jsonrpc":"2.0","id":7,"result":"0x9758efeefcd0353b2c194a0268c6ac07d7065805e6d6878155c9c5b6b31f2751"}
tx 7/100: nonce=0xbbf to=0x1000000000000000000000000000000000000008 response={"jsonrpc":"2.0","id":8,"result":"0xe7461f38de3207a6f319073938cc5ce4f864842ebc6b15f4d611ebbf472e4144"}
tx 8/100: nonce=0xbc0 to=0x1000000000000000000000000000000000000009 response={"jsonrpc":"2.0","id":9,"result":"0x3657f691579c397f52508aa5321ec61240333796d4754cd9710d736db93fb6e4"}
tx 9/100: nonce=0xbc1 to=0x100000000000000000000000000000000000000a response={"jsonrpc":"2.0","id":10,"result":"0xccab6b98e4cea7cdd81c1e8125fe7ffc10de48d5e11d11f2b4d4c11b30c2010f"}
tx 10/100: nonce=0xbc2 to=0x100000000000000000000000000000000000000b response={"jsonrpc":"2.0","id":11,"result":"0xabefe4316d7fccff5055211b90ce02c1c592c0f54e7feff14e92d1dc7615cf85"}
tx 11/100: nonce=0xbc3 to=0x100000000000000000000000000000000000000c response={"jsonrpc":"2.0","id":12,"result":"0x2af4a71eda4a0c6502c42cc6f6653965244c4a55977aa900f5ad0131ccefa23f"}
tx 12/100: nonce=0xbc4 to=0x100000000000000000000000000000000000000d response={"jsonrpc":"2.0","id":13,"result":"0xeb722c45a108f3b08227bf10291256b9d2d772215ee4411bfed045ba8ffc61db"}
tx 13/100: nonce=0xbc5 to=0x100000000000000000000000000000000000000e response={"jsonrpc":"2.0","id":14,"result":"0x41de8d68dad19b802b2d97183c6ed328edfb2438fe0bbeea0b4e2a4b76431571"}
tx 14/100: nonce=0xbc6 to=0x100000000000000000000000000000000000000f response={"jsonrpc":"2.0","id":15,"result":"0x3ada262186b697a0a3e4dd8dfe955c0ac9d7cc65bffec9f9c60bef0f3e1afa50"}
tx 15/100: nonce=0xbc7 to=0x1000000000000000000000000000000000000010 response={"jsonrpc":"2.0","id":16,"result":"0x502b268e6a92230489fcaced9586f48f3bea83b8bc99f716242f7ecec5084b3d"}
tx 16/100: nonce=0xbc8 to=0x1000000000000000000000000000000000000011 response={"jsonrpc":"2.0","id":17,"result":"0x300e656d8e9818423588ddd08caeaeaf7d522132e4b980c02a45634df1fc8e6d"}
tx 17/100: nonce=0xbc9 to=0x1000000000000000000000000000000000000012 response={"jsonrpc":"2.0","id":18,"result":"0x9571852de3ec0229dca796561e7fc93a48d969f7798297dc8a6b2871848184d4"}
tx 18/100: nonce=0xbca to=0x1000000000000000000000000000000000000013 response={"jsonrpc":"2.0","id":19,"result":"0xbecd620a77391c0d2f810cbcf2c578ff4a61094376fca912079fb59e0d4a976e"}
tx 19/100: nonce=0xbcb to=0x1000000000000000000000000000000000000014 response={"jsonrpc":"2.0","id":20,"result":"0xe60e3d0eb8e309b735fb7010354a24f7537642721338d28d0e62168fd719d3b4"}
tx 20/100: nonce=0xbcc to=0x1000000000000000000000000000000000000015 response={"jsonrpc":"2.0","id":21,"result":"0x7e287c18601d0ebc01af9a5c59f1d2cb63dc9b958d9b6101b0cafa7e9bce9bac"}
tx 21/100: nonce=0xbcd to=0x1000000000000000000000000000000000000016 response={"jsonrpc":"2.0","id":22,"result":"0x1e2d935907b8b143b07e4a75b105ec89743e10a68f43fcfea4e4eb8fc7e23dbc"}
tx 22/100: nonce=0xbce to=0x1000000000000000000000000000000000000017 response={"jsonrpc":"2.0","id":23,"result":"0xac5cbd57a0b34bf8070024058d34d114a8063a195aaa7ad1260449da5bfbb15e"}
tx 23/100: nonce=0xbcf to=0x1000000000000000000000000000000000000018 response={"jsonrpc":"2.0","id":24,"result":"0x20b1c3da033e8a9aedd4cdb2604409c3214f053f8c211044c8b3ba0f9ab68c37"}
tx 24/100: nonce=0xbd0 to=0x1000000000000000000000000000000000000019 response={"jsonrpc":"2.0","id":25,"result":"0x2fdfae0de2296c1b888af13bd9e8c486310a8141efc2b448c8327c4781eea9d7"}
tx 25/100: nonce=0xbd1 to=0x100000000000000000000000000000000000001a response={"jsonrpc":"2.0","id":26,"result":"0x72873a8c7991ef4dd4950c3e139e2663f5c475823cbb68f4fc0233abb09d3712"}
tx 26/100: nonce=0xbd2 to=0x100000000000000000000000000000000000001b response={"jsonrpc":"2.0","id":27,"result":"0x0e2994d98040cc69fd392496211000cfdcebadcdf7a165e9f7d277b1180a88c1"}
tx 27/100: nonce=0xbd3 to=0x100000000000000000000000000000000000001c response={"jsonrpc":"2.0","id":28,"result":"0xb25da8d86f771707b35b5ed9b3925faaf36d9cc6c28732bf79fa78602e90742d"}
tx 28/100: nonce=0xbd4 to=0x100000000000000000000000000000000000001d response={"jsonrpc":"2.0","id":29,"result":"0xbc44de25bda3f6ed35bca8043107e37be784c85e453c8a71314aab5cd19f75c4"}
tx 29/100: nonce=0xbd5 to=0x100000000000000000000000000000000000001e response={"jsonrpc":"2.0","id":30,"result":"0xfef419b13fb9ab5a751b3911816748a9bff0bd6c3517ea453f03309b585bc7e7"}
tx 30/100: nonce=0xbd6 to=0x100000000000000000000000000000000000001f response={"jsonrpc":"2.0","id":31,"result":"0x62bf60a523fc3300946da930f22f4f38a8770b35d26577d8ca3fd3aaf44b252f"}
tx 31/100: nonce=0xbd7 to=0x1000000000000000000000000000000000000020 response={"jsonrpc":"2.0","id":32,"result":"0x5df5d5b30d1933233d6f81af3df8293a6f0bdb0c1def6190e159adfd0bbea5b5"}
tx 32/100: nonce=0xbd8 to=0x1000000000000000000000000000000000000021 response={"jsonrpc":"2.0","id":33,"result":"0xe88ff771a304304de9c2110fbc38bafebf6da01dba46a7708b212180211ddd18"}
tx 33/100: nonce=0xbd9 to=0x1000000000000000000000000000000000000022 response={"jsonrpc":"2.0","id":34,"result":"0xb975c43b6cbab3fe4c581be13f4c900e53303f8454e7893e9be24f23e91b67b4"}
tx 34/100: nonce=0xbda to=0x1000000000000000000000000000000000000023 response={"jsonrpc":"2.0","id":35,"result":"0xa35f127fe0302a01ddc561fb7e264be3ac27cf1b8c9fe3f45e67b8e6eda5f035"}
tx 35/100: nonce=0xbdb to=0x1000000000000000000000000000000000000024 response={"jsonrpc":"2.0","id":36,"result":"0x84e55aa201daeb24374570f6371838a7cdbbf1ead0a6d39bcb0e90f12bc706a2"}
tx 36/100: nonce=0xbdc to=0x1000000000000000000000000000000000000025 response={"jsonrpc":"2.0","id":37,"result":"0xc7439735c937a8b86bad3e1b825e20e5e4186688d499d9c0b661b3fee94ef0b3"}
tx 37/100: nonce=0xbdd to=0x1000000000000000000000000000000000000026 response={"jsonrpc":"2.0","id":38,"result":"0x59c31ab2998c9e99c47fde9eb0b6d09cc87e73d37e77a57d7fadbeda9b303a13"}
tx 38/100: nonce=0xbde to=0x1000000000000000000000000000000000000027 response={"jsonrpc":"2.0","id":39,"result":"0xf9d3e1b24c9c6b12ca53ace93a5d785a08d3e8d30f7f1dee6a23c4acfc7ae268"}
tx 39/100: nonce=0xbdf to=0x1000000000000000000000000000000000000028 response={"jsonrpc":"2.0","id":40,"result":"0xac4e8a45bee3abb1ff8abf816722b92ca5b313c20b988fb08196f4d1c18ba1c4"}
tx 40/100: nonce=0xbe0 to=0x1000000000000000000000000000000000000029 response={"jsonrpc":"2.0","id":41,"result":"0xc173aca5b93cf3d592890cdccea7692a4c411127ecfae4c9e8782b8fe8a26fca"}
tx 41/100: nonce=0xbe1 to=0x100000000000000000000000000000000000002a response={"jsonrpc":"2.0","id":42,"result":"0x433183d2c7eed9cd6d9446e2ee7167de8183fc94729d34011989d740d284e8ab"}
tx 42/100: nonce=0xbe2 to=0x100000000000000000000000000000000000002b response={"jsonrpc":"2.0","id":43,"result":"0xa8bcd63523568495c2d8de5c5b803c9b87c7c7398487063b8662f32f9c5f49e3"}
tx 43/100: nonce=0xbe3 to=0x100000000000000000000000000000000000002c response={"jsonrpc":"2.0","id":44,"result":"0xf5e52bdc1e7cf786e118238f1342cdc4b7a7590bf86473a8fcae592a493743e6"}
tx 44/100: nonce=0xbe4 to=0x100000000000000000000000000000000000002d response={"jsonrpc":"2.0","id":45,"result":"0x47b610c41e98975874654857d7bd90effd3c469366212107c4c0e11507f119fb"}
tx 45/100: nonce=0xbe5 to=0x100000000000000000000000000000000000002e response={"jsonrpc":"2.0","id":46,"result":"0x2f5b0fa3281a0bec00a3d9e83ac48b7b3963bd6033c600231837d4cd8efadb98"}
tx 46/100: nonce=0xbe6 to=0x100000000000000000000000000000000000002f response={"jsonrpc":"2.0","id":47,"result":"0x6e33d858e725f02b5f0082209a41e0e357ffdb99407cdad69629647549ded3a2"}
tx 47/100: nonce=0xbe7 to=0x1000000000000000000000000000000000000030 response={"jsonrpc":"2.0","id":48,"result":"0xcceb75d8a164dc393b2383ad1a85199e8f4bf5d9ec10a02ac8a7b6b7bfcac07c"}
tx 48/100: nonce=0xbe8 to=0x1000000000000000000000000000000000000031 response={"jsonrpc":"2.0","id":49,"result":"0x1998dcee0f4cbf4b58a72c191cb164051b0f83a4661c7a8260e1847375df949b"}
tx 49/100: nonce=0xbe9 to=0x1000000000000000000000000000000000000032 response={"jsonrpc":"2.0","id":50,"result":"0xa235b9739a1cff5fcd114349d461ae4e5a7a40009a7eedf1136b15f007567fe5"}
tx 50/100: nonce=0xbea to=0x1000000000000000000000000000000000000033 response={"jsonrpc":"2.0","id":51,"result":"0x9cabcfcbc05ef9972dc97b360fd82af41ab5372b7daa7ca27680d5dfa3f5f087"}
tx 51/100: nonce=0xbeb to=0x1000000000000000000000000000000000000034 response={"jsonrpc":"2.0","id":52,"result":"0xd338806b185fcdf40124620d6f6498610050590b22afdaa4b13ad571781611cd"}
tx 52/100: nonce=0xbec to=0x1000000000000000000000000000000000000035 response={"jsonrpc":"2.0","id":53,"result":"0x9944e2d128a4d04843203e8bfe95f6e8b7d23cba03313ce01d27fdaa975509e6"}
tx 53/100: nonce=0xbed to=0x1000000000000000000000000000000000000036 response={"jsonrpc":"2.0","id":54,"result":"0xd69c5be89d3bae7b622c5ea9852cec738d46a06d6f45b88767606c683d4ea720"}
tx 54/100: nonce=0xbee to=0x1000000000000000000000000000000000000037 response={"jsonrpc":"2.0","id":55,"result":"0xbfd7bcf686e4897bbd959bdf7fe6f07b9ac391b88cb5f18193dda212ab340e87"}
tx 55/100: nonce=0xbef to=0x1000000000000000000000000000000000000038 response={"jsonrpc":"2.0","id":56,"result":"0xccd8f4bc42edb97acc6f974b91e4c6b23b76db201314e536d36fa1150536970a"}
tx 56/100: nonce=0xbf0 to=0x1000000000000000000000000000000000000039 response={"jsonrpc":"2.0","id":57,"result":"0xb254469258eb628f504578c32f6b9a89e250e91f238d2e285a5187c3d7792712"}
tx 57/100: nonce=0xbf1 to=0x100000000000000000000000000000000000003a response={"jsonrpc":"2.0","id":58,"result":"0x267818aa77086f14d137a76fa58618067f0a0c081b763928ef2be285af89c892"}
tx 58/100: nonce=0xbf2 to=0x100000000000000000000000000000000000003b response={"jsonrpc":"2.0","id":59,"result":"0x1bf2521f19dc93a41bdbfaadcb6803065fbd612e284ee9034858b7e387ca1477"}
tx 59/100: nonce=0xbf3 to=0x100000000000000000000000000000000000003c response={"jsonrpc":"2.0","id":60,"result":"0xe1305f4997ca99b4c4efe77f71b08d9a13f5079cde22cd42a0b23ba82b99dd0b"}
tx 60/100: nonce=0xbf4 to=0x100000000000000000000000000000000000003d response={"jsonrpc":"2.0","id":61,"result":"0x70e0a7a9c884d2c33f12f80bb31924aff46cf92af9d58f4236947b95283aa498"}
tx 61/100: nonce=0xbf5 to=0x100000000000000000000000000000000000003e response={"jsonrpc":"2.0","id":62,"result":"0x1213ec67aca42532dfe47100ea02e900c6352b8691ecf5e6e82835ea95e420c9"}
tx 62/100: nonce=0xbf6 to=0x100000000000000000000000000000000000003f response={"jsonrpc":"2.0","id":63,"result":"0x32c9b7e87a485ed7bc4b6d8fe3c08d647c04e69f2bcb5568396ab84136263ea5"}
tx 63/100: nonce=0xbf7 to=0x1000000000000000000000000000000000000040 response={"jsonrpc":"2.0","id":64,"result":"0x6e2b89e64d386962005cd2ed1fc06120712e710ff4411136ed4f78f8749deb27"}
tx 64/100: nonce=0xbf8 to=0x1000000000000000000000000000000000000041 response={"jsonrpc":"2.0","id":65,"result":"0x153df12221046036badb230da671fed5c157ca4f9301d054d3de9816e382cde6"}
tx 65/100: nonce=0xbf9 to=0x1000000000000000000000000000000000000042 response={"jsonrpc":"2.0","id":66,"result":"0x3cd601ae0d2dc19020c374e48b9dec7a3e70da5e8b2ff2bd009ff38b02edd3a4"}
tx 66/100: nonce=0xbfa to=0x1000000000000000000000000000000000000043 response={"jsonrpc":"2.0","id":67,"result":"0xc7ffd916e9d1a1bcd439463896cb2f77d6245c8d9748385e72d05c514b60e282"}
tx 67/100: nonce=0xbfb to=0x1000000000000000000000000000000000000044 response={"jsonrpc":"2.0","id":68,"result":"0x9aee1a7debe278962e33b79db01267a4f45e0ade4ef08f6ea069adaa8c87a3e5"}
tx 68/100: nonce=0xbfc to=0x1000000000000000000000000000000000000045 response={"jsonrpc":"2.0","id":69,"result":"0xaa66c29fb1be0b47f7a66053dc3b523626e81cd39c6ff8cdcfca4f09cd973b51"}
tx 69/100: nonce=0xbfd to=0x1000000000000000000000000000000000000046 response={"jsonrpc":"2.0","id":70,"result":"0xae2e9f2cfeaeb0b20a17614bc2a5feecf7b6c27ff3de1eb8e97f332305ceee8b"}
tx 70/100: nonce=0xbfe to=0x1000000000000000000000000000000000000047 response={"jsonrpc":"2.0","id":71,"result":"0xf1f258a284cbbc80e4a9334f8ff44e9fca2aabf755da99d9cde58ee5be0b919d"}
tx 71/100: nonce=0xbff to=0x1000000000000000000000000000000000000048 response={"jsonrpc":"2.0","id":72,"result":"0x55d5c41ca27991ef9dd2e56b66b5e35a2e45604cf45b45915345e24f4489c7fc"}
tx 72/100: nonce=0xc00 to=0x1000000000000000000000000000000000000049 response={"jsonrpc":"2.0","id":73,"result":"0x3120622f4a31d451fe54e661c0714b67472833617a276197b5123c5a96aa4f9b"}
tx 73/100: nonce=0xc01 to=0x100000000000000000000000000000000000004a response={"jsonrpc":"2.0","id":74,"result":"0xbb8b13cef719527a8bcb5bf8301733eba67c474bf73baf74988c51e3972bc6c5"}
tx 74/100: nonce=0xc02 to=0x100000000000000000000000000000000000004b response={"jsonrpc":"2.0","id":75,"result":"0xb22b75b2752bddb7a11be43af39a6cef1ed44cc9bb25b47bcb0ff56297cd714f"}
tx 75/100: nonce=0xc03 to=0x100000000000000000000000000000000000004c response={"jsonrpc":"2.0","id":76,"result":"0xe7f2a38ce91a1a60f1d68093ebdd093d5a3b233bc6230d9ee2b37813877b253d"}
tx 76/100: nonce=0xc04 to=0x100000000000000000000000000000000000004d response={"jsonrpc":"2.0","id":77,"result":"0xa5dec37cd13ea0e4bdaa1f793a4271eec2f943f74daca32e214bfd66fc41e907"}
tx 77/100: nonce=0xc05 to=0x100000000000000000000000000000000000004e response={"jsonrpc":"2.0","id":78,"result":"0xd7dfbcb777ef060269bfd311bdc2da41411e1543937d13d049aca46eeb632d20"}
tx 78/100: nonce=0xc06 to=0x100000000000000000000000000000000000004f response={"jsonrpc":"2.0","id":79,"result":"0xb9102856309def00a9cfded59d384c842dade348ec27f25fbfa0e76be2dcc8a1"}
tx 79/100: nonce=0xc07 to=0x1000000000000000000000000000000000000050 response={"jsonrpc":"2.0","id":80,"result":"0x3b09d4f42500c50912cce4a6e0ed5e63a494629a66b602ac4b2e16a8c6614100"}
tx 80/100: nonce=0xc08 to=0x1000000000000000000000000000000000000051 response={"jsonrpc":"2.0","id":81,"result":"0xe2fdaf1f41cd9414fa74faee73295b7792ebbc387b6c3e5af8aa8e4ca7cebb67"}
tx 81/100: nonce=0xc09 to=0x1000000000000000000000000000000000000052 response={"jsonrpc":"2.0","id":82,"result":"0x4a72035d11320d984873bc939f89a5f7034698800d03812c08b2d77d0b5e05ef"}
tx 82/100: nonce=0xc0a to=0x1000000000000000000000000000000000000053 response={"jsonrpc":"2.0","id":83,"result":"0xb3b4a655b02ff5be4fb14ea79d3e9cc4dc412d0cc9c44629573ba94f2754fbb5"}
tx 83/100: nonce=0xc0b to=0x1000000000000000000000000000000000000054 response={"jsonrpc":"2.0","id":84,"result":"0xfba6655ea686539b3f6e22627a6b5d04ae9e59edfb9928c0a263ee5b7ec308a1"}
tx 84/100: nonce=0xc0c to=0x1000000000000000000000000000000000000055 response={"jsonrpc":"2.0","id":85,"result":"0x209186df6490387f184b8b200898fb045342890560bfafa09d7a63ff51fcce1b"}
tx 85/100: nonce=0xc0d to=0x1000000000000000000000000000000000000056 response={"jsonrpc":"2.0","id":86,"result":"0xbaedc8c298a2e1697d59bc103813812ea6d945018a56f8394b9bcb266d16f788"}
tx 86/100: nonce=0xc0e to=0x1000000000000000000000000000000000000057 response={"jsonrpc":"2.0","id":87,"result":"0x13a555f581410d39a4848c15507b449d6adb58f88ceb66b02e8550c1f56b5643"}
tx 87/100: nonce=0xc0f to=0x1000000000000000000000000000000000000058 response={"jsonrpc":"2.0","id":88,"result":"0xf4fab53f13240a060b0f5b91cdecdaf02680099a2264f34c1d36f13783d6fabb"}
tx 88/100: nonce=0xc10 to=0x1000000000000000000000000000000000000059 response={"jsonrpc":"2.0","id":89,"result":"0x0b6f0a25b9caeb5519e920d01ea5612065e5b1fb8b0544844a129986607a7b3b"}
tx 89/100: nonce=0xc11 to=0x100000000000000000000000000000000000005a response={"jsonrpc":"2.0","id":90,"result":"0x80afa34ff6b96c891273fb8f4d70c14723924eee1d02ddc062de89e6323cfd8c"}
tx 90/100: nonce=0xc12 to=0x100000000000000000000000000000000000005b response={"jsonrpc":"2.0","id":91,"result":"0x7c237c18581864045a3451bcfa54bd96e42c3a5cbc0243b6bbc3b27fdfe8a151"}
tx 91/100: nonce=0xc13 to=0x100000000000000000000000000000000000005c response={"jsonrpc":"2.0","id":92,"result":"0x143d1be413ec6f17f31f6c0a4a2050544de295b4ae138aa6b5ea173363446d25"}
tx 92/100: nonce=0xc14 to=0x100000000000000000000000000000000000005d response={"jsonrpc":"2.0","id":93,"result":"0x7d0509e7f3ef4e83a400bf6daa9f12462e28d395af21b0c2f1eb7f6ca7a3534c"}
tx 93/100: nonce=0xc15 to=0x100000000000000000000000000000000000005e response={"jsonrpc":"2.0","id":94,"result":"0xeda1361c24a3db32cd25f923e4aa638acd740e2694e1490868dcb74488ba7d53"}
tx 94/100: nonce=0xc16 to=0x100000000000000000000000000000000000005f response={"jsonrpc":"2.0","id":95,"result":"0xa1a99421f30c03f6c9d9bb54c16d41abc6c77a9717789fec1e4a7f3deb0c8dd8"}
tx 95/100: nonce=0xc17 to=0x1000000000000000000000000000000000000060 response={"jsonrpc":"2.0","id":96,"result":"0x452f8e3da2419246a39b93250adc1b6eecfbb505b09fa05cc8b7e8f3d9c34895"}
tx 96/100: nonce=0xc18 to=0x1000000000000000000000000000000000000061 response={"jsonrpc":"2.0","id":97,"result":"0x9c600357dd0e8d702460d80deae534c8f084bdae1601d634fa4c73f54302a989"}
tx 97/100: nonce=0xc19 to=0x1000000000000000000000000000000000000062 response={"jsonrpc":"2.0","id":98,"result":"0x67192370077bd57613eeca3ce4393aa9e37feb65f6b7bbb90927a8b81f497b0d"}
tx 98/100: nonce=0xc1a to=0x1000000000000000000000000000000000000063 response={"jsonrpc":"2.0","id":99,"result":"0x60966106de7494589e368e6ddd99ca131226a991e56974ee4721382ddfc261fc"}
tx 99/100: nonce=0xc1b to=0x1000000000000000000000000000000000000064 response={"jsonrpc":"2.0","id":100,"result":"0x8c1590e53891d233eb18b163bbf1f88d11ba3c68e109972a54f673174d224502"}
Done. Check pending txs with:
curl -s -H 'Content-Type: application/json' --data '{"jsonrpc":"2.0","method":"txpool_status","params":[],"id":1}' http://127.0.0.1:8545
Sending 100 txs from 0x92424e4f86201c931ba53eb48619d93244c18e13 via http://127.0.0.1:8545, base_nonce=3100, to_mode=sequential
tx 0/100: nonce=0xc1c to=0x1000000000000000000000000000000000000001 response={"jsonrpc":"2.0","id":1,"result":"0x949291cea927d21f5a4ecfd816e8d317975b8afe22d2bb0fdeed6c709f9008f3"}
tx 1/100: nonce=0xc1d to=0x1000000000000000000000000000000000000002 response={"jsonrpc":"2.0","id":2,"result":"0x3278b7a0b095b17135de781a5469f7a9b127575ffd84432efa9dfd7cd76905d4"}
tx 2/100: nonce=0xc1e to=0x1000000000000000000000000000000000000003 response={"jsonrpc":"2.0","id":3,"result":"0x1622a4416d57f1814de054a300ea09e34da441c6fafc20358508a3fbe75808d9"}
tx 3/100: nonce=0xc1f to=0x1000000000000000000000000000000000000004 response={"jsonrpc":"2.0","id":4,"result":"0xacd166f535605f6d854e816f7ed93bf9a8b7071abb271c73ab7a68b3b762a09d"}
tx 4/100: nonce=0xc20 to=0x1000000000000000000000000000000000000005 response={"jsonrpc":"2.0","id":5,"result":"0xb51aef59ea1f9e2609d2f2968bf46b43cb778b7cedcc890cb456186b1332c324"}
tx 5/100: nonce=0xc21 to=0x1000000000000000000000000000000000000006 response={"jsonrpc":"2.0","id":6,"result":"0x54c1f3c678bdf226cf25eb1d0de1c29ebbee565ee4d75d3a654c14befa4e4fc7"}
tx 6/100: nonce=0xc22 to=0x1000000000000000000000000000000000000007 response={"jsonrpc":"2.0","id":7,"result":"0xa5b9ab01e25c91fb21bad4bf5b6ab74a1516107f14015ec7b9acbaead6f5023b"}
tx 7/100: nonce=0xc23 to=0x1000000000000000000000000000000000000008 response={"jsonrpc":"2.0","id":8,"result":"0xcedfd599cb1c52b40da7379d5122bf1d141be084321c491316a7e5b7df0d8e03"}
tx 8/100: nonce=0xc24 to=0x1000000000000000000000000000000000000009 response={"jsonrpc":"2.0","id":9,"result":"0xbcea3611f725ad672afea831f8ddba062ed92ece9dc91acb41dda13fea238f48"}
tx 9/100: nonce=0xc25 to=0x100000000000000000000000000000000000000a response={"jsonrpc":"2.0","id":10,"result":"0x1dcccb7e2ba59613ec517034ff362bc3148e3635dc4a7462ed1935bccc22291c"}
tx 10/100: nonce=0xc26 to=0x100000000000000000000000000000000000000b response={"jsonrpc":"2.0","id":11,"result":"0x7d2b00e58066e745eec80f83f703c962ce2e64cca6eafddd3beea19d3cc9cde5"}
tx 11/100: nonce=0xc27 to=0x100000000000000000000000000000000000000c response={"jsonrpc":"2.0","id":12,"result":"0x886c6c359f6c3beb38919e70e0a4ccb5ec221dcf11acd89411db236cde893048"}
tx 12/100: nonce=0xc28 to=0x100000000000000000000000000000000000000d response={"jsonrpc":"2.0","id":13,"result":"0xb8808fb66e4df52a304799601c67732d8baaccae0786a5954a4e56b58d9e987e"}
tx 13/100: nonce=0xc29 to=0x100000000000000000000000000000000000000e response={"jsonrpc":"2.0","id":14,"result":"0xbd542d0276e33a471af1be9dfafbf511bd805b82264a7d8303d6b686e75edac0"}
tx 14/100: nonce=0xc2a to=0x100000000000000000000000000000000000000f response={"jsonrpc":"2.0","id":15,"result":"0xe5f40f6aba5eeeac7279c9e65798dd2478e01f1d5d5106f31dc4071a658dbc85"}
tx 15/100: nonce=0xc2b to=0x1000000000000000000000000000000000000010 response={"jsonrpc":"2.0","id":16,"result":"0x7bee4b3838c04cb2d6e6b0d1076148213cf621ed1144b1442a88d010182204a5"}
tx 16/100: nonce=0xc2c to=0x1000000000000000000000000000000000000011 response={"jsonrpc":"2.0","id":17,"result":"0x8cd6ab65f5fa4949eab77c6592c4b9eed6f0d71ab458d9a19ead7535920f52ef"}
tx 17/100: nonce=0xc2d to=0x1000000000000000000000000000000000000012 response={"jsonrpc":"2.0","id":18,"result":"0x57bb57f53b676fc213fa09f5101230f3e6bb8ff1a7dd50b1b58348ca83e590d7"}
tx 18/100: nonce=0xc2e to=0x1000000000000000000000000000000000000013 response={"jsonrpc":"2.0","id":19,"result":"0x8a6d9d8565616a6ed45ecce7374cdee76886e386c0795dca0c6e598afdbdddf9"}
tx 19/100: nonce=0xc2f to=0x1000000000000000000000000000000000000014 response={"jsonrpc":"2.0","id":20,"result":"0x40f8ae90301b5bf0ec0ba2811a09dc11314cfb8a5238a015b06423f6ea2d8990"}
tx 20/100: nonce=0xc30 to=0x1000000000000000000000000000000000000015 response={"jsonrpc":"2.0","id":21,"result":"0xb9485e10d7784c474b5f745db27b9338e6e96f283d6672c2e324e03feb9a8bd5"}
tx 21/100: nonce=0xc31 to=0x1000000000000000000000000000000000000016 response={"jsonrpc":"2.0","id":22,"result":"0x13e9f30cc0a678222e08ed2c83b6b4ce78b5190fe4f0b975964582ca38ac41c6"}
tx 22/100: nonce=0xc32 to=0x1000000000000000000000000000000000000017 response={"jsonrpc":"2.0","id":23,"result":"0x5b8af83a5c6c3aabd21d957b01baf84eefad59aa4dfc8dd778c4fd4f24f8c70b"}
tx 23/100: nonce=0xc33 to=0x1000000000000000000000000000000000000018 response={"jsonrpc":"2.0","id":24,"result":"0xca0c98b44079b31f32e69c0b3a4bd79ae689b599d4bb1dc966a3509f692441bf"}
tx 24/100: nonce=0xc34 to=0x1000000000000000000000000000000000000019 response={"jsonrpc":"2.0","id":25,"result":"0x47bbfdc07eb6b84cec0dbf398e752919ce134e6b85e950d2f2406162fa2f59b3"}
tx 25/100: nonce=0xc35 to=0x100000000000000000000000000000000000001a response={"jsonrpc":"2.0","id":26,"result":"0xec1e9ac8d38d8f91018e6b8dad5d3889d4bc983071467e5a21b08d39fd689b75"}
tx 26/100: nonce=0xc36 to=0x100000000000000000000000000000000000001b response={"jsonrpc":"2.0","id":27,"result":"0x05e21322cd711ab295a777d736b26e9cb33310bc22560d8e7625b5ca35584b65"}
tx 27/100: nonce=0xc37 to=0x100000000000000000000000000000000000001c response={"jsonrpc":"2.0","id":28,"result":"0xbd38ea8cc5c50551204cdf059da3bb40875369bbccc34ee5250d5bee033f6721"}
tx 28/100: nonce=0xc38 to=0x100000000000000000000000000000000000001d response={"jsonrpc":"2.0","id":29,"result":"0x65c427b03d70b4ebe8f7d8f5155cddfb4b7943226f73a43c1b881786f9dd028c"}
tx 29/100: nonce=0xc39 to=0x100000000000000000000000000000000000001e response={"jsonrpc":"2.0","id":30,"result":"0x6c3424ac366b449d47e885958582c160a39e8978f32ec724b74c3a5e17163603"}
tx 30/100: nonce=0xc3a to=0x100000000000000000000000000000000000001f response={"jsonrpc":"2.0","id":31,"result":"0x99544c312124520491986dc447bafc50ccddce67984c978135d08902fcc15aed"}
tx 31/100: nonce=0xc3b to=0x1000000000000000000000000000000000000020 response={"jsonrpc":"2.0","id":32,"result":"0x22188aa7b174fdfddc87e94afc6ddaa052a1b6b14c7f92cf9233ace8666e7574"}
tx 32/100: nonce=0xc3c to=0x1000000000000000000000000000000000000021 response={"jsonrpc":"2.0","id":33,"result":"0x8e7f76d1f2f8781415f35b11af6aa3147beb18f678217d3d7236c2e75d1edaf8"}
tx 33/100: nonce=0xc3d to=0x1000000000000000000000000000000000000022 response={"jsonrpc":"2.0","id":34,"result":"0xf2e4a791c104bf6fa3010787fd4fb64d08a18953ac5936e6aa987d88e1f19dc8"}
tx 34/100: nonce=0xc3e to=0x1000000000000000000000000000000000000023 response={"jsonrpc":"2.0","id":35,"result":"0xa239211d866bbfaa8cbbb8147e8d06e314c99409b4b87e210592f5166735aa00"}
tx 35/100: nonce=0xc3f to=0x1000000000000000000000000000000000000024 response={"jsonrpc":"2.0","id":36,"result":"0xfcc0f2025c1d18c46828c9164aa186be4431e65a188f3e45d228ad6d3f19f8f7"}
tx 36/100: nonce=0xc40 to=0x1000000000000000000000000000000000000025 response={"jsonrpc":"2.0","id":37,"result":"0xb2e32ccb7dfa3bded8b250ea74dbb41d9e3aea2a70df8ab640cf4a9570cfd29f"}
tx 37/100: nonce=0xc41 to=0x1000000000000000000000000000000000000026 response={"jsonrpc":"2.0","id":38,"result":"0x9aa7e41f9ca1bb44cf5a687f2d20c811d435fcb8fabea976bb6282333f71b83d"}
tx 38/100: nonce=0xc42 to=0x1000000000000000000000000000000000000027 response={"jsonrpc":"2.0","id":39,"result":"0x22af38402f50f76c517127235a0b6da10152df209e40f24cfae2bd69761bab12"}
tx 39/100: nonce=0xc43 to=0x1000000000000000000000000000000000000028 response={"jsonrpc":"2.0","id":40,"result":"0x9a35430ce7c86a314fbdc3f8f222b69d2dbe27ff606429334c7001d336618bbe"}
tx 40/100: nonce=0xc44 to=0x1000000000000000000000000000000000000029 response={"jsonrpc":"2.0","id":41,"result":"0x0d6364b13496b82f9e2c9c6cb71ab519d4484f703b5f33495078a440d0f4a8cf"}
tx 41/100: nonce=0xc45 to=0x100000000000000000000000000000000000002a response={"jsonrpc":"2.0","id":42,"result":"0x24d5208351001a8ea44930114b2cfa2b57399b22efd0fe48646c743d84b13b4d"}
tx 42/100: nonce=0xc46 to=0x100000000000000000000000000000000000002b response={"jsonrpc":"2.0","id":43,"result":"0xfa1fda9d1ccf5c2a587f1040596588b1cee40ab75675f075ebe344d9e9b6f7ed"}
tx 43/100: nonce=0xc47 to=0x100000000000000000000000000000000000002c response={"jsonrpc":"2.0","id":44,"result":"0x9ffacda512c1c648e4a53b07b903cbbdd887a46c912f2545b2c8f795df855088"}
tx 44/100: nonce=0xc48 to=0x100000000000000000000000000000000000002d response={"jsonrpc":"2.0","id":45,"result":"0x8bc699d0c4fc1637f7eba9ee163423eaab79c0f899cc817b0cf05a5038c26988"}
tx 45/100: nonce=0xc49 to=0x100000000000000000000000000000000000002e response={"jsonrpc":"2.0","id":46,"result":"0x0c8106dc5175b9b03cea1b3d55e2a0579eb7782b8a696fd6245c6cdff9d0f17a"}
tx 46/100: nonce=0xc4a to=0x100000000000000000000000000000000000002f response={"jsonrpc":"2.0","id":47,"result":"0x6f11cc7d8854ab39a756a8b4a07cdf6ca82de0dbf194d70a3ee578024653ab21"}
tx 47/100: nonce=0xc4b to=0x1000000000000000000000000000000000000030 response={"jsonrpc":"2.0","id":48,"result":"0xdc724ef4570e9073079177fcc6c1c214f8ca1bacf0c60d7477c26099c0bdda28"}
tx 48/100: nonce=0xc4c to=0x1000000000000000000000000000000000000031 response={"jsonrpc":"2.0","id":49,"result":"0x67e8a93350daaea929e74bec121d7445a6d2df14c863edee899dca7ae82a09da"}
tx 49/100: nonce=0xc4d to=0x1000000000000000000000000000000000000032 response={"jsonrpc":"2.0","id":50,"result":"0x8b8a7dc25ef44f8f2be6b2fb68055ef3be97d428a19256a341c6eda118621a9c"}
tx 50/100: nonce=0xc4e to=0x1000000000000000000000000000000000000033 response={"jsonrpc":"2.0","id":51,"result":"0x54ef59767375318451b5c97988eb06a1f1407ad9e17e01ee7095a39604245970"}
tx 51/100: nonce=0xc4f to=0x1000000000000000000000000000000000000034 response={"jsonrpc":"2.0","id":52,"result":"0x5eaff6314a6bd06d8321b2560a08345a00935b267d8b2a14e7322d4bee185b23"}
tx 52/100: nonce=0xc50 to=0x1000000000000000000000000000000000000035 response={"jsonrpc":"2.0","id":53,"result":"0x97255f399c1f1d3e4d120985a0d964f30ed86637e37ad3019d4de06d089fcdaf"}
tx 53/100: nonce=0xc51 to=0x1000000000000000000000000000000000000036 response={"jsonrpc":"2.0","id":54,"result":"0x3c152c4859b03e3cef5452af4b166bb8ae59090c3b81c611c68bc37a3a4a4881"}
tx 54/100: nonce=0xc52 to=0x1000000000000000000000000000000000000037 response={"jsonrpc":"2.0","id":55,"result":"0x56d50c4c6b137ffec535d0cd76db6f09952995e910102e66a4f5f27b57fd75d0"}
tx 55/100: nonce=0xc53 to=0x1000000000000000000000000000000000000038 response={"jsonrpc":"2.0","id":56,"result":"0x5de00862beea09365c85c9e5d2671367c2467e3ebd112e8d8c7eb22cb4f503ae"}
tx 56/100: nonce=0xc54 to=0x1000000000000000000000000000000000000039 response={"jsonrpc":"2.0","id":57,"result":"0x3ba9e4274046bf8313e4497d82f6fc69f30f70066ca7e6b68b1bd172a7b702d9"}
tx 57/100: nonce=0xc55 to=0x100000000000000000000000000000000000003a response={"jsonrpc":"2.0","id":58,"result":"0x2ee874be189f8ca550c1c52ba6220a8088c43960a8f60c43a0d487a5080341d4"}
tx 58/100: nonce=0xc56 to=0x100000000000000000000000000000000000003b response={"jsonrpc":"2.0","id":59,"result":"0x9d5b967dbcf747f6798e0ff128127a0e94caab750ca14670d00f6ee7bb6a1ff6"}
tx 59/100: nonce=0xc57 to=0x100000000000000000000000000000000000003c response={"jsonrpc":"2.0","id":60,"result":"0xd5eb25a76c3e9db0200a85e916957eca0736be57291b8b56e5175832df967345"}
tx 60/100: nonce=0xc58 to=0x100000000000000000000000000000000000003d response={"jsonrpc":"2.0","id":61,"result":"0xeafcf89e45f80414725adb5b8ecff286a8d7ceed83518b1c26b0dff38c7caf7d"}
tx 61/100: nonce=0xc59 to=0x100000000000000000000000000000000000003e response={"jsonrpc":"2.0","id":62,"result":"0xe5c17cf8227305ba12bd47de6c5b16cf91856156c8d2525cb7165f6c60c18b7c"}
tx 62/100: nonce=0xc5a to=0x100000000000000000000000000000000000003f response={"jsonrpc":"2.0","id":63,"result":"0xf38d23e630f98c7e5c6fa25893200b221fafaea3aec6fe39ca1109efc2df7801"}
tx 63/100: nonce=0xc5b to=0x1000000000000000000000000000000000000040 response={"jsonrpc":"2.0","id":64,"result":"0x57005f40f2d22d24a8811989c6789adb19362055e6bcc95f3515d4bb081432f7"}
tx 64/100: nonce=0xc5c to=0x1000000000000000000000000000000000000041 response={"jsonrpc":"2.0","id":65,"result":"0x98fdab732d2e083ae81b85e17816c3688b9297f2a4e8ae899596d02b457d47cc"}
tx 65/100: nonce=0xc5d to=0x1000000000000000000000000000000000000042 response={"jsonrpc":"2.0","id":66,"result":"0xf53684ef597f443bbd018662dafafd814c75fb9a92e3ffbacc1353d51013051e"}
tx 66/100: nonce=0xc5e to=0x1000000000000000000000000000000000000043 response={"jsonrpc":"2.0","id":67,"result":"0xd63c7530e767f7dd1a6c955703c1a58ab8279e19c021980d54a30ab05cf4083b"}
tx 67/100: nonce=0xc5f to=0x1000000000000000000000000000000000000044 response={"jsonrpc":"2.0","id":68,"result":"0x2fb386eca237315f9ed0774b4a15c34b99d74b95df94f06606c36275ec98ca63"}
tx 68/100: nonce=0xc60 to=0x1000000000000000000000000000000000000045 response={"jsonrpc":"2.0","id":69,"result":"0xc81ba0edeee74f18fae27fdd38c1e7e1764627bca42c9a9fc092259e99cabb32"}
tx 69/100: nonce=0xc61 to=0x1000000000000000000000000000000000000046 response={"jsonrpc":"2.0","id":70,"result":"0x6c3346e66130e7fdd37dfba54051157e976548abaa2cd6f25a2dff183fb30eb7"}
tx 70/100: nonce=0xc62 to=0x1000000000000000000000000000000000000047 response={"jsonrpc":"2.0","id":71,"result":"0x34cf652ef13e5a8dfabbacabb20f821531614945d5e54b80dfbcda82abc60e4b"}
tx 71/100: nonce=0xc63 to=0x1000000000000000000000000000000000000048 response={"jsonrpc":"2.0","id":72,"result":"0xdf5aaf69c72dfcf5a4a8494c4abf2e1c8ff6a50b44ba07983cfa8dc20616fe96"}
tx 72/100: nonce=0xc64 to=0x1000000000000000000000000000000000000049 response={"jsonrpc":"2.0","id":73,"result":"0x2d513a4866fcd570aa0d54fe19ec54b7a7e8e44dde0091901e3fa0faca9724b9"}
tx 73/100: nonce=0xc65 to=0x100000000000000000000000000000000000004a response={"jsonrpc":"2.0","id":74,"result":"0x0c55af957291e047453e23a58bd88f00a2aff7a411c57cb0f0a49f7b332a6f57"}
tx 74/100: nonce=0xc66 to=0x100000000000000000000000000000000000004b response={"jsonrpc":"2.0","id":75,"result":"0x7c0fcd48b4fd1c89a304996931212b739b53b2d5b346c6ce45309b94b012cfe1"}
tx 75/100: nonce=0xc67 to=0x100000000000000000000000000000000000004c response={"jsonrpc":"2.0","id":76,"result":"0x5b6906dfa74d61ea1eeda4498b136251b17f1cee6092c55f3cf1c3d2ab668e0d"}
tx 76/100: nonce=0xc68 to=0x100000000000000000000000000000000000004d response={"jsonrpc":"2.0","id":77,"result":"0xc97fb1b098df64351325700693befa1afb381be85e351ef1bffe63b5ee32082a"}
tx 77/100: nonce=0xc69 to=0x100000000000000000000000000000000000004e response={"jsonrpc":"2.0","id":78,"result":"0x998be736aa982cfa5cb1f7ab437ca3b254254a44076a00c9f1cf3678e87ad229"}
tx 78/100: nonce=0xc6a to=0x100000000000000000000000000000000000004f response={"jsonrpc":"2.0","id":79,"result":"0x3e17c4a5134aa5e14b4bf38ac0eb3a7f2dacb62bfb0389c5df7f857727d57135"}
tx 79/100: nonce=0xc6b to=0x1000000000000000000000000000000000000050 response={"jsonrpc":"2.0","id":80,"result":"0xad908c4e6d2c7611cefce72bf04924f50ff8f3d7b997d985b4d35730c619d150"}
tx 80/100: nonce=0xc6c to=0x1000000000000000000000000000000000000051 response={"jsonrpc":"2.0","id":81,"result":"0xce34225fd5b591bd2964e5f49e7caf203c4cdbfe624524f6e005e6db2b369ef1"}
tx 81/100: nonce=0xc6d to=0x1000000000000000000000000000000000000052 response={"jsonrpc":"2.0","id":82,"result":"0x054958a3bc946ef7c185ae200c42d9dbd2b9bdd3ac4e50c1f2b360db444737f8"}
tx 82/100: nonce=0xc6e to=0x1000000000000000000000000000000000000053 response={"jsonrpc":"2.0","id":83,"result":"0x676ae270b1e86a19eb35c42994a04375aa273e95cede37cf995bcc9e40a1520a"}
tx 83/100: nonce=0xc6f to=0x1000000000000000000000000000000000000054 response={"jsonrpc":"2.0","id":84,"result":"0x9248df547287b8179025c77c816493488eed75bfc5b888655b8e36fb98c31374"}
tx 84/100: nonce=0xc70 to=0x1000000000000000000000000000000000000055 response={"jsonrpc":"2.0","id":85,"result":"0x9737c31d50080b85450b2ac54c841fe97818eaedc21679f41a7082e337325001"}
tx 85/100: nonce=0xc71 to=0x1000000000000000000000000000000000000056 response={"jsonrpc":"2.0","id":86,"result":"0xfaf706de487bcf8b9c30db81e0a401d30d9a44351d79159cb4712bdf69514f3f"}
tx 86/100: nonce=0xc72 to=0x1000000000000000000000000000000000000057 response={"jsonrpc":"2.0","id":87,"result":"0x572d878a7657a1933544b79ee33cdec0e3c16f32f6ddfbeed316f7e65c9b3408"}
tx 87/100: nonce=0xc73 to=0x1000000000000000000000000000000000000058 response={"jsonrpc":"2.0","id":88,"result":"0xdb7507471ece37947f829e9b39ce09687a05533a090209376f183bb7bb17c475"}
tx 88/100: nonce=0xc74 to=0x1000000000000000000000000000000000000059 response={"jsonrpc":"2.0","id":89,"result":"0xbc3d3a12c39afc2ab1585ef3bca4144399b34e2d234f8f18fda6557a3111d01b"}
tx 89/100: nonce=0xc75 to=0x100000000000000000000000000000000000005a response={"jsonrpc":"2.0","id":90,"result":"0xc35e04c4a4400341fa42b510d0e716d6d22f31de48fbdd41fc9c9c9a95599614"}
tx 90/100: nonce=0xc76 to=0x100000000000000000000000000000000000005b response={"jsonrpc":"2.0","id":91,"result":"0x7b6ee3e4baa968bdf6ac72a25d01b2b435163e9538c798c30c9c5e33c49b5e82"}
tx 91/100: nonce=0xc77 to=0x100000000000000000000000000000000000005c response={"jsonrpc":"2.0","id":92,"result":"0xba578f9f49b21263c0a0dd9083b8d38351ad43c85a2ee86f594999e9adbb4354"}
tx 92/100: nonce=0xc78 to=0x100000000000000000000000000000000000005d response={"jsonrpc":"2.0","id":93,"result":"0x3e16dacd8520b38b470686866565a31b85461a4a2cd8839422b62ac64b5f951f"}
tx 93/100: nonce=0xc79 to=0x100000000000000000000000000000000000005e response={"jsonrpc":"2.0","id":94,"result":"0x304812a8025b716bfb791f2b41944c18f9bf4e0f7beb4a3ead3328610af1fc7d"}
tx 94/100: nonce=0xc7a to=0x100000000000000000000000000000000000005f response={"jsonrpc":"2.0","id":95,"result":"0x2fda9c44a3bf0263399ede3f4f7efaaeed3575aafb4ee3414220b1553635c9c6"}
tx 95/100: nonce=0xc7b to=0x1000000000000000000000000000000000000060 response={"jsonrpc":"2.0","id":96,"result":"0x3675865fc6f436a5d2a732470286657c834a65b03d9a2dc192054255f134e02c"}
tx 96/100: nonce=0xc7c to=0x1000000000000000000000000000000000000061 response={"jsonrpc":"2.0","id":97,"result":"0xd3f0fe161f7a55117b5c0f2f76cd252316741292e0f4455abc706d310b7ac054"}
tx 97/100: nonce=0xc7d to=0x1000000000000000000000000000000000000062 response={"jsonrpc":"2.0","id":98,"result":"0xbf4c6c194bcd5a50728e120db561665430bed724bac1e50e827d89c99ccc70de"}
tx 98/100: nonce=0xc7e to=0x1000000000000000000000000000000000000063 response={"jsonrpc":"2.0","id":99,"result":"0x71975dff9f3ccded7e9d0ff2c5ecc0f2728d7ffb0728d64a571f7e184239bff1"}
tx 99/100: nonce=0xc7f to=0x1000000000000000000000000000000000000064 response={"jsonrpc":"2.0","id":100,"result":"0x2db80b4058e053bb00a92b645014a9365ed738c6ab8b48f88b9f2ae590112cc4"}
Done. Check pending txs with:
curl -s -H 'Content-Type: application/json' --data '{"jsonrpc":"2.0","method":"txpool_status","params":[],"id":1}' http://127.0.0.1:8545
