INFO [06-17|11:04:31.205] Maximum peer count                       ETH=50 total=50
INFO [06-17|11:04:31.207] Smartcard socket not found, disabling    err="stat /run/pcscd/pcscd.comm: no such file or directory"
INFO [06-17|11:04:31.211] Set global gas cap                       cap=50,000,000
INFO [06-17|11:04:31.212] Initializing the KZG library             backend=gokzg
INFO [06-17|11:04:31.240] Allocated trie memory caches             clean=154.00MiB dirty=256.00MiB
INFO [06-17|11:04:31.240] Using pebble as the backing database
INFO [06-17|11:04:31.240] Allocated cache and file handles         database=/root/qqf/raptorq-geth/data/node1/geth/chaindata cache=512.00MiB handles=524,288
INFO [06-17|11:04:31.245] Opened ancient database                  database=/root/qqf/raptorq-geth/data/node1/geth/chaindata/ancient/chain readonly=false
INFO [06-17|11:04:31.245] State scheme set to already existing     scheme=hash
INFO [06-17|11:04:31.245] Initialising Ethereum protocol           network=12345 dbversion=<nil>
INFO [06-17|11:04:32.006] Partitioned MPT shadow adapter enabled   partitions=4 nodePartition=0 store=ethdb
INFO [06-17|11:04:32.006] 
INFO [06-17|11:04:32.006] ---------------------------------------------------------------------------------------------------------------------------------------------------------
INFO [06-17|11:04:32.006] Chain ID:  12345 (unknown)
INFO [06-17|11:04:32.006] Consensus: Clique (proof-of-authority)
INFO [06-17|11:04:32.006] 
INFO [06-17|11:04:32.006] Pre-Merge hard forks (block based):
INFO [06-17|11:04:32.006]  - Homestead:                   #0        (https://github.com/ethereum/execution-specs/blob/master/network-upgrades/mainnet-upgrades/homestead.md)
INFO [06-17|11:04:32.006]  - Tangerine Whistle (EIP 150): #0        (https://github.com/ethereum/execution-specs/blob/master/network-upgrades/mainnet-upgrades/tangerine-whistle.md)
INFO [06-17|11:04:32.006]  - Spurious Dragon/1 (EIP 155): #0        (https://github.com/ethereum/execution-specs/blob/master/network-upgrades/mainnet-upgrades/spurious-dragon.md)
INFO [06-17|11:04:32.006]  - Spurious Dragon/2 (EIP 158): #0        (https://github.com/ethereum/execution-specs/blob/master/network-upgrades/mainnet-upgrades/spurious-dragon.md)
INFO [06-17|11:04:32.006]  - Byzantium:                   #0        (https://github.com/ethereum/execution-specs/blob/master/network-upgrades/mainnet-upgrades/byzantium.md)
INFO [06-17|11:04:32.006]  - Constantinople:              #0        (https://github.com/ethereum/execution-specs/blob/master/network-upgrades/mainnet-upgrades/constantinople.md)
INFO [06-17|11:04:32.006]  - Petersburg:                  #0        (https://github.com/ethereum/execution-specs/blob/master/network-upgrades/mainnet-upgrades/petersburg.md)
INFO [06-17|11:04:32.006]  - Istanbul:                    #0        (https://github.com/ethereum/execution-specs/blob/master/network-upgrades/mainnet-upgrades/istanbul.md)
INFO [06-17|11:04:32.006]  - Berlin:                      #0        (https://github.com/ethereum/execution-specs/blob/master/network-upgrades/mainnet-upgrades/berlin.md)
INFO [06-17|11:04:32.006]  - London:                      #<nil> (https://github.com/ethereum/execution-specs/blob/master/network-upgrades/mainnet-upgrades/london.md)
INFO [06-17|11:04:32.006] 
INFO [06-17|11:04:32.006] The Merge is not yet available for this network!
INFO [06-17|11:04:32.006]  - Hard-fork specification: https://github.com/ethereum/execution-specs/blob/master/network-upgrades/mainnet-upgrades/paris.md
INFO [06-17|11:04:32.006] 
INFO [06-17|11:04:32.006] Post-Merge hard forks (timestamp based):
INFO [06-17|11:04:32.006] 
INFO [06-17|11:04:32.006] ---------------------------------------------------------------------------------------------------------------------------------------------------------
INFO [06-17|11:04:32.006] 
INFO [06-17|11:04:32.006] Loaded most recent local block           number=0 hash=071c84..829993 td=1 age=57y3mo1w
WARN [06-17|11:04:32.006] Failed to load snapshot                  err="missing or corrupted snapshot"
INFO [06-17|11:04:32.007] Rebuilding state snapshot
INFO [06-17|11:04:32.007] Initialized transaction indexer          range="last 2350000 blocks"
INFO [06-17|11:04:32.007] Resuming state snapshot generation       root=38eb50..9b0d65 accounts=0 slots=0 storage=0.00B dangling=0 elapsed="346.176µs"
INFO [06-17|11:04:32.007] Regenerated local transaction journal    transactions=0 accounts=0
INFO [06-17|11:04:32.008] Generated state snapshot                 accounts=4 slots=0 storage=184.00B dangling=0 elapsed=1.491ms
INFO [06-17|11:04:32.039] Enabled snap sync                        head=0 hash=071c84..829993
INFO [06-17|11:04:32.040] Gasprice oracle is ignoring threshold set threshold=2
INFO [06-17|11:04:32.041] Stored checkpoint snapshot to disk       number=0 hash=071c84..829993
WARN [06-17|11:04:32.041] Engine API enabled                       protocol=eth
WARN [06-17|11:04:32.041] Engine API started but chain not configured for merge yet
INFO [06-17|11:04:32.041] Starting peer-to-peer node               instance=Geth/v1.13.12-stable/linux-amd64/go1.22.3
INFO [06-17|11:04:32.053] IPC endpoint opened                      url=/root/qqf/raptorq-geth/data/node1/geth.ipc
INFO [06-17|11:04:32.054] New local node record                    seq=1,781,694,272,051 id=9474e4d92f5295eb ip=127.0.0.1 udp=0 tcp=30303
INFO [06-17|11:04:32.054] Started P2P networking                   self="enode://2352fa3f4218a8d0726d61237d45f8092d9ab49baf7e60fb1ed6ff0667df947ceae3a7f61499d3f6b1e7f1ce845f915ac67e65d9e14469cbc7c505311a07fbf4@127.0.0.1:30303?discport=0"
INFO [06-17|11:04:32.054] Generated JWT secret                     path=/root/qqf/raptorq-geth/data/node1/geth/jwtsecret
INFO [06-17|11:04:32.055] HTTP server started                      endpoint=127.0.0.1:8545 auth=false prefix= cors= vhosts=localhost
INFO [06-17|11:04:32.056] WebSocket enabled                        url=ws://127.0.0.1:8551
INFO [06-17|11:04:32.056] HTTP server started                      endpoint=127.0.0.1:8551 auth=true  prefix= cors=localhost vhosts=localhost
INFO [06-17|11:04:33.018] Unlocked account                         address=0x92424e4F86201c931BA53EB48619D93244c18E13
INFO [06-17|11:04:33.018] Legacy pool tip threshold updated        tip=0
INFO [06-17|11:04:33.018] Legacy pool tip threshold updated        tip=1,000,000,000
INFO [06-17|11:04:33.018] Snap sync complete, auto disabling
INFO [06-17|11:04:33.018] Commit new sealing work                  number=1 sealhash=51a23d..2a05c2 txs=0 gas=0 fees=0 elapsed="107.01µs"
INFO [06-17|11:04:33.019] Successfully sealed new block            number=1 sealhash=51a23d..2a05c2 hash=3abeaf..90284c elapsed=1.038ms
INFO [06-17|11:04:33.020] Indexed transactions                     blocks=2 txs=0 tail=0 elapsed="553.501µs"
INFO [06-17|11:04:33.020] Commit new sealing work                  number=2 sealhash=ba7608..d426ed txs=0 gas=0 fees=0 elapsed="860.942µs"
INFO [06-17|11:04:48.276] Looking for peers                        peercount=0 tried=0 static=1
INFO [06-17|11:05:03.002] Successfully sealed new block            number=2 sealhash=ba7608..d426ed hash=111f9c..479f6c elapsed=29.981s
INFO [06-17|11:05:03.003] Commit new sealing work                  number=3 sealhash=69a643..47ae77 txs=0 gas=0 fees=0 elapsed="931.97µs"
INFO [06-17|11:05:33.001] Successfully sealed new block            number=3 sealhash=69a643..47ae77 hash=930afa..72f36d elapsed=29.997s
INFO [06-17|11:05:33.002] Commit new sealing work                  number=4 sealhash=251bf7..2bb7fb txs=0 gas=0 fees=0 elapsed="646.965µs"
INFO [06-17|11:06:03.001] Successfully sealed new block            number=4 sealhash=251bf7..2bb7fb hash=08fd76..41c883 elapsed=29.999s
INFO [06-17|11:06:03.002] Commit new sealing work                  number=5 sealhash=54cb76..cc4227 txs=0 gas=0 fees=0 elapsed="620.431µs"
INFO [06-17|11:06:26.632] Setting new local account                address=0x92424e4F86201c931BA53EB48619D93244c18E13
INFO [06-17|11:06:26.632] Submitted transaction                    hash=0x0e362c17eaef4df51203b93366e7a4cd8044acdec9a7e525f78adcbe4b8f677e from=0x92424e4F86201c931BA53EB48619D93244c18E13 nonce=0 recipient=0x4bba438cA7067b9ee255bA85987542adcB26D249 value=1
INFO [06-17|11:06:26.660] Submitted transaction                    hash=0xe7d97178416f08d747ed550f9de9f8283b195a65eadc278851c3b663057fc221 from=0x92424e4F86201c931BA53EB48619D93244c18E13 nonce=1 recipient=0x342426ad10EfaeB8246aAd680371A899fde8C184 value=1
INFO [06-17|11:06:26.687] Submitted transaction                    hash=0xab09e421c1f1d9298e34902296e01e6c6788c4190acbc1d4634f9c8c29ce2617 from=0x92424e4F86201c931BA53EB48619D93244c18E13 nonce=2 recipient=0x53B87804400a9804F2A9D336FA908da528348aF1 value=1
INFO [06-17|11:06:26.715] Submitted transaction                    hash=0xada98e669976627a89a74c1bfad40d973a01ec2eb7fb301b68fb56feb15be5ef from=0x92424e4F86201c931BA53EB48619D93244c18E13 nonce=3 recipient=0x1c03741204008016d74b1F95e6E457fce3c9D64A value=1
INFO [06-17|11:06:26.743] Submitted transaction                    hash=0x984d7b820811de3d22ba49d96c39092b36a5300a8562b3d1aaa96ea3735ead9c from=0x92424e4F86201c931BA53EB48619D93244c18E13 nonce=4 recipient=0xfd2C3aFBa1a2298f6326F7b7AC01426f92a47eDf value=1
INFO [06-17|11:06:26.769] Submitted transaction                    hash=0x2967bc7ce59902dd5adafc951f9e499abd706b12cf9d40b5f2ef37cb54d236cf from=0x92424e4F86201c931BA53EB48619D93244c18E13 nonce=5 recipient=0x73361A384EDB506CC1E92bfBF84cD7C863918ec9 value=1
INFO [06-17|11:06:26.796] Submitted transaction                    hash=0xda26e5927cb196475beb724e66e967f8844ea41387b2ceb3e363d51d4e771f11 from=0x92424e4F86201c931BA53EB48619D93244c18E13 nonce=6 recipient=0xFaC3a46AFD7026aD9F0F86A4663a6bD736A96D64 value=1
INFO [06-17|11:06:26.823] Submitted transaction                    hash=0x164d3ec808f6c3d9419f51f6672280cfe1d5dcde19534ed4cc61a31ccd6d6d28 from=0x92424e4F86201c931BA53EB48619D93244c18E13 nonce=7 recipient=0xb5a79240340eF4b0C9F3F4C02bE8f6c62feEC706 value=1
INFO [06-17|11:06:26.850] Submitted transaction                    hash=0x3c3c037812606e65790bcbedd1b801c15c3cc565207b62343707132b02389460 from=0x92424e4F86201c931BA53EB48619D93244c18E13 nonce=8 recipient=0xD42099db6d289474F75A25e9643080CDD17a25cD value=1
INFO [06-17|11:06:26.878] Submitted transaction                    hash=0x504b7e08c15738ce7dba2cf511cb29f6531d90857cdc05b1f3d2cf2512d387a7 from=0x92424e4F86201c931BA53EB48619D93244c18E13 nonce=9 recipient=0x93Ff515789833Bba9b0A80B433845af37FEFF58e value=1
INFO [06-17|11:06:26.904] Submitted transaction                    hash=0x28ae58eaa92b8baccdd9576c66fa2ee9388c9ad9b1e12513118e6f2b52293305 from=0x92424e4F86201c931BA53EB48619D93244c18E13 nonce=10 recipient=0xf06cfAeacc910590e95f64856FC17Bf8f9730DC2 value=1
INFO [06-17|11:06:26.931] Submitted transaction                    hash=0x15dc8cec73675b37d03382bd41aab64897c534399e397daeb416ab16a1f8096d from=0x92424e4F86201c931BA53EB48619D93244c18E13 nonce=11 recipient=0x6189d0457fD961981F5f4C61f5ec98406c573EFD value=1
INFO [06-17|11:06:26.957] Submitted transaction                    hash=0xd95ea1fa065706bfb124b824807672b21d51798e0cac5ce5a029c33944945b59 from=0x92424e4F86201c931BA53EB48619D93244c18E13 nonce=12 recipient=0xe2DD29FCEfc5c4C44A3D1cae5F95185A3FC7174B value=1
INFO [06-17|11:06:26.984] Submitted transaction                    hash=0x4e7080810cc329fa454065d37136d81b3f58c595b407838d45e3a9184eb166e2 from=0x92424e4F86201c931BA53EB48619D93244c18E13 nonce=13 recipient=0x8cA973d332F565C5f99dca22456a51b63c78A3bb value=1
INFO [06-17|11:06:27.012] Submitted transaction                    hash=0x257e00896bee0d4007ae204092fe78ad3e19ae09efc4f677ae008cbb42368bfb from=0x92424e4F86201c931BA53EB48619D93244c18E13 nonce=14 recipient=0x570edD04Ee3f1cac13AD869c99B3BF01dA91783c value=1
INFO [06-17|11:06:27.014] Commit new sealing work                  number=5 sealhash=579c80..f5c07c txs=14 gas=294,000 fees=0.000294 elapsed=2.711ms
INFO [06-17|11:06:27.039] Submitted transaction                    hash=0xb4edab645006363d143bcf6f51a08ad7721ef2c030f1b762f36132a6d230f92d from=0x92424e4F86201c931BA53EB48619D93244c18E13 nonce=15 recipient=0x154c77f54342908B7f7A2652206bc3f45102D46f value=1
INFO [06-17|11:06:27.067] Submitted transaction                    hash=0x90551f64b455b9c063d202388aec71eae7715a41ef75dc9e5816f645f1e97e9b from=0x92424e4F86201c931BA53EB48619D93244c18E13 nonce=16 recipient=0x069cd0E0335cdC4Fc61d4Bf48E87cE702E358B14 value=1
INFO [06-17|11:06:27.093] Submitted transaction                    hash=0xa115abe38634c947712768570bc5fd0bb7333a3fa559df0d660521ae7a6ed24f from=0x92424e4F86201c931BA53EB48619D93244c18E13 nonce=17 recipient=0xCDd6b3B4DF3D156af4B5F27D9CC5feA5c2f0eB15 value=1
INFO [06-17|11:06:27.120] Submitted transaction                    hash=0xba93ebf51ae4fdf84bc092937aede0a47b65f12064453c62ab2d5f76f1a2833b from=0x92424e4F86201c931BA53EB48619D93244c18E13 nonce=18 recipient=0xa2f89d7Cc1f1c8a48e54320F103F96ca9bA39408 value=1
INFO [06-17|11:06:27.148] Submitted transaction                    hash=0xb91ab4ac02ff56320f7d051e5c553cffc93c9d366e14bde36457404390f574cc from=0x92424e4F86201c931BA53EB48619D93244c18E13 nonce=19 recipient=0x736C6F7e564659071982191Ef64fb9A568B53B0D value=1
INFO [06-17|11:06:27.175] Submitted transaction                    hash=0x9c879c8e78a8999125af841f8462e6b667ac12100bc9367f04fdc1e99b398eeb from=0x92424e4F86201c931BA53EB48619D93244c18E13 nonce=20 recipient=0x03BAd0b9B624f1E2163f288B560e9E6C04F12d67 value=1
INFO [06-17|11:06:27.202] Submitted transaction                    hash=0x2ba318fd428f42ba978c423c6ba7b6dc19222e6d708ac3deb3f4e348a3bfd999 from=0x92424e4F86201c931BA53EB48619D93244c18E13 nonce=21 recipient=0x1fDCd63e03C01C26Ae39C939493a841Cd3B57073 value=1
INFO [06-17|11:06:27.230] Submitted transaction                    hash=0xadbd2513a1f0d019c180db2886b0c9ab4c75c55ebc0af146c246a618726c66a3 from=0x92424e4F86201c931BA53EB48619D93244c18E13 nonce=22 recipient=0xdfcFd40189DfC6351Ca4b305215C1B4958dB1b2D value=1
INFO [06-17|11:06:27.256] Submitted transaction                    hash=0x71cb03038dd15ad6c0e2f487f94a8744985825869e80e0189a73123a5d21bbef from=0x92424e4F86201c931BA53EB48619D93244c18E13 nonce=23 recipient=0xDa7F8630F99106D38caA84527D94aFBe66c7aC24 value=1
INFO [06-17|11:06:27.283] Submitted transaction                    hash=0x14a4692b8fe76c1fc9490a661feb1299b1c4060b60d048c204fb7983d08afbfe from=0x92424e4F86201c931BA53EB48619D93244c18E13 nonce=24 recipient=0x970129Fc838E072aD86Cf5f72969C5e9a41958df value=1
INFO [06-17|11:06:27.311] Submitted transaction                    hash=0x41902033730ffdbd223a9a12ab9e06277974111b6b6e303138bfe53b744d34e0 from=0x92424e4F86201c931BA53EB48619D93244c18E13 nonce=25 recipient=0x0755dC13Ed215f164dDa04B22FcC4E7fb0b67bD1 value=1
INFO [06-17|11:06:27.338] Submitted transaction                    hash=0x84a004ce3bd60a129fe65c7420f7e38949d5c54db8d29c986538f90030a841b4 from=0x92424e4F86201c931BA53EB48619D93244c18E13 nonce=26 recipient=0x9410F7673092D07966ecb38f23549ec53D95211b value=1
INFO [06-17|11:06:27.364] Submitted transaction                    hash=0x4e4f68c4d8132df787a1b141520d477f99497e962f600140d31bf626e1bf8a4e from=0x92424e4F86201c931BA53EB48619D93244c18E13 nonce=27 recipient=0xeFD65c40Eb49E06F50cbA28258A221996561A542 value=1
INFO [06-17|11:06:27.391] Submitted transaction                    hash=0x09a72ff0dc223db05ff567bdbca58b0d08ba6f8968b24aca512eb438cb6ef9d0 from=0x92424e4F86201c931BA53EB48619D93244c18E13 nonce=28 recipient=0xD7f24a2fe42dE8B684B5E0F3550C337310Dc7fD6 value=1
INFO [06-17|11:06:27.419] Submitted transaction                    hash=0xad87504e5416ef5fbf17651cb4370e3681865d5672a5f612ad0bf8aff2fd4e65 from=0x92424e4F86201c931BA53EB48619D93244c18E13 nonce=29 recipient=0x6e827E301891eaDA95D832742BdF490202ce3DEb value=1
INFO [06-17|11:06:27.445] Submitted transaction                    hash=0x8c9168c199c4bd54ce98fb37d986f1e21b6ae7033e5f63662ae39d1da8836026 from=0x92424e4F86201c931BA53EB48619D93244c18E13 nonce=30 recipient=0xfAfC2A7E9Dbe24212057433372f54E28949E1110 value=1
INFO [06-17|11:06:27.472] Submitted transaction                    hash=0xdf13154517601c1f85962100a32bea665f6ce9bcedb82f614dabe356e1af64b4 from=0x92424e4F86201c931BA53EB48619D93244c18E13 nonce=31 recipient=0xDeF8e4D9d45fAfeF28c8dE77BBe026845429d4A4 value=1
INFO [06-17|11:06:27.498] Submitted transaction                    hash=0xac69913f516d48d969f54a8460f647b4d9114275625dff9415e21b311a3ddaaf from=0x92424e4F86201c931BA53EB48619D93244c18E13 nonce=32 recipient=0x2BC442D407BfCfd261fb17aCe1f0b06b55FB0D34 value=1
INFO [06-17|11:06:27.525] Submitted transaction                    hash=0x05052b2c945c9fc4715e6c717c9a0839e459e9504fd43c0655af2622b45ad39f from=0x92424e4F86201c931BA53EB48619D93244c18E13 nonce=33 recipient=0xf061869F27436C93Cfce4D0861ddd591cfF3e13e value=1
INFO [06-17|11:06:27.552] Submitted transaction                    hash=0x6e934ecfc20d520734e6b67be98fdc9a2081cdc31fd02113b668e8a6cfd05839 from=0x92424e4F86201c931BA53EB48619D93244c18E13 nonce=34 recipient=0x3165235E4fBF1b1864c77Bf295d44156bf0D6ddc value=1
INFO [06-17|11:06:27.578] Submitted transaction                    hash=0x592afdeff6a9d67a72cefa88a6fd1a6d3e4b012b9ac367d3cb42ed864dee72f4 from=0x92424e4F86201c931BA53EB48619D93244c18E13 nonce=35 recipient=0x7ceDBF9F04963f9C86ebB74ceFF45183897ab331 value=1
INFO [06-17|11:06:27.607] Submitted transaction                    hash=0x0b2dcd2420cd14058ecb7ad48b8229213ad6a59794bb795541e9f7fd9598c338 from=0x92424e4F86201c931BA53EB48619D93244c18E13 nonce=36 recipient=0xe2Fc3DC05E44b4799D708e34cf9BcFFE505E98a7 value=1
INFO [06-17|11:06:27.633] Submitted transaction                    hash=0x1c1053d27023a53dedc1af3eab726cd1b01f68e53cafee7e44558c8a37453916 from=0x92424e4F86201c931BA53EB48619D93244c18E13 nonce=37 recipient=0xE69035C772a73339574caCf777f30b1941ac2eb0 value=1
INFO [06-17|11:06:27.661] Submitted transaction                    hash=0x304726b844dcff0c0f1dd17521189994a65ce353c724b2472d545f44dbb94c03 from=0x92424e4F86201c931BA53EB48619D93244c18E13 nonce=38 recipient=0xb86a5600c684862E94a0188c817D39ba9711eE4F value=1
INFO [06-17|11:06:27.688] Submitted transaction                    hash=0xa4b9060f30dee79a80853e79d8b0ae035dd1f5cf1113062d02bcdb3a521e2eff from=0x92424e4F86201c931BA53EB48619D93244c18E13 nonce=39 recipient=0x61ca3145a946F26E8D26da5e9bC2800797448f5d value=1
INFO [06-17|11:06:27.714] Submitted transaction                    hash=0x38f35342ab2869897fce6d0b3dafe903f44cdef69a6e6ef27494f6f836d49640 from=0x92424e4F86201c931BA53EB48619D93244c18E13 nonce=40 recipient=0xd57c91bf2b3Bf411B149343Bdc7d6B3b5033f9d7 value=1
INFO [06-17|11:06:27.742] Submitted transaction                    hash=0x24d035774763efdfee081d3243221fe27c2ba64d700a4a234d883563f96b7a9a from=0x92424e4F86201c931BA53EB48619D93244c18E13 nonce=41 recipient=0x82d18f31f272e7209B920480E8D0d92612d4B6C4 value=1
INFO [06-17|11:06:27.768] Submitted transaction                    hash=0x18238da18d713bb2c5a11e5e50108c472de2fb6e55dd88b6b5863523f720897b from=0x92424e4F86201c931BA53EB48619D93244c18E13 nonce=42 recipient=0x340AEA30b143B0cA1A2BB15B10c880Db255B1296 value=1
INFO [06-17|11:06:27.795] Submitted transaction                    hash=0x488bbb12b99dcb80aa6d6097fa60f05495cf129696daab0e31986e99dcbc43aa from=0x92424e4F86201c931BA53EB48619D93244c18E13 nonce=43 recipient=0xF40EbBe652A3412b1AD6e5AafBB07A4Ebf6Ad7c9 value=1
INFO [06-17|11:06:27.821] Submitted transaction                    hash=0xa13df5c89eb679dec9fe271adf188eb8c1760f14c886e239caceab8b99cf0e0a from=0x92424e4F86201c931BA53EB48619D93244c18E13 nonce=44 recipient=0x8373d975FD981e8820C398910415962b2dc125af value=1
INFO [06-17|11:06:27.848] Submitted transaction                    hash=0xe44bfc03a14f7e915b91d61be31b24790faa73cebd9491490a3f6ca099e59709 from=0x92424e4F86201c931BA53EB48619D93244c18E13 nonce=45 recipient=0xdeBDDF578b3C15F68F526759620892947B2637e2 value=1
INFO [06-17|11:06:27.876] Submitted transaction                    hash=0x4822da29f452e88d9f1d1ef46b384a30bc7f73fb2b8d0572b8b2ced0678721ec from=0x92424e4F86201c931BA53EB48619D93244c18E13 nonce=46 recipient=0x10C3770dE9cf767C2904671672E25DFAB595972F value=1
INFO [06-17|11:06:27.902] Submitted transaction                    hash=0x31ac88cf87f1ed3b070b269450db4519821ff4835e4921be4233da485001defd from=0x92424e4F86201c931BA53EB48619D93244c18E13 nonce=47 recipient=0xFf719575DD32Ca8c38216282E069B3e7ebf36325 value=1
INFO [06-17|11:06:27.927] Submitted transaction                    hash=0x7d4d37bc353919e2b633bcfb76ea5a7b58395b6fcb3e881734d687ffdf037650 from=0x92424e4F86201c931BA53EB48619D93244c18E13 nonce=48 recipient=0xC1fdBE40A8eeeDF4360273c88AA37C77E4860376 value=1
INFO [06-17|11:06:27.954] Submitted transaction                    hash=0x70a55436a3e0a822485bba78f15f140ce712ab1d41d19345db6402f899f83d00 from=0x92424e4F86201c931BA53EB48619D93244c18E13 nonce=49 recipient=0x4f49c8b8cD81169D87E736f84e822F73e4E001d8 value=1
INFO [06-17|11:06:27.982] Submitted transaction                    hash=0x36097f1fa390fa89ad7a624c23a28260e5780511ee2c9ccca7fc7ca6145fb738 from=0x92424e4F86201c931BA53EB48619D93244c18E13 nonce=50 recipient=0x8C4C7b4a72Fe7a334795EDf0515C147FC3E5fa22 value=1
INFO [06-17|11:06:28.007] Submitted transaction                    hash=0x9567d3e8dd64a29225411171a071b4f52fb2ace4119ce53eac02f6e24e456527 from=0x92424e4F86201c931BA53EB48619D93244c18E13 nonce=51 recipient=0xaf80e1a8250Da95587436a0831154d61eb0F8A62 value=1
INFO [06-17|11:06:28.030] Submitted transaction                    hash=0x6d549556eb496953d4671ec458893fbeffbad5c5ddf3ab858e7d043a7dd90f53 from=0x92424e4F86201c931BA53EB48619D93244c18E13 nonce=52 recipient=0x0A93Fb116F40C234197466B468F5bb6dB1D47f81 value=1
INFO [06-17|11:06:28.057] Submitted transaction                    hash=0xed2d31e7af7d7e59d126e0fff4aad1cdfca57211b896ade162a49a04ed3efa2c from=0x92424e4F86201c931BA53EB48619D93244c18E13 nonce=53 recipient=0x4A7707bdCEE663C3DB06517CC3452d7832c8088a value=1
INFO [06-17|11:06:28.084] Submitted transaction                    hash=0x06b82cf84bfd1fa2fcf07496f6b30fdeda72a8e838b2740edf08f669a74481cb from=0x92424e4F86201c931BA53EB48619D93244c18E13 nonce=54 recipient=0xf7FC08E9215A7Cec8aBcF54Fcf2c5ea5199A12c4 value=1
INFO [06-17|11:06:28.110] Submitted transaction                    hash=0x1bd28e1700a47782e538b6c385233d5722d5b223231bc7fcc9178b7ada00595b from=0x92424e4F86201c931BA53EB48619D93244c18E13 nonce=55 recipient=0x45A1c1CEd71c11AA2B9819B7eEb2a19107eAF542 value=1
INFO [06-17|11:06:28.134] Submitted transaction                    hash=0x5f005dbdb58fb3e9e9140ad210757a614976eef2932faa9dadc6563611a283aa from=0x92424e4F86201c931BA53EB48619D93244c18E13 nonce=56 recipient=0xC2459FDcFC192b349b646008C62B3b59a2a9C702 value=1
INFO [06-17|11:06:28.158] Submitted transaction                    hash=0x1c42f6b99f57d4933cdb124dba9594aef3b263b342879d784bb59d7dc8ca50c1 from=0x92424e4F86201c931BA53EB48619D93244c18E13 nonce=57 recipient=0xE7E787d525FAAF864d4401d49ffe5252A5fa0c2a value=1
INFO [06-17|11:06:28.184] Submitted transaction                    hash=0x5a0ad7436482f7a6e58d03057cae905607a2cbeb5f20edd354c8a5a264017ad9 from=0x92424e4F86201c931BA53EB48619D93244c18E13 nonce=58 recipient=0xa3514650d09a7DB7Db3B16154E92e76C62F01a1a value=1
INFO [06-17|11:06:28.211] Submitted transaction                    hash=0xdf8b1758a7b6a363d1aef7592ca53687102403ab5c1fa754aac748dabeee6845 from=0x92424e4F86201c931BA53EB48619D93244c18E13 nonce=59 recipient=0xfb428F90341f5832c8Ad602cE152c3f60DBB55D6 value=1
INFO [06-17|11:06:28.238] Submitted transaction                    hash=0x55f08a36ad9e986f94d7fbadfe8c4de02e7224b7d231442e1bed56e1d8668654 from=0x92424e4F86201c931BA53EB48619D93244c18E13 nonce=60 recipient=0x1d6c40f155480A287FA9f6a23758F1ACcbD06dc7 value=1
INFO [06-17|11:06:28.266] Submitted transaction                    hash=0x8d9f92951cba2976cf58609db1ad9b78e02a0edb824638a9a2344b198c377161 from=0x92424e4F86201c931BA53EB48619D93244c18E13 nonce=61 recipient=0xe3C426B2d74eeFb36a8FE06129087E2F5889cb22 value=1
INFO [06-17|11:06:28.291] Submitted transaction                    hash=0x8820f1089fc89c02ddc0e9b2824817b85e74741723937595eb9aef6056726f22 from=0x92424e4F86201c931BA53EB48619D93244c18E13 nonce=62 recipient=0xbd56C7b5A17aA9f6B9e5Ab1dA105704a244389e6 value=1
INFO [06-17|11:06:28.318] Submitted transaction                    hash=0xaf028298c6a518edfe764388477b18845ef541d53344dc780837da390abf01a7 from=0x92424e4F86201c931BA53EB48619D93244c18E13 nonce=63 recipient=0xdb58b4B45Bcf1754f565fd8D78eCC801058AC05B value=1
INFO [06-17|11:06:28.344] Submitted transaction                    hash=0xfc680f7688d95bf3f4ba0ce14bd83c19328279fbd6c0c5403cb8ca28c87b96fa from=0x92424e4F86201c931BA53EB48619D93244c18E13 nonce=64 recipient=0xAbab2dEF6B526C6675bd02309741759008d2c967 value=1
INFO [06-17|11:06:28.371] Submitted transaction                    hash=0x406fa9264d01351552913707c86fdab8c76302c6f15485a35ac696f4bd7878b4 from=0x92424e4F86201c931BA53EB48619D93244c18E13 nonce=65 recipient=0x1E329DAc16b4B480C8Da1416B422C13d177A7b90 value=1
INFO [06-17|11:06:28.398] Submitted transaction                    hash=0xbd61ef1a935750b6fdf89974d790e4bf25203e1daa8028e5f68119f6216a5819 from=0x92424e4F86201c931BA53EB48619D93244c18E13 nonce=66 recipient=0x222F967C06EC946Eb8E873715003dc9e089015b1 value=1
INFO [06-17|11:06:28.425] Submitted transaction                    hash=0x1a81f2a687d34513604f98ad9268a75d8495e102c2f1bc0ba820ad7471c5ccc4 from=0x92424e4F86201c931BA53EB48619D93244c18E13 nonce=67 recipient=0x14AE641E068c1edB08879acf989B85c45Ba53656 value=1
INFO [06-17|11:06:28.453] Submitted transaction                    hash=0xdbb18007f5c9351dced4b392ba37c45e1e316195c7c32adcd11a10c7a105a8e4 from=0x92424e4F86201c931BA53EB48619D93244c18E13 nonce=68 recipient=0xea9eB01d5678b0647d6de0245081B45f93D968A8 value=1
INFO [06-17|11:06:28.479] Submitted transaction                    hash=0x349f689bfb7e0422a666e848fc746d5cdd0fed6b9d52dcb8f2bd9d05939ecfd9 from=0x92424e4F86201c931BA53EB48619D93244c18E13 nonce=69 recipient=0x933E06756331835b51001c6271471dd9Ea4CdCA2 value=1
INFO [06-17|11:06:28.507] Submitted transaction                    hash=0x99114e25affaad5dd928ed514f1f3a06fc5d39d2203937f21ccecba7d42065d2 from=0x92424e4F86201c931BA53EB48619D93244c18E13 nonce=70 recipient=0x51d77f37a639a963d191e0E014Bd51e0439F92D2 value=1
INFO [06-17|11:06:28.534] Submitted transaction                    hash=0x79da15bf7a899c84cae1146c3209c7195af544bce164c8e2dfe38479784e60be from=0x92424e4F86201c931BA53EB48619D93244c18E13 nonce=71 recipient=0xB6e434d68B40ba87eaec3BD283d2e32CB69De1aA value=1
INFO [06-17|11:06:28.561] Submitted transaction                    hash=0x3ca341add7df1bf07ec6126cb245582dee43b8cc309e555ebf26d7b9c7128c38 from=0x92424e4F86201c931BA53EB48619D93244c18E13 nonce=72 recipient=0x5B16b15680a4cff33CFB3C2D85A6fAe51fCc8a2F value=1
INFO [06-17|11:06:28.588] Submitted transaction                    hash=0x80efee5b502cec4ef43ff5a968379af2a903419b17b5637a101537262b0c3e26 from=0x92424e4F86201c931BA53EB48619D93244c18E13 nonce=73 recipient=0xc07C89b0a9F511CE5D32FaF8A549c8A661648601 value=1
INFO [06-17|11:06:28.615] Submitted transaction                    hash=0x5146347debde089d0e23457769fde22c800dbea94e3c445750361166963a34e0 from=0x92424e4F86201c931BA53EB48619D93244c18E13 nonce=74 recipient=0x2dfc09497CCf3839F0b8B1ebe842C5F565920f54 value=1
INFO [06-17|11:06:28.643] Submitted transaction                    hash=0xd67073b1fc2bc33ac516e0b28780f8b283b8dce0e7aa337782e1b9d99c358646 from=0x92424e4F86201c931BA53EB48619D93244c18E13 nonce=75 recipient=0x8bB9eEFF8BFE37D03d78ECE507D44593656F71d2 value=1
INFO [06-17|11:06:28.669] Submitted transaction                    hash=0x41b8d488a6ffb38b03dc9ce9abd1d4d6a4ae9d01ce8f97ef4986dc953f4579cc from=0x92424e4F86201c931BA53EB48619D93244c18E13 nonce=76 recipient=0xD5281D094f68311478701F3B3D274c051eFd8fFe value=1
INFO [06-17|11:06:28.697] Submitted transaction                    hash=0x226a528fed2b295466e9b1a76961dc22821cf72387dd3fd07a2c795f8217a6ba from=0x92424e4F86201c931BA53EB48619D93244c18E13 nonce=77 recipient=0x2be11301CF6b4527D83e1269536E7bd2f12c2613 value=1
INFO [06-17|11:06:28.724] Submitted transaction                    hash=0x4e7feab8d24918e0c16b259168e4763025fb5380fda5d9e8d2d114c8f8a2b5d2 from=0x92424e4F86201c931BA53EB48619D93244c18E13 nonce=78 recipient=0x974307B99EB17c1aAeac4A7857c097Ffda637cB2 value=1
INFO [06-17|11:06:28.750] Submitted transaction                    hash=0xb77da346c281bafef41f5b1e8bf10b6eec1cba40bfdb9ddfe645ca5ac05e0d6c from=0x92424e4F86201c931BA53EB48619D93244c18E13 nonce=79 recipient=0xE3f8c815Eb01AB1ff973051942f010eDB0FFec2f value=1
INFO [06-17|11:06:28.778] Submitted transaction                    hash=0xdd1ea8ec952ccca7ec8dd520564aab24c05b82cb5f29759841746bc5645857d9 from=0x92424e4F86201c931BA53EB48619D93244c18E13 nonce=80 recipient=0xa1067b1046BFE37C025535AC4f09ecEC0Ae5EC32 value=1
INFO [06-17|11:06:28.803] Submitted transaction                    hash=0x95e52d930d4c1f26525aa6388648c455a22880e7c41616b1af4eed5ae62fdcdc from=0x92424e4F86201c931BA53EB48619D93244c18E13 nonce=81 recipient=0x4383aE039CC3b7F6F8d975d8b827647ff69dBF3d value=1
INFO [06-17|11:06:28.831] Submitted transaction                    hash=0xc46b3b94a77a32a382482144c2edaba415a90d3503cbf5046d9a7d25e25ef4a3 from=0x92424e4F86201c931BA53EB48619D93244c18E13 nonce=82 recipient=0xdcFfe7Dbc97564a2fD2706d752Be6c5c1D168Fa7 value=1
INFO [06-17|11:06:28.858] Submitted transaction                    hash=0x0fffd012b7ef67de834c1fee47e504381e4722c52371e3f43f6cdb23cfe06479 from=0x92424e4F86201c931BA53EB48619D93244c18E13 nonce=83 recipient=0x5174501A7877377CA3F65cfD52D6E2914b040497 value=1
INFO [06-17|11:06:28.885] Submitted transaction                    hash=0x251fd6508ed7bce443fd6ea66ba6c8c8b9a69b60c25fcab8c07fbd2059ec6826 from=0x92424e4F86201c931BA53EB48619D93244c18E13 nonce=84 recipient=0xb512886a699573D91b9956A0949f9712b3aC90ad value=1
INFO [06-17|11:06:28.910] Submitted transaction                    hash=0x8618ea6b3685de948f644ea08dcffb808319af831e21e8a55ac0455db9be5faf from=0x92424e4F86201c931BA53EB48619D93244c18E13 nonce=85 recipient=0x91ce52D45d9b2ff70E4ec128C59d893fA6b75E8d value=1
INFO [06-17|11:06:28.937] Submitted transaction                    hash=0xa3188d1158211a25a9ff025754333ba8c00e7dd9534cb5cd7c135e8b9e134cde from=0x92424e4F86201c931BA53EB48619D93244c18E13 nonce=86 recipient=0x2E891860f882a5be087A65E688eFd7082829b74B value=1
INFO [06-17|11:06:28.965] Submitted transaction                    hash=0xf0d783801f80899761acea5849cc8b6b731dcb8790bc28ebd184358893315c2a from=0x92424e4F86201c931BA53EB48619D93244c18E13 nonce=87 recipient=0xDc2137C3377453E133eEEfE32cd3ef009bE6E848 value=1
INFO [06-17|11:06:28.991] Submitted transaction                    hash=0x0469b99827d205b123c940f19699a63fdd1131c5002e6504e0f6d02b743a53db from=0x92424e4F86201c931BA53EB48619D93244c18E13 nonce=88 recipient=0x275A85D93659978f98A835375E40690e50901456 value=1
INFO [06-17|11:06:29.019] Submitted transaction                    hash=0x04aded6a721b9608afaefc624023a905cad89251a794a7714edbce92bbe74516 from=0x92424e4F86201c931BA53EB48619D93244c18E13 nonce=89 recipient=0xB9a9893a3B82dB36A5976A56a915699042eD57d3 value=1
INFO [06-17|11:06:29.023] Commit new sealing work                  number=5 sealhash=12a598..59a981 txs=89 gas=1,869,000 fees=0.001869 elapsed=11.450ms
INFO [06-17|11:06:29.046] Submitted transaction                    hash=0xa30197287e30e3696af877d687fa7d061a14569e0f5ab75cf97a9a19a0712944 from=0x92424e4F86201c931BA53EB48619D93244c18E13 nonce=90 recipient=0xEB750C9D81893638D73df4Dd74Cc319777a6e5BF value=1
INFO [06-17|11:06:29.072] Submitted transaction                    hash=0x75842ec8026ac2bb34a246a328f6a6c171354e8e883f24fc159cacc84f0c447e from=0x92424e4F86201c931BA53EB48619D93244c18E13 nonce=91 recipient=0xEb0Bd6aB973F26b2e5854F9aeA1Bd6aD77388F8E value=1
INFO [06-17|11:06:29.100] Submitted transaction                    hash=0x7a13de20b7a7683b842cf77a55dc958cd0b2d30653a3bcad2d1a409bfe307d96 from=0x92424e4F86201c931BA53EB48619D93244c18E13 nonce=92 recipient=0x89CC6B6Dc1add96916574a051Df8AfbBB8Cbd128 value=1
INFO [06-17|11:06:29.127] Submitted transaction                    hash=0x5b6c901c6ebdf2a501f50c5f2e2cd68fd8c53a33c09b25c6545c4ee0db20d2c7 from=0x92424e4F86201c931BA53EB48619D93244c18E13 nonce=93 recipient=0x59789d528f962E7098e5b29445a6297D60644CE2 value=1
INFO [06-17|11:06:29.154] Submitted transaction                    hash=0x4691d1c3c059f4753a94e961cc65b358e4753cc472d9ba4a531097284a39a139 from=0x92424e4F86201c931BA53EB48619D93244c18E13 nonce=94 recipient=0x343b3AEB1b5d67608886569b6dF34154C5BDCC62 value=1
INFO [06-17|11:06:29.181] Submitted transaction                    hash=0x31f2591557aad37b80a2002a445fa3b8ca31c9b1776807637c888c4c9eb5c2aa from=0x92424e4F86201c931BA53EB48619D93244c18E13 nonce=95 recipient=0x0Fd1455cfC9089FF90A6ef3c3A148de99Ce39682 value=1
INFO [06-17|11:06:29.206] Submitted transaction                    hash=0x91ef4529d53b3bf198d621420ccbcf6fbaed83c9ddf442fcd2f87f0b5ccc8c1a from=0x92424e4F86201c931BA53EB48619D93244c18E13 nonce=96 recipient=0x2527510e846B5163d975de24137F2602c97493b6 value=1
INFO [06-17|11:06:29.233] Submitted transaction                    hash=0xffb8f869eca695124fd9c6834422ee41c3a4f6a3e5c2d7b0d75ef558402016f9 from=0x92424e4F86201c931BA53EB48619D93244c18E13 nonce=97 recipient=0xe8c370d3b72Bec6b1BEc42A1288Dc00fd8529f6e value=1
INFO [06-17|11:06:29.260] Submitted transaction                    hash=0x5a9def07bcc491152268a487577a8067eb9f08d5a2ad713a041b5d5851082b56 from=0x92424e4F86201c931BA53EB48619D93244c18E13 nonce=98 recipient=0xE11F50c2Aa2E95eaFF66E3aB2169F808A1F85Ab0 value=1
INFO [06-17|11:06:29.288] Submitted transaction                    hash=0x643caf283c6dd33b895b1903a1fdd6bfc7225c874ec99f5645247e4d48fd91cd from=0x92424e4F86201c931BA53EB48619D93244c18E13 nonce=99 recipient=0x9dcc681B9EeBA158CEafA56A7566cfe1551B724E value=1
INFO [06-17|11:06:29.314] Submitted transaction                    hash=0x604009efb105e540fa1c4597fa3b85ea074e7ea1487f1970d10afb518afe4466 from=0x92424e4F86201c931BA53EB48619D93244c18E13 nonce=100 recipient=0x94f7ABbAE1aF1Bd25B4e8acA074a2159C0eC03fF value=1
INFO [06-17|11:06:29.342] Submitted transaction                    hash=0x5abd6d8ffe6c9e337432d4afbeebe43699da305a44c42ea6e9baf59695857746 from=0x92424e4F86201c931BA53EB48619D93244c18E13 nonce=101 recipient=0xDf4Eeaa4b2C7eFD3D8bAFb04A460495f0bA12078 value=1
INFO [06-17|11:06:29.369] Submitted transaction                    hash=0xa8f0fc5fdc9407bbc04f1acb5e2c285f2ccf126747e3426c775de12a496acae1 from=0x92424e4F86201c931BA53EB48619D93244c18E13 nonce=102 recipient=0x97ADDf8946D6661B58118386311Ab81e18B40736 value=1
INFO [06-17|11:06:29.394] Submitted transaction                    hash=0x57c78e7dfe1ca9aba3e91caad19ef35759040c24a28bac2e7c7d26daaea3d76b from=0x92424e4F86201c931BA53EB48619D93244c18E13 nonce=103 recipient=0x7004522dc872517D4a4fA8cC48DeBA0D0c8bec70 value=1
INFO [06-17|11:06:29.420] Submitted transaction                    hash=0x6df3e9059818b051c447e285bc1b0b553ead4022665dcba64d466d7be69f28d1 from=0x92424e4F86201c931BA53EB48619D93244c18E13 nonce=104 recipient=0xf2edB0e595569cDD3599DDAe5c41bed04cc596Be value=1
INFO [06-17|11:06:29.446] Submitted transaction                    hash=0x133d152f4badd3b72bc0d9d4d0d4e1db4a5fc11081ea2d050f6a031a428ef8c5 from=0x92424e4F86201c931BA53EB48619D93244c18E13 nonce=105 recipient=0x6135B201E6D854082c27060CE67773ECe2064fb7 value=1
INFO [06-17|11:06:29.473] Submitted transaction                    hash=0x21d25ead6edce91e53aa1e03cc9f033982a559757b8ad9ed7742309998d0e966 from=0x92424e4F86201c931BA53EB48619D93244c18E13 nonce=106 recipient=0x51deB31012BCF66672F884565b6222e20C3731ef value=1
INFO [06-17|11:06:29.500] Submitted transaction                    hash=0xcb32da182a0191060ce75549b5e2f6b7e64a61dbb0e0efd62caa0458f50f8488 from=0x92424e4F86201c931BA53EB48619D93244c18E13 nonce=107 recipient=0x39289b99E879B35A0605a481F1cF7A9E1538FcBD value=1
INFO [06-17|11:06:29.526] Submitted transaction                    hash=0x11df54464f2ae040e56d5840f51aefdd982d99eaa02bcb87cf3bb5a407c7954d from=0x92424e4F86201c931BA53EB48619D93244c18E13 nonce=108 recipient=0xF5Fe4445BFCbB9c33621591e7E819D2c25080F7C value=1
INFO [06-17|11:06:29.553] Submitted transaction                    hash=0x5906ebc766fa81f485023fc220b5a7ed7b37f8af9090ed0be55a2f3901fafcba from=0x92424e4F86201c931BA53EB48619D93244c18E13 nonce=109 recipient=0xe5f7c2E7A465fA8e4F40cf4EDA555c59fABbb7F8 value=1
INFO [06-17|11:06:29.581] Submitted transaction                    hash=0x414f0089795a6ac296be2f14fc8657f77bd3725190a75ce04a9e345d3ea56c1b from=0x92424e4F86201c931BA53EB48619D93244c18E13 nonce=110 recipient=0xaD1454FcCA6F5C87B61f564c812Ab8C836633B14 value=1
INFO [06-17|11:06:29.607] Submitted transaction                    hash=0xc43398cad9e24f09d8c1cdd2d47a4dadf75bff11e59a99893f8cd59bab18a182 from=0x92424e4F86201c931BA53EB48619D93244c18E13 nonce=111 recipient=0x2dEF02877Fc82Ca7700c607aa1C358CC9Ac21C1b value=1
INFO [06-17|11:06:29.635] Submitted transaction                    hash=0x13659adc0884f2972bc9c41be6b9ef38d1363f60a054468134049a21fe703c10 from=0x92424e4F86201c931BA53EB48619D93244c18E13 nonce=112 recipient=0x649eEd9Cf8607165a4998e52449C61086ad6b8F4 value=1
INFO [06-17|11:06:29.663] Submitted transaction                    hash=0x90780201ce34a6fe7054108fb052f95f94f57fe8807ceeb066845c4ddd06e06f from=0x92424e4F86201c931BA53EB48619D93244c18E13 nonce=113 recipient=0x4f09fA0E53F8b8399716e6Aa1705A76b655cc811 value=1
INFO [06-17|11:06:29.690] Submitted transaction                    hash=0xda4839ec3f91e69f7e5d7d7706596129132f5a4ca5c7834ae7edc4b4c6bd6aaf from=0x92424e4F86201c931BA53EB48619D93244c18E13 nonce=114 recipient=0xd9CD970024B994b4Dc8cC44aa25950B3FB5BA227 value=1
INFO [06-17|11:06:29.717] Submitted transaction                    hash=0xbac114dff69049bf8862f8954d64cd0cdc412d0efa2bdfa4a0618178066dbf8e from=0x92424e4F86201c931BA53EB48619D93244c18E13 nonce=115 recipient=0x8C543491A38C92Ff9619902a12032F1895b400cE value=1
INFO [06-17|11:06:29.745] Submitted transaction                    hash=0xc77ed8f101828cd91dfc65179e7775d9c21755d34712e0623cb7539dba8fe72a from=0x92424e4F86201c931BA53EB48619D93244c18E13 nonce=116 recipient=0x0b70222133492966Dc577941514fFB8BBBAa04AB value=1
INFO [06-17|11:06:29.772] Submitted transaction                    hash=0xbf6788f6581862f640f4d9c881dbd1017f093a68e3b24a66a89fe1e67bed8c1f from=0x92424e4F86201c931BA53EB48619D93244c18E13 nonce=117 recipient=0xa20B12d3674cdD4DE1e9D93c69be19ce8b3765F1 value=1
INFO [06-17|11:06:29.798] Submitted transaction                    hash=0x4b9035d3e1ff22872e61f0b4076a9b4d6976f430a17c463816fd5fdb6c0c4fd7 from=0x92424e4F86201c931BA53EB48619D93244c18E13 nonce=118 recipient=0x191ce851C5d7de5Dcb1F38137b3d66ba69aC09fa value=1
INFO [06-17|11:06:29.824] Submitted transaction                    hash=0x2cd8e8353e20639ef2f8f076430264df547342265d5a7bc40dc74f147350e3a0 from=0x92424e4F86201c931BA53EB48619D93244c18E13 nonce=119 recipient=0xfecCd48531BE295DddA1520dB1c6d5c64C2B5a0A value=1
INFO [06-17|11:06:29.852] Submitted transaction                    hash=0x832e2c13db824f464d8ae9da5e39878b1c2d1eff6f1afe77fcc2b90b669ceb61 from=0x92424e4F86201c931BA53EB48619D93244c18E13 nonce=120 recipient=0x7a092B2bdd753F6F6aA332FD21B21334940c83dB value=1
INFO [06-17|11:06:29.878] Submitted transaction                    hash=0x8bf7ee428a7190049c2b3470d40577843f08343b7a1940270f564bb25ed2014e from=0x92424e4F86201c931BA53EB48619D93244c18E13 nonce=121 recipient=0xf9dBf127DA1A9355345967503Dc1A4E9BE34cb64 value=1
INFO [06-17|11:06:29.905] Submitted transaction                    hash=0x4aeda9e476a3671aa1a9b29d8a28a7d7de811805d9d90e36b553821a09591bae from=0x92424e4F86201c931BA53EB48619D93244c18E13 nonce=122 recipient=0x4451b3F89cd8f3fa95d77797E9a5A81147A8A203 value=1
INFO [06-17|11:06:29.933] Submitted transaction                    hash=0x7af3ffcd3c59f71ec7b8b8142c3fa5a2373b318d51b2f466ddfba62baa5d4384 from=0x92424e4F86201c931BA53EB48619D93244c18E13 nonce=123 recipient=0x085A808638ac970C655EA6FdeF07eE6274F553BD value=1
INFO [06-17|11:06:29.960] Submitted transaction                    hash=0x7de0297d6f24b3b8ff65a69ad42cb210d3c699acad8f0b296622ffefd2c2706d from=0x92424e4F86201c931BA53EB48619D93244c18E13 nonce=124 recipient=0x6EBc8243bc8adc54929AFa430B86C267501FDA10 value=1
INFO [06-17|11:06:29.987] Submitted transaction                    hash=0x64c762b5bc397da288cdafef7183ec78eea7652614c6e8f840fa9fc29701d2c4 from=0x92424e4F86201c931BA53EB48619D93244c18E13 nonce=125 recipient=0xF8E06CDa7955F40b7d94bEd9e0d81ec096243031 value=1
INFO [06-17|11:06:30.013] Submitted transaction                    hash=0x433970eae17164c4b0afb898380e1c0486640a780ef38c044b54d6c73f4c92e4 from=0x92424e4F86201c931BA53EB48619D93244c18E13 nonce=126 recipient=0x2Bbac01546e85AA046d78532AC13C012BF9807AF value=1
INFO [06-17|11:06:30.041] Submitted transaction                    hash=0xce9e0c33a62e7110176e14b8f3b3ff10bc1ad56bc55850e69b5253b9aa0dc3c6 from=0x92424e4F86201c931BA53EB48619D93244c18E13 nonce=127 recipient=0x29cC33450B86b8260E6dc2d645117383bB7608Db value=1
INFO [06-17|11:06:30.068] Submitted transaction                    hash=0x9226386cd610139dd0b886e8b8577f14a1a33690cdb65f692ebda3341fe75093 from=0x92424e4F86201c931BA53EB48619D93244c18E13 nonce=128 recipient=0x4288dDea1A921674fD13BEeA80a39fc4fFF56af9 value=1
INFO [06-17|11:06:30.095] Submitted transaction                    hash=0x01d274f6b14b5c78303c60889bc9499d77d88c821c2296f750847cb6672009d5 from=0x92424e4F86201c931BA53EB48619D93244c18E13 nonce=129 recipient=0xA6B6151752Ab4cDCD153029d25D6D21bDA53CDAc value=1
INFO [06-17|11:06:30.123] Submitted transaction                    hash=0x93ddbf739eced35f80c0fc677046db0d490b23b8bbdae8157f3752c948f70eb7 from=0x92424e4F86201c931BA53EB48619D93244c18E13 nonce=130 recipient=0xCb5C842622835d06631D2919D3c19b9BA8eDfA2b value=1
INFO [06-17|11:06:30.149] Submitted transaction                    hash=0xab6c57918b598ea61b3d182e21bba006bf4ae2c93c439b607b387fb644d3d4e8 from=0x92424e4F86201c931BA53EB48619D93244c18E13 nonce=131 recipient=0x62792Bc6bd02C589cb3EC27982335fC15728Ee12 value=1
INFO [06-17|11:06:30.176] Submitted transaction                    hash=0x257cc2ad7c9aa149a2a72d9df2d01ced033d93d557713887215e1b42d3586295 from=0x92424e4F86201c931BA53EB48619D93244c18E13 nonce=132 recipient=0xe10E73840DbE269aA82AB5C0E387D6807885e53d value=1
INFO [06-17|11:06:30.204] Submitted transaction                    hash=0x0698efe9df80a0b73f0f6f64b7a844bb71b6097c9a86a805c4897dd108d97ab7 from=0x92424e4F86201c931BA53EB48619D93244c18E13 nonce=133 recipient=0xC21C123b8a7daCEdd01E9051564AE5A7273BC430 value=1
INFO [06-17|11:06:30.232] Submitted transaction                    hash=0x295a2e9081d64af5312205fca7b17a4fa6ceaa5ba9e64ef2f4b8a21f0eefa9ce from=0x92424e4F86201c931BA53EB48619D93244c18E13 nonce=134 recipient=0x948AC5633ABa0B6AE4A47b8F966B5547Ef87b09c value=1
INFO [06-17|11:06:30.260] Submitted transaction                    hash=0x526d1aaf3b638bd883cba69bc158139be633207dd0398a535d4d0459183ed722 from=0x92424e4F86201c931BA53EB48619D93244c18E13 nonce=135 recipient=0xDAbe38d2C108B3f8511EE7Aa842A0e34a838F6c7 value=1
INFO [06-17|11:06:30.287] Submitted transaction                    hash=0x9c7694644e0a3b1b50fb5ae8fcf2ba3a4b896d3269df85af7d35ffc1622a8deb from=0x92424e4F86201c931BA53EB48619D93244c18E13 nonce=136 recipient=0x673f514B6E1C47f43a71aEaB72f99528c100AdC4 value=1
INFO [06-17|11:06:30.313] Submitted transaction                    hash=0x2e9087dd83d79a0756e087a9a23ae5571d9c409de58517ab794ee069da578f2b from=0x92424e4F86201c931BA53EB48619D93244c18E13 nonce=137 recipient=0x573387E67c1b39ea7fA6d3D99dAdD387f8C291dF value=1
INFO [06-17|11:06:30.341] Submitted transaction                    hash=0x66d007b1400cc9169e3d2f43dd6bad25a4ae06d68f0c0ef638db5765f0fd4227 from=0x92424e4F86201c931BA53EB48619D93244c18E13 nonce=138 recipient=0x1E28B470E0642fB5EAdBFcA00B468392Af78006f value=1
INFO [06-17|11:06:30.368] Submitted transaction                    hash=0xc4b22c853684bcb90b75f374a1c6df9a7f2d9aa0277c12ec9cbc994caf4e3476 from=0x92424e4F86201c931BA53EB48619D93244c18E13 nonce=139 recipient=0x9FF57299B78081086CbA0710Be4633f5AfcF9Bc1 value=1
INFO [06-17|11:06:30.395] Submitted transaction                    hash=0x5f699ff4df07c7c4e7db3ad60ddb56a4c6cc7711ed74c353c5468a891f02197f from=0x92424e4F86201c931BA53EB48619D93244c18E13 nonce=140 recipient=0xbcA5c2B363A5f484755F8A1559682D52792785AC value=1
INFO [06-17|11:06:30.421] Submitted transaction                    hash=0x34954bf4e502946e026e416e31f3657b6334047e15e261c98126882e38d50fa4 from=0x92424e4F86201c931BA53EB48619D93244c18E13 nonce=141 recipient=0xAC97f230bF0F446e7a51Ee2CaCfE6d633385763f value=1
INFO [06-17|11:06:30.448] Submitted transaction                    hash=0x2569ffa705f0040094a78e20d4ee75c77affce7b61fd15d1d672d5b54745cb38 from=0x92424e4F86201c931BA53EB48619D93244c18E13 nonce=142 recipient=0x01593b06ce7DdE009db5511537c79094b5b3f38c value=1
INFO [06-17|11:06:30.477] Submitted transaction                    hash=0x3449c78c9f0a8ae03b25f6e8f99bdae243c4460cd14f5cef73d0d5bbe8fe29be from=0x92424e4F86201c931BA53EB48619D93244c18E13 nonce=143 recipient=0xade0b0a2BbF21a67ac3bC880e8611DCAAbe1DB3f value=1
INFO [06-17|11:06:30.503] Submitted transaction                    hash=0x0a763415680919d1f69774460602cc3cca06b6e50c39b48e3177e7c750924eb9 from=0x92424e4F86201c931BA53EB48619D93244c18E13 nonce=144 recipient=0x39f0Bf640044E9639de4Be04AA70d330Ce83a793 value=1
INFO [06-17|11:06:30.531] Submitted transaction                    hash=0x8d825d2d5fff13905cb883aa0150b36a0e7d4c84ab1e77cc04fc72ec845907a6 from=0x92424e4F86201c931BA53EB48619D93244c18E13 nonce=145 recipient=0x4cFee30650AaFd9478E4dc9aB182BE24b3869474 value=1
INFO [06-17|11:06:30.556] Submitted transaction                    hash=0x78ac355c279c1530a095f8b4e1a701b4a19222ab16e359dd8a1e14daca8d28f3 from=0x92424e4F86201c931BA53EB48619D93244c18E13 nonce=146 recipient=0xfB483B2786156714946416f14FDf605Bd2075aE1 value=1
INFO [06-17|11:06:30.584] Submitted transaction                    hash=0x743b0ed1ff7c66ba0fcd406665a7f92679a2a0f9bb68ec3afdb3eae983ef9740 from=0x92424e4F86201c931BA53EB48619D93244c18E13 nonce=147 recipient=0x8cc42D8715a17D5F5B0A4d397f7e7c590fAbc330 value=1
INFO [06-17|11:06:30.606] Submitted transaction                    hash=0x635eae6a335b9c256ebec6fba8dec7f7399a6d14ac99e237b9dc8b4a4b2f04b7 from=0x92424e4F86201c931BA53EB48619D93244c18E13 nonce=148 recipient=0x3dbf257F6313606c417c8D357b763A6C83762313 value=1
INFO [06-17|11:06:30.634] Submitted transaction                    hash=0x861b4deace504289c61e14ec9aea50a4d847e7fb4efa6d137c8e355da7c6ea37 from=0x92424e4F86201c931BA53EB48619D93244c18E13 nonce=149 recipient=0x3365006e31bfB6B3baD39CD9D294d9d9e29F4F82 value=1
INFO [06-17|11:06:30.661] Submitted transaction                    hash=0xbd1c5b4d6e6ef68b4c2b020aebda23b3795f730fb2de03df522b8c9f608ad6d6 from=0x92424e4F86201c931BA53EB48619D93244c18E13 nonce=150 recipient=0x0eeB38DCe8A8306Dcc7f29885f04cb683d813179 value=1
INFO [06-17|11:06:30.683] Submitted transaction                    hash=0xe4403cb30ede8990332e40136ec40e07b46bdf8367dc55253906408526ad9d0b from=0x92424e4F86201c931BA53EB48619D93244c18E13 nonce=151 recipient=0xAF6F914C14c26bF907bDa5944c37d4374f131871 value=1
INFO [06-17|11:06:30.711] Submitted transaction                    hash=0x5ea54b9676ab6e6112e60a85e43a0a36516cc853e7509c8e2673f2048e2ab9d0 from=0x92424e4F86201c931BA53EB48619D93244c18E13 nonce=152 recipient=0x9Dc11fCD4f5080054098AD4E59371EEcF82812B9 value=1
INFO [06-17|11:06:30.739] Submitted transaction                    hash=0xd8751309d83b899c35eef1b84617a09821910e345fe1ebb90b8f87be4df8a40f from=0x92424e4F86201c931BA53EB48619D93244c18E13 nonce=153 recipient=0x2cB624c88103d07Db224012daec28C3aA4AdD6a6 value=1
INFO [06-17|11:06:30.765] Submitted transaction                    hash=0x42889ed3710aad133f4a1ebaedb718042b0a500d10395acf88a6c848b2363a81 from=0x92424e4F86201c931BA53EB48619D93244c18E13 nonce=154 recipient=0x5C2985FdC4201BA3a72E5061B7774b0433127E09 value=1
INFO [06-17|11:06:30.793] Submitted transaction                    hash=0x0c8350c93966431e4b19525ad41822d0359b6d1501b34eb270cf61d55f90f207 from=0x92424e4F86201c931BA53EB48619D93244c18E13 nonce=155 recipient=0x17aD88a1EA8c057fFcCdF0b508d0559034672481 value=1
INFO [06-17|11:06:30.820] Submitted transaction                    hash=0xef5278b9a4b8b563e0c4c8b46dd651f636f8c0ede54fa0590f024da92fd52226 from=0x92424e4F86201c931BA53EB48619D93244c18E13 nonce=156 recipient=0x6Df66f7c54f286EFD06Aa1a80DD69bb9B6f23502 value=1
INFO [06-17|11:06:30.845] Submitted transaction                    hash=0x8b9ae12a39f825a214315e56c17bbe89d66493212ebb7772a7c1ece08fbc3926 from=0x92424e4F86201c931BA53EB48619D93244c18E13 nonce=157 recipient=0xfAEb8D5D1870D0744FE207E3272a1FaafEbD306e value=1
INFO [06-17|11:06:30.872] Submitted transaction                    hash=0xdcab07391399fc76507211f531270915827b83adff86f4227a9b6c3ecf609754 from=0x92424e4F86201c931BA53EB48619D93244c18E13 nonce=158 recipient=0x4f2C7F79E51aDB3263eBf31A47e5a80C014673FE value=1
INFO [06-17|11:06:30.899] Submitted transaction                    hash=0xc115460d276678cd1e4dfd4560dfb3a44b2890125e46f16b9d09b7394395e89a from=0x92424e4F86201c931BA53EB48619D93244c18E13 nonce=159 recipient=0xe813b9f88A9f5C8fDF9A3f673E168A08ddE97471 value=1
INFO [06-17|11:06:30.926] Submitted transaction                    hash=0xccdbaf04172dad83b04393d3ae03bc987ce6abaca1729446b58824febcda4f29 from=0x92424e4F86201c931BA53EB48619D93244c18E13 nonce=160 recipient=0x8197B7B2C860181c2C33f0f9B87b12F3B49B850d value=1
INFO [06-17|11:06:30.952] Submitted transaction                    hash=0x9b8bd7b3de7194834740299e8786f30fcdd3fdce1c5eaed4bfc468ed0231ffdd from=0x92424e4F86201c931BA53EB48619D93244c18E13 nonce=161 recipient=0xAf487BE43058c7bE8199a13f107C0cC50375ab1F value=1
INFO [06-17|11:06:30.979] Submitted transaction                    hash=0xe888e7076d95aa0c49dec0a4705177683df03b23241c36f855fc143b743181c2 from=0x92424e4F86201c931BA53EB48619D93244c18E13 nonce=162 recipient=0xEdc0AE687c4af836BfACD108Cad43FCBdC90dc73 value=1
INFO [06-17|11:06:31.005] Submitted transaction                    hash=0x1a6d62fc34c93cbcf3ff59ce490734c579693f1ba3fe7f976f01054df33a9d99 from=0x92424e4F86201c931BA53EB48619D93244c18E13 nonce=163 recipient=0x19879927C80399222297e90bf764b25DAB40C4A3 value=1
INFO [06-17|11:06:31.031] Commit new sealing work                  number=5 sealhash=e6f604..b8e5c6 txs=164 gas=3,444,000 fees=0.003444 elapsed=18.254ms
INFO [06-17|11:06:31.033] Submitted transaction                    hash=0x462b3a254739b165af25d04d8fb0c82d41ac13bceb5643ebdf17d9e91b18568e from=0x92424e4F86201c931BA53EB48619D93244c18E13 nonce=164 recipient=0x83fA47b9A64Db472e3F3FaF09666E8EaBCfD018F value=1
INFO [06-17|11:06:31.060] Submitted transaction                    hash=0xcaa60725cb829bc5f874ed7baff87aadc2060eaa99c84c33220265b5586b4110 from=0x92424e4F86201c931BA53EB48619D93244c18E13 nonce=165 recipient=0xe66F30CEd0e9737EA0Bd4a5ce04419E7844571e2 value=1
INFO [06-17|11:06:31.086] Submitted transaction                    hash=0x9ce2f6801375ab32cbfc885824b40c0b89cb06e6abe8c9223026c5643db16fc0 from=0x92424e4F86201c931BA53EB48619D93244c18E13 nonce=166 recipient=0xD8bE5049F95F34EcD131223aeF77059270D35eca value=1
INFO [06-17|11:06:31.113] Submitted transaction                    hash=0x3a9f315332c11fe1352787a7d6cd9d8df6a75971a175c74484b52e1a9dd3d2be from=0x92424e4F86201c931BA53EB48619D93244c18E13 nonce=167 recipient=0x2506AeC277a1Ff6d1061798819a18298301eE005 value=1
INFO [06-17|11:06:31.140] Submitted transaction                    hash=0x5c9fe1d88f55d20fa02f679433478e76f97a3e60a2614ab104983b053889a25b from=0x92424e4F86201c931BA53EB48619D93244c18E13 nonce=168 recipient=0x029176F3D228BA06219F09e29A30D2bd481e9CB1 value=1
INFO [06-17|11:06:31.168] Submitted transaction                    hash=0x4c635af3b72e90409ce8b92ce64eba067257032cc0df9de7e1d1077652a74ef4 from=0x92424e4F86201c931BA53EB48619D93244c18E13 nonce=169 recipient=0x1DBE304672be17ce404a7b72a67c08393BA4f324 value=1
INFO [06-17|11:06:31.195] Submitted transaction                    hash=0x6265eb99c889af974417fa0068872d420a278e00c7aa07423fcabe82cea39051 from=0x92424e4F86201c931BA53EB48619D93244c18E13 nonce=170 recipient=0x108d216502B63f45bc4e57C2B627E590325cAf65 value=1
INFO [06-17|11:06:31.222] Submitted transaction                    hash=0x22d72bf00a941f21319e76653eceba5325cc2065513ea7863409d5509863630e from=0x92424e4F86201c931BA53EB48619D93244c18E13 nonce=171 recipient=0x238ac0BFB664d82B3B6390124F6cEF6209f36f32 value=1
INFO [06-17|11:06:31.249] Submitted transaction                    hash=0x4ab66bf3a9143bfd0274342de14e967929be6bf694832670f28430a2e0dea060 from=0x92424e4F86201c931BA53EB48619D93244c18E13 nonce=172 recipient=0xa7d52ccbd036098b52f545b7e3931B5D0A907369 value=1
INFO [06-17|11:06:31.276] Submitted transaction                    hash=0xe828c413ef5ddc74eb7023189b6f76e0c16edc050bb009f1c1eb11808b3ea72c from=0x92424e4F86201c931BA53EB48619D93244c18E13 nonce=173 recipient=0xBeb5FCfd29D39175647774660D49387c6aEeEB17 value=1
INFO [06-17|11:06:31.303] Submitted transaction                    hash=0x17205e9220916abccccb99c5f289e56aa65ca8e2e87c8893e6d3a2d342d3962f from=0x92424e4F86201c931BA53EB48619D93244c18E13 nonce=174 recipient=0xf9C1cee912A13684Ec398cBdb8Aec026F796e311 value=1
INFO [06-17|11:06:31.331] Submitted transaction                    hash=0x1a85fea7c54b66d710e72c928333097a3f2321421b8350b096536d910ccc5582 from=0x92424e4F86201c931BA53EB48619D93244c18E13 nonce=175 recipient=0x8559c5e0f9B53923CdE7A32B0bd1DA4e7261Ce02 value=1
INFO [06-17|11:06:31.358] Submitted transaction                    hash=0x6e15fce32e0a4d334d202a860e9f98ec401ad9917e0cedec90a57197f57ac909 from=0x92424e4F86201c931BA53EB48619D93244c18E13 nonce=176 recipient=0x90E8394d877bC1B5716Da47686FBd106b112cd29 value=1
INFO [06-17|11:06:31.385] Submitted transaction                    hash=0x8c79346b5ac973c32442147ad5473cbca3a0a64f7e3b66fa14041b48da9dd6ad from=0x92424e4F86201c931BA53EB48619D93244c18E13 nonce=177 recipient=0x91f07Cbdbc43718C8085E8ab7d30F0d769621c23 value=1
INFO [06-17|11:06:31.412] Submitted transaction                    hash=0x240c65e78db1a4df877df361df381b823117de64222bd721b417c9981c2bef99 from=0x92424e4F86201c931BA53EB48619D93244c18E13 nonce=178 recipient=0x121FDbD5970A17B8b1Db2ceE0fF351Ae2418AD34 value=1
INFO [06-17|11:06:31.440] Submitted transaction                    hash=0x387db9fd2f2ee843c77ea389c472882940b79267f97904b2579627958de6cc29 from=0x92424e4F86201c931BA53EB48619D93244c18E13 nonce=179 recipient=0x2BBD2419dcef107d6e783Aa27347106161B0FAea value=1
INFO [06-17|11:06:31.463] Submitted transaction                    hash=0xf310b11564ea102dcdf77c178ce8693be6de5049368cfbccbbab185bcc0a8bcf from=0x92424e4F86201c931BA53EB48619D93244c18E13 nonce=180 recipient=0x95bA4F622938FEeF44eb09AB07a8d974A2E07927 value=1
INFO [06-17|11:06:31.490] Submitted transaction                    hash=0x917124d8864cb3eab1e2206e88e782f473345fca9e4c65a723fefec8c14ed0e2 from=0x92424e4F86201c931BA53EB48619D93244c18E13 nonce=181 recipient=0xA56009F8DC08aE10Ee9918a634d076814e917403 value=1
INFO [06-17|11:06:31.516] Submitted transaction                    hash=0xdf4eaa599a398f54f32bae284fb5f16525ceb2c1bdf11c8a7d8344829ae84bd7 from=0x92424e4F86201c931BA53EB48619D93244c18E13 nonce=182 recipient=0x94239aD6974AEbDD5B081f5d60Ca943b130D73dA value=1
INFO [06-17|11:06:31.543] Submitted transaction                    hash=0x2d673eacd6c1075ea0b84d37e44662c8f6f9163f56921ce67fb85cffd9baac78 from=0x92424e4F86201c931BA53EB48619D93244c18E13 nonce=183 recipient=0x4fB271712E770581D459dbCf655B65B89fB40B0c value=1
INFO [06-17|11:06:31.571] Submitted transaction                    hash=0x128f01afaf8bec363afe0b8354ae8be31312c79a335015fb82e69dfd36122c9e from=0x92424e4F86201c931BA53EB48619D93244c18E13 nonce=184 recipient=0x7bd61084BE20797E54EBb67F4CA1F901388303E6 value=1
INFO [06-17|11:06:31.598] Submitted transaction                    hash=0xdc09c3ee42ac76f4b151a76a0a19503bddcc2e0b21094bee4b751cc335426c62 from=0x92424e4F86201c931BA53EB48619D93244c18E13 nonce=185 recipient=0xF900FF869692A8Bc77cAa842954769EC7c9d0b2b value=1
INFO [06-17|11:06:31.626] Submitted transaction                    hash=0x1f5fb5508a2dbf4dfaa3aee50ada028d6ee3124cafa664be43d6a48c8eb786dc from=0x92424e4F86201c931BA53EB48619D93244c18E13 nonce=186 recipient=0xFCE71698168430ff4Df4b24B3DfB37C3101Af08C value=1
INFO [06-17|11:06:31.652] Submitted transaction                    hash=0x40d05dbeec53febbbfee1c059baf9f0016371cdbaa65cceed96e53da7830c000 from=0x92424e4F86201c931BA53EB48619D93244c18E13 nonce=187 recipient=0x178B89f2106937EAF90b9C555c6d6507abf0f4fF value=1
INFO [06-17|11:06:31.680] Submitted transaction                    hash=0x93073c5bec3f6dc83b776554011d6f320a0ba0aab34d85d9af5d82b8fe778366 from=0x92424e4F86201c931BA53EB48619D93244c18E13 nonce=188 recipient=0xB1d6c873228729594729E6bd97240E09566d024B value=1
INFO [06-17|11:06:31.708] Submitted transaction                    hash=0x410051b57d4952cb959b5df952589964bdd8aed95fd2c5266c7d04df9ee9e59c from=0x92424e4F86201c931BA53EB48619D93244c18E13 nonce=189 recipient=0xaC3EB7408DeaC58C8e84E86155B862E32a776dDF value=1
INFO [06-17|11:06:31.734] Submitted transaction                    hash=0x428b00283bf6b1c895b0d05acd8601e6b04ea3f16103ae0a592390e2bbd16fb7 from=0x92424e4F86201c931BA53EB48619D93244c18E13 nonce=190 recipient=0xF9fD830345fAD313Dc4cCd0BA603bD86Ec450e13 value=1
INFO [06-17|11:06:31.762] Submitted transaction                    hash=0xc522b2af4c90797ea14d6d1e611b2ff5b8d4bc77da73591834e350ed36f86e77 from=0x92424e4F86201c931BA53EB48619D93244c18E13 nonce=191 recipient=0xb779286CC7D8dD7951f65725357d917BD948837b value=1
INFO [06-17|11:06:31.789] Submitted transaction                    hash=0xd43aae2923444f40d4b8679fc8078254ce8092d94ce3024e9dec9d3effd104eb from=0x92424e4F86201c931BA53EB48619D93244c18E13 nonce=192 recipient=0xc40F657F494d575B64eFc55AB67Eb43A3eA1bA74 value=1
INFO [06-17|11:06:31.816] Submitted transaction                    hash=0xf0155b02d948ac04c5546e7178ff5ed78bc9feeba91747894b3ca2dae1795c78 from=0x92424e4F86201c931BA53EB48619D93244c18E13 nonce=193 recipient=0x35AFfB0FC59C79E4F36A545Ab468B310936C0CE1 value=1
INFO [06-17|11:06:31.843] Submitted transaction                    hash=0x4ae304f5d3322f02a0beebbbb76a172d8f245b79794bb16c4ad8cb7349cd747a from=0x92424e4F86201c931BA53EB48619D93244c18E13 nonce=194 recipient=0x01A8990F6F802BE3CD5de87C067181267205421A value=1
INFO [06-17|11:06:31.871] Submitted transaction                    hash=0x7ab1e9ce6e1cd8b07a439490f9b99e932d894c81942d08d6bec4f50c767251f9 from=0x92424e4F86201c931BA53EB48619D93244c18E13 nonce=195 recipient=0x3D345E07786ba4438F9840a7eDE0e914EF23fa8B value=1
INFO [06-17|11:06:31.898] Submitted transaction                    hash=0x1be20438d8c4ab697134859e2c735a0e5d7cb22fefce7f358bb48ce513dbe9d8 from=0x92424e4F86201c931BA53EB48619D93244c18E13 nonce=196 recipient=0xB5776120Eb51a9431a864aa5f99E758e65023eCF value=1
INFO [06-17|11:06:31.926] Submitted transaction                    hash=0xb1a6c127f456183c6dae821d07e1f2b637f3afdb5865d4656dfd039861154f44 from=0x92424e4F86201c931BA53EB48619D93244c18E13 nonce=197 recipient=0x449d570E93D7279C7Ce1A3dB0CfA4217fBFD4342 value=1
INFO [06-17|11:06:31.952] Submitted transaction                    hash=0x20703e8890e8cc15aaa87b4c7b3e5cb4f5c56e554e3f0076cc370678abb4c9d1 from=0x92424e4F86201c931BA53EB48619D93244c18E13 nonce=198 recipient=0x7512757f8B82b2E53CeFb1Eab54fd93a040c9230 value=1
INFO [06-17|11:06:31.980] Submitted transaction                    hash=0xce2657568538f8a237c6ffca846d83a129ed6e79a0790893bb9b02247286e002 from=0x92424e4F86201c931BA53EB48619D93244c18E13 nonce=199 recipient=0x1Fd49a19283a8a254d9941e7A83Ebe390f8c9348 value=1
INFO [06-17|11:06:32.007] Submitted transaction                    hash=0x04b7bfc1c5142ac81e4154bf08dadda6f63349f71e94e78cf8f97dbe3b55a973 from=0x92424e4F86201c931BA53EB48619D93244c18E13 nonce=200 recipient=0x457Ab44acFaC8d00BC3283BfE50b5154e9BBF018 value=1
INFO [06-17|11:06:32.034] Submitted transaction                    hash=0x2deac988aabc9630907ab1da0ff6c3989a25cec997a4bd292ba318fdc788340a from=0x92424e4F86201c931BA53EB48619D93244c18E13 nonce=201 recipient=0xAfB69932322e99aE11EbB05e4408F465ac34b118 value=1
INFO [06-17|11:06:32.061] Submitted transaction                    hash=0xf6de03ebe347092ef0c36f3c0030a951e279a9a124976490e4381767b501dd54 from=0x92424e4F86201c931BA53EB48619D93244c18E13 nonce=202 recipient=0xC17d48B49768B5F178faf8a1e0e08798ea3439E0 value=1
INFO [06-17|11:06:32.089] Submitted transaction                    hash=0x23aa1b473620f6e3c756dd50a8710b80369ee7cd98933b231c3180e4fd44f680 from=0x92424e4F86201c931BA53EB48619D93244c18E13 nonce=203 recipient=0xD555E39AD319900bb4f23bf01E1fd0cCd46d690B value=1
INFO [06-17|11:06:32.116] Submitted transaction                    hash=0x7f11f1826939c971ac3b4a5682956258c218ce227096cc45e6d14504e0cad841 from=0x92424e4F86201c931BA53EB48619D93244c18E13 nonce=204 recipient=0x90aFfB1FDc9c44F7678b580B943E74A05946B526 value=1
INFO [06-17|11:06:32.143] Submitted transaction                    hash=0xd8cfc12e6376b2322b5ca2ec1000903ae4f6880212df8e38e6fe7949eca963da from=0x92424e4F86201c931BA53EB48619D93244c18E13 nonce=205 recipient=0x840776439F5870869c8e03C0a74bc908e1504CAb value=1
INFO [06-17|11:06:32.171] Submitted transaction                    hash=0x569e9ba4425565b52abc9f973fbe73a35a8ddf3d6424e12cef24adb018fccf45 from=0x92424e4F86201c931BA53EB48619D93244c18E13 nonce=206 recipient=0x9365ebaa5cAfb57D1352c0800975d2243F7A2a5d value=1
INFO [06-17|11:06:32.198] Submitted transaction                    hash=0xd51f5d971eca79975e76384a1dc36e6bfdb5f01207c8df10ca43e5b574e61f28 from=0x92424e4F86201c931BA53EB48619D93244c18E13 nonce=207 recipient=0x56d6bBAb966e0AFb7AfcaCD9fC69e81619E615Db value=1
INFO [06-17|11:06:32.225] Submitted transaction                    hash=0x81d2646d72bcb3369b1731511cf4a3a28f3f1cb76d34ff28fbc7d18a912fc1a1 from=0x92424e4F86201c931BA53EB48619D93244c18E13 nonce=208 recipient=0x76Be9Ac470605a9a99BC10AB0F165837770EEd4B value=1
INFO [06-17|11:06:32.252] Submitted transaction                    hash=0xab91ab48bb3a7877ef9df91b225482c73de2f0679f17d2d2142e93f4d3e7c815 from=0x92424e4F86201c931BA53EB48619D93244c18E13 nonce=209 recipient=0xd43002E8Ab5808d554c01a23228128Be23Ac9776 value=1
INFO [06-17|11:06:32.278] Submitted transaction                    hash=0x9daa46e9e531b90bb07ae556711349da82d0052b12e5374c7d0bef60d972a0ab from=0x92424e4F86201c931BA53EB48619D93244c18E13 nonce=210 recipient=0x020cFdBdC9bD3f1e957a6D786d47A51b68a46C73 value=1
INFO [06-17|11:06:32.305] Submitted transaction                    hash=0x30eff8fa60e4fba8577f0af78be1c3da31a2df44a1de0f8ed130b29ec566e1b6 from=0x92424e4F86201c931BA53EB48619D93244c18E13 nonce=211 recipient=0x2AC8DCE73000727ED5c6Cc4cDEc75F32A6b935A8 value=1
INFO [06-17|11:06:32.332] Submitted transaction                    hash=0x291fef3b35adf26c0f2b00391a7c44d95f5148c5cf85f1e9b0e4dc92a49e7fd9 from=0x92424e4F86201c931BA53EB48619D93244c18E13 nonce=212 recipient=0x1931f344c6A94aC180bb51d4A896E055E4Af9584 value=1
INFO [06-17|11:06:32.359] Submitted transaction                    hash=0x985eb643a0127502985e6f1bee4c7a5f22984b3c3707927b495ca4301e11e7ca from=0x92424e4F86201c931BA53EB48619D93244c18E13 nonce=213 recipient=0x8acF7BC2E9e1E466702bA752437bDF34F60167cE value=1
INFO [06-17|11:06:32.386] Submitted transaction                    hash=0x3036d3595062f07e9d94ce88740c3230c61ac639ccd9209f44e0bc6e39b855d5 from=0x92424e4F86201c931BA53EB48619D93244c18E13 nonce=214 recipient=0x51bF315f6dCec4ACfC481A83a582FA8EfF03312E value=1
INFO [06-17|11:06:32.414] Submitted transaction                    hash=0xf981599dcf6a34ec01c8b60fb69d400984cdcba96d9201ab23c6241253a273d1 from=0x92424e4F86201c931BA53EB48619D93244c18E13 nonce=215 recipient=0x80e381cDeC373844315cb7C72A0dE6B48A55E92b value=1
INFO [06-17|11:06:32.441] Submitted transaction                    hash=0xd2860440d16831a89b3475f84cbafeb6e009482d19874abc5170cb9aac8187d1 from=0x92424e4F86201c931BA53EB48619D93244c18E13 nonce=216 recipient=0x1028FEd3d102A1942aa2e1Dc551Fe554bB25e4aD value=1
INFO [06-17|11:06:32.468] Submitted transaction                    hash=0x28ab72b5263c78e6c1aa8555006e568ba7dc3ef013ad869f1aab723d95a20902 from=0x92424e4F86201c931BA53EB48619D93244c18E13 nonce=217 recipient=0x87107aCc9E8a90A6958644e9eD34F2667bDb7780 value=1
INFO [06-17|11:06:32.496] Submitted transaction                    hash=0x150a9e02b322944b6b2c9b06bcd106599a6d2a903f3fd91729aee5eb8dd805b6 from=0x92424e4F86201c931BA53EB48619D93244c18E13 nonce=218 recipient=0xd784419E7f3f6770E2C09B92BF3Fc8D5b1FAE28a value=1
INFO [06-17|11:06:32.524] Submitted transaction                    hash=0xcca2715e7f12bc9410c57d417e79f7400cf5e9d2779e03eea4d929131b4d9621 from=0x92424e4F86201c931BA53EB48619D93244c18E13 nonce=219 recipient=0xD1D0A9868B21470a4c3E04c88313dC225AA22cb6 value=1
INFO [06-17|11:06:32.550] Submitted transaction                    hash=0x79a1cd6cb7e836d5032e96c0ab8f28a129adfb7f6106ecae845e7e2774ecdfe7 from=0x92424e4F86201c931BA53EB48619D93244c18E13 nonce=220 recipient=0xE568758be50E6877541335759CdeA2e502635fc1 value=1
INFO [06-17|11:06:32.577] Submitted transaction                    hash=0x91d1936bf2b87c25307a41f68a3b4a68414b8f8d01451bebb2b6d8a3a73c0a3c from=0x92424e4F86201c931BA53EB48619D93244c18E13 nonce=221 recipient=0xa1190A054c7259D4722DCc0c341246F6083D61F4 value=1
INFO [06-17|11:06:32.605] Submitted transaction                    hash=0xef523166cadba11d5be2824756ce9241eda684d278ffcb59844072ef35867a88 from=0x92424e4F86201c931BA53EB48619D93244c18E13 nonce=222 recipient=0x1B3aBB6e5c06EF0E562f3DFBdd727BB182E920b3 value=1
INFO [06-17|11:06:32.631] Submitted transaction                    hash=0x9d40a346da95635febee264e4572582dc1f7492bcd1e05d7b5bf8812db863bb5 from=0x92424e4F86201c931BA53EB48619D93244c18E13 nonce=223 recipient=0x16b7A680bdb0f6aFD829fEFADD63C8689893d5d9 value=1
INFO [06-17|11:06:32.659] Submitted transaction                    hash=0x2df5b2dfb11f623632eb12ad9b151768e3d4fd9f397b9dcfbdd96e41cb13c172 from=0x92424e4F86201c931BA53EB48619D93244c18E13 nonce=224 recipient=0xA7a3146656a464558565A6B306CE744a97F6bbAe value=1
INFO [06-17|11:06:32.685] Submitted transaction                    hash=0x5e5d432173b9130aca2ebf3ef2aceaea1ae0eb2f741adb9e9b55ab152ff2da8f from=0x92424e4F86201c931BA53EB48619D93244c18E13 nonce=225 recipient=0x0C9F1C45b28c3267Ab525c84E1C021ffE39610C7 value=1
INFO [06-17|11:06:32.712] Submitted transaction                    hash=0x1080305d359f115173e66c4051c13b8a5d47eefbea7ae34b8b357a09d2cfbd53 from=0x92424e4F86201c931BA53EB48619D93244c18E13 nonce=226 recipient=0x389413B93e994cb64A0e65e0203489836BB2C41F value=1
INFO [06-17|11:06:32.739] Submitted transaction                    hash=0xfcde8938fc74ebc59d97fdddaa355cc46612b06b9e5e54e5f2437c6db67e4d9d from=0x92424e4F86201c931BA53EB48619D93244c18E13 nonce=227 recipient=0xA0986d782F5497E13F9EAd1D596ae89Ef254A520 value=1
INFO [06-17|11:06:32.766] Submitted transaction                    hash=0x259f2491388b44885c5f1c8ab80048a45846209e2517ffdedd3d0fa7c4e913c5 from=0x92424e4F86201c931BA53EB48619D93244c18E13 nonce=228 recipient=0x78cf34Ab4794C32DA4F8a4fAdF528dCE848fA1d8 value=1
INFO [06-17|11:06:32.794] Submitted transaction                    hash=0x6f17dcebc8ebb5a2e9c69d4c18b3fe6d118b8c5d7ce62328fb9780fd7accfd3b from=0x92424e4F86201c931BA53EB48619D93244c18E13 nonce=229 recipient=0x29EfdcbE3913f2b071c4E9E20446B599a2D53F83 value=1
INFO [06-17|11:06:32.819] Submitted transaction                    hash=0xec0c34fc08d023ffb16d9e5ad68aac877d1baab71def34a3951830569ae4401a from=0x92424e4F86201c931BA53EB48619D93244c18E13 nonce=230 recipient=0x76D67F588A5677f5a96a548bDd8eb96D3b880883 value=1
INFO [06-17|11:06:32.846] Submitted transaction                    hash=0xcd339912643d0ebe35f74adfd83f39892f577d8a1f228b7cd4eaf171013a13a8 from=0x92424e4F86201c931BA53EB48619D93244c18E13 nonce=231 recipient=0x0940ab629A02539014e70771eDc5F3439A34245c value=1
INFO [06-17|11:06:32.872] Submitted transaction                    hash=0xe71cf31aceee4f7ccee1cf3257795b0e6e42d7902c6e77aa2a2b86fd3201cc56 from=0x92424e4F86201c931BA53EB48619D93244c18E13 nonce=232 recipient=0xfEd4F42291548390d0A6329A4560A8A58d8A800E value=1
INFO [06-17|11:06:32.899] Submitted transaction                    hash=0x0a759f8c5434e0371b1cf10173849e7569c0dbb00e632ce39102d7e2b9aabfd3 from=0x92424e4F86201c931BA53EB48619D93244c18E13 nonce=233 recipient=0x26F29029d2b87A5826A6d5115f917046132539A0 value=1
INFO [06-17|11:06:32.927] Submitted transaction                    hash=0xaf5a734628d987f549bc7b8266204ea2c4d9bf89125fab3e11a23e57ecda0917 from=0x92424e4F86201c931BA53EB48619D93244c18E13 nonce=234 recipient=0x424068Ad9e646E0020314368F7d15a4698454647 value=1
INFO [06-17|11:06:32.954] Submitted transaction                    hash=0x2212666d3c51d959303032a7c6b8224d975afb114f93d4bdfe0c6f70cf2fbcd4 from=0x92424e4F86201c931BA53EB48619D93244c18E13 nonce=235 recipient=0x7067D209914955802390ABfEd963824322440535 value=1
INFO [06-17|11:06:32.981] Submitted transaction                    hash=0x67bc71b7ad6831c5914727b5e6e03311d8fa14acffbe5141ab463dc1a7ea6bcc from=0x92424e4F86201c931BA53EB48619D93244c18E13 nonce=236 recipient=0xe7c7073917E6c009B4671BF9B7F1C9CE3141669e value=1
INFO [06-17|11:06:33.007] Submitted transaction                    hash=0x483857dd46e9d69372521be8bdd6036a1fbb4af4f8841aa725b3e075114ac1e8 from=0x92424e4F86201c931BA53EB48619D93244c18E13 nonce=237 recipient=0x8a2977Dc0cFEd0abD97da01255BDDe6bf2A6836A value=1
INFO [06-17|11:06:33.035] Submitted transaction                    hash=0x1ec41a46a570415497d422e982690e4ba7fab37ee8bb2f7eb695dda959414d0f from=0x92424e4F86201c931BA53EB48619D93244c18E13 nonce=238 recipient=0x282B8DeB4843641Bf271f53c4B7f5D032c508e4D value=1
INFO [06-17|11:06:33.040] Commit new sealing work                  number=5 sealhash=7f528a..0f4528 txs=238 gas=4,998,000 fees=0.004998 elapsed=26.486ms
INFO [06-17|11:06:33.061] Submitted transaction                    hash=0x5df5f0a3b7fac68d586cbbd0e33610f139f88eee75123107c962be64b0600502 from=0x92424e4F86201c931BA53EB48619D93244c18E13 nonce=239 recipient=0xa6ed0Dc7CFFbF2C21Bb513Ca25A6d39F28cA0AdE value=1
INFO [06-17|11:06:33.088] Submitted transaction                    hash=0xc8705f7989aee9f8f03d12d445555b26c5565b3896f998a047cfa524340d6582 from=0x92424e4F86201c931BA53EB48619D93244c18E13 nonce=240 recipient=0x504AC3948790f548B5aa086872F12d55b5a9156b value=1
INFO [06-17|11:06:33.115] Submitted transaction                    hash=0x2bbcda7ffb35fbc4168fa00ae4f6e9b433631f7223c75f7ae52fd35fb2afbe64 from=0x92424e4F86201c931BA53EB48619D93244c18E13 nonce=241 recipient=0xb83af7464ED6aD0FC5D66B9540a05487b0470570 value=1
INFO [06-17|11:06:33.140] Submitted transaction                    hash=0x8ba107a8744d160406dbbd2b31baaba0923bd6ff626a116bd72bd6f353f87189 from=0x92424e4F86201c931BA53EB48619D93244c18E13 nonce=242 recipient=0xafC4E1EB8934e9f682b95b7a31A4D3E809043263 value=1
INFO [06-17|11:06:33.168] Submitted transaction                    hash=0x017e4f6d816bca0f61245faa0a9930f62c054b1aa7fa1531305b8fec0ec58ca0 from=0x92424e4F86201c931BA53EB48619D93244c18E13 nonce=243 recipient=0x85727D5a12E68C34451acbc20d48547e633fFE4D value=1
INFO [06-17|11:06:33.197] Submitted transaction                    hash=0xc863835ba2a4f4e8638b64b4d6f2d0da91231e08806389047533f81b62d19e1c from=0x92424e4F86201c931BA53EB48619D93244c18E13 nonce=244 recipient=0xCB2ebcC68ff099Cf77c54fA2E5F1616b613a5305 value=1
INFO [06-17|11:06:33.224] Submitted transaction                    hash=0x92b746d53229cd9ef542218c21307c4d0752c9941f779e0fe7dc14b2e4f4e10c from=0x92424e4F86201c931BA53EB48619D93244c18E13 nonce=245 recipient=0xA8522F2779Fd6e6BbD93f1F94b125cBcd858a281 value=1
INFO [06-17|11:06:33.252] Submitted transaction                    hash=0xe77f79f4d755d4c8d6300cf6357daae5b35704f0315a218c7a612bd33818f5d7 from=0x92424e4F86201c931BA53EB48619D93244c18E13 nonce=246 recipient=0x47Ac5dEE83DA67728928fe3124E4797117ffa322 value=1
INFO [06-17|11:06:33.279] Submitted transaction                    hash=0xac195b7e375015242a08e5613eaeacf8e546c62ffcf1c1fc77e5004b751bacdf from=0x92424e4F86201c931BA53EB48619D93244c18E13 nonce=247 recipient=0xbC66cb70172F33A051B1fe6cFea321090Dcd589c value=1
INFO [06-17|11:06:33.306] Submitted transaction                    hash=0xb81b0cddec2659168756e5de8a4f3ae80f368bfe09c42db6a7e61a309847cae0 from=0x92424e4F86201c931BA53EB48619D93244c18E13 nonce=248 recipient=0x699c28E46dD9A62be065aAEb3fe6D4461BaC0Dd8 value=1
INFO [06-17|11:06:33.325] Partitioned MPT shadow update complete   block=5 root=0x901b6c1f20f2538b42c4d38ef1ea54cf39eb0ebc4d36e4b374c1e73fd6ff2a91 changedPaths=168 partitions=4 localViews=1
INFO [06-17|11:06:33.325] Successfully sealed new block            number=5 sealhash=e6f604..b8e5c6 hash=6b6520..c3a172 elapsed=2.294s
INFO [06-17|11:06:33.332] Submitted transaction                    hash=0x6d4f28cebe303309b04f4252cea9043c32fef3030e09a4e3cb0880c73c3a9218 from=0x92424e4F86201c931BA53EB48619D93244c18E13 nonce=249 recipient=0x94Fb590Ba1371d3a005d525A8E892449e86f0E72 value=1
INFO [06-17|11:06:33.361] Submitted transaction                    hash=0x7f989c0dcafad427f17df5bf4d7a99f267055cb74666feda2b798e8b3349a615 from=0x92424e4F86201c931BA53EB48619D93244c18E13 nonce=250 recipient=0xF5e1ceA64Fc0B1AB81C79D53A6d6217B4a10D08f value=1
INFO [06-17|11:06:33.371] Commit new sealing work                  number=6 sealhash=5d2f47..0f38ff txs=85  gas=1,785,000 fees=0.001785 elapsed=45.422ms
INFO [06-17|11:06:33.387] Submitted transaction                    hash=0xccbc343f7da94090307624b63759d423b7ea7235e1cbec765ceb0bb009272cf1 from=0x92424e4F86201c931BA53EB48619D93244c18E13 nonce=251 recipient=0xC7F0B25953c121912b6Bd7d4B89D350B21c13f70 value=1
INFO [06-17|11:06:33.413] Submitted transaction                    hash=0x050f0a47736532cc10aa538d1b1d9c9b9ab94bd84a7609ad4e35b8bcf5880afb from=0x92424e4F86201c931BA53EB48619D93244c18E13 nonce=252 recipient=0xB84f601d0826ba9D0962954A47b30D8E32b87178 value=1
INFO [06-17|11:06:33.440] Submitted transaction                    hash=0x04792f2977fc0c0cc8ca318a22571ae42e7a18097721ac3cf5d502b65bacea84 from=0x92424e4F86201c931BA53EB48619D93244c18E13 nonce=253 recipient=0x790fF1ee355eb662312723fAc9c72d01933DB183 value=1
INFO [06-17|11:06:33.465] Submitted transaction                    hash=0x2903245d37b44c5fe5f504da3ab682b6e1239986b5c4c31f0458e3786a2f4c6b from=0x92424e4F86201c931BA53EB48619D93244c18E13 nonce=254 recipient=0xE13Df34f28B2E29d6Fe7bEd3EB15F153fED26a16 value=1
INFO [06-17|11:06:33.492] Submitted transaction                    hash=0xad550ec196a539e1d79980399cdbe09d0ed3b078381fc874d25709beea2a5304 from=0x92424e4F86201c931BA53EB48619D93244c18E13 nonce=255 recipient=0x6858d1cF357c002c83F8DCD9775e1Ed581884608 value=1
INFO [06-17|11:06:33.518] Submitted transaction                    hash=0x262fcda0bf12197e86b34f3cd3f98c61f73b2d96138903a82a9199d9fcca2fba from=0x92424e4F86201c931BA53EB48619D93244c18E13 nonce=256 recipient=0x1CE113210f698674330c69CFA0F00628029e275E value=1
INFO [06-17|11:06:33.545] Submitted transaction                    hash=0x05c9381fdfe6ed848e1d2f5e0477837cc3b665b906277944663fa0c96d50aa58 from=0x92424e4F86201c931BA53EB48619D93244c18E13 nonce=257 recipient=0x74DAf5C0569f3A5e53593E9648b0DA7c3bAf050C value=1
INFO [06-17|11:06:33.571] Submitted transaction                    hash=0xa9cfc87898d2024a28114189a23097ad4906812a2f5d29c600e771ed386f9071 from=0x92424e4F86201c931BA53EB48619D93244c18E13 nonce=258 recipient=0x7e17924e3D53b7903a21F5e910C09556E7f43C14 value=1
INFO [06-17|11:06:33.593] Submitted transaction                    hash=0xfedd4744aeeb71c42493df50c831a29cb4be49046e21549ab54f028171f83302 from=0x92424e4F86201c931BA53EB48619D93244c18E13 nonce=259 recipient=0xb3359D9DCF0FD27b1Fec315391Dcdc0C327412ac value=1
INFO [06-17|11:06:33.621] Submitted transaction                    hash=0x10b7b177fbb1dbbef5caeb7a191e72511c6ecaaafbef9a042d161c04a829e543 from=0x92424e4F86201c931BA53EB48619D93244c18E13 nonce=260 recipient=0x9AAf34d430cc27F06C666CE3EF30bff7833C4D83 value=1
INFO [06-17|11:06:33.648] Submitted transaction                    hash=0x2e906b6b6953727ecc6894f76e8b18c6ec5795395fdccf55a233e8d939b53997 from=0x92424e4F86201c931BA53EB48619D93244c18E13 nonce=261 recipient=0x570aB40BE0E3d04041724D42eb144bAab4fB8409 value=1
INFO [06-17|11:06:33.670] Submitted transaction                    hash=0xec2104d9bac28ac6c4e7f1a52093ef1195d5b0e0e62425e8ba67687e1b2bbb31 from=0x92424e4F86201c931BA53EB48619D93244c18E13 nonce=262 recipient=0xEc8401566C2e1A299f678C5456038d1B6cd4095b value=1
INFO [06-17|11:06:33.694] Submitted transaction                    hash=0x8b3ca428aae48055917e00cb5b893d1a34373ecd87ce297c7d7dc8eb82fae884 from=0x92424e4F86201c931BA53EB48619D93244c18E13 nonce=263 recipient=0x7a7252E4664B2b915D2FfCFc6Bb41B4576518aAC value=1
INFO [06-17|11:06:33.719] Submitted transaction                    hash=0x6aa7066a33efed032d2cf0b8d1eafb909f7b74288b4128f344f42f6c49e6406c from=0x92424e4F86201c931BA53EB48619D93244c18E13 nonce=264 recipient=0xeEE7830527289C921d3815115969Bc57407E42eb value=1
INFO [06-17|11:06:33.741] Submitted transaction                    hash=0x2e0de888f9fc3936fa37d45b7e853975e3d9f83f5c097d03fd984400928f9c09 from=0x92424e4F86201c931BA53EB48619D93244c18E13 nonce=265 recipient=0xE557426f80e966BffdFB1c373d6211742D9B52e9 value=1
INFO [06-17|11:06:33.761] Submitted transaction                    hash=0x4b918765f50ba6c5c1f68d615335c610f3638bc2d46c206dcb95dab3f00d4801 from=0x92424e4F86201c931BA53EB48619D93244c18E13 nonce=266 recipient=0xA32fd4fA3F9173c373F2771c013dADAf7236e42d value=1
INFO [06-17|11:06:33.788] Submitted transaction                    hash=0x362e43cda1d834233aba75b560157f3b2b85400050c367b90fe37bdeb7466228 from=0x92424e4F86201c931BA53EB48619D93244c18E13 nonce=267 recipient=0xdb0504908bD9c364AFC554f975a8D16E4a547876 value=1
INFO [06-17|11:06:33.816] Submitted transaction                    hash=0xe8259a49d5bd7260f8584275747eb9cb9f187a50d6b628dec5a1b4538aedf4cf from=0x92424e4F86201c931BA53EB48619D93244c18E13 nonce=268 recipient=0xF6cc7B606db2AB255060f32127111993d20160EF value=1
INFO [06-17|11:06:33.843] Submitted transaction                    hash=0x0b73dc5546911d9906d7f6cd2ac397d342546a644c08b72154f862f58f1c0573 from=0x92424e4F86201c931BA53EB48619D93244c18E13 nonce=269 recipient=0x6F3c7460860Bbfc4B92adc4406e46d02bB046b52 value=1
INFO [06-17|11:06:33.870] Submitted transaction                    hash=0xb36a5ca62494d098eb8ed1ee891653f258665cfc074d92b87c551a6674f6d928 from=0x92424e4F86201c931BA53EB48619D93244c18E13 nonce=270 recipient=0x08dEd806FfcB627D1D443073D8Edb79a4991B0eE value=1
INFO [06-17|11:06:33.897] Submitted transaction                    hash=0x74b7c48c247db225c541a004687d676d82ceeb1a11feb88d77ec532c92848a36 from=0x92424e4F86201c931BA53EB48619D93244c18E13 nonce=271 recipient=0xB88eb9AA09ba4C886851dcacE131723eC19cE293 value=1
INFO [06-17|11:06:33.924] Submitted transaction                    hash=0x8f57adc56127b8f0ed6238c27341801aeea4ffec97c83c7217fd13c10b745466 from=0x92424e4F86201c931BA53EB48619D93244c18E13 nonce=272 recipient=0x2CFea7508d640539dA72EC6368ee82e57200B245 value=1
INFO [06-17|11:06:33.951] Partitioned MPT shadow update complete   block=5 root=0x5e13268fab105cb6648e1adc42d992e45b940fc1815194f4367ea90f8c217a99 changedPaths=242 partitions=4 localViews=1
INFO [06-17|11:06:33.951] Successfully sealed new block            number=5 sealhash=7f528a..0f4528 hash=b52462..f0fcb0 elapsed=910.849ms
INFO [06-17|11:06:33.952] Submitted transaction                    hash=0xfdf33b9acd629fa20393fcfd826165ced2dff5a9860e7d05032e68148d49ce68 from=0x92424e4F86201c931BA53EB48619D93244c18E13 nonce=273 recipient=0xA6e4Fd584c5F391445B136e0d2F1f006aFd6e05a value=1
INFO [06-17|11:06:33.983] Submitted transaction                    hash=0x05ac8b371d88f83e1a2084a28d7799b44482a0c2fb302ec54262deb78c19693f from=0x92424e4F86201c931BA53EB48619D93244c18E13 nonce=274 recipient=0x16FFb6CB1a52bC738bbB45340915d4BD924F3beD value=1
INFO [06-17|11:06:34.004] Submitted transaction                    hash=0x304ef7d28d6b11a0453c25818cc7d059f805264f598f6c3cc05718b0182b3643 from=0x92424e4F86201c931BA53EB48619D93244c18E13 nonce=275 recipient=0xE9B28c799f9055B27C0720244b47699753685aef value=1
INFO [06-17|11:06:34.025] Submitted transaction                    hash=0x23899ad876b9be9fdcebb6f66aaf20702a7cdad8448408cf7cf4f3d4d476a20e from=0x92424e4F86201c931BA53EB48619D93244c18E13 nonce=276 recipient=0x7603C5E3055D3A1A0BD2925920Fff23eE2504BDc value=1
INFO [06-17|11:06:34.051] Submitted transaction                    hash=0xe61b4f60e00e719b4e5faa079710c4a6048eb9643864aeb1816913be37867299 from=0x92424e4F86201c931BA53EB48619D93244c18E13 nonce=277 recipient=0x952DC5d3b61A7FCCd0Feb0A859f08003E291b1FC value=1
INFO [06-17|11:06:34.080] Submitted transaction                    hash=0x072721520b9ce5698d31c515b8c3a4b3cc0728e3ea458f5b4a0b619a0115b331 from=0x92424e4F86201c931BA53EB48619D93244c18E13 nonce=278 recipient=0x082110eF9Ee9A3Ed5F9DCDe8beF6Acbe248f531f value=1
INFO [06-17|11:06:34.106] Submitted transaction                    hash=0x0278dc87f29b195ff487c0582856f432e6831ec4f6905ddab37b36b47faaa4f6 from=0x92424e4F86201c931BA53EB48619D93244c18E13 nonce=279 recipient=0x695DA02Ad3907c24788eaF2D8582b27b024fd64D value=1
INFO [06-17|11:06:34.134] Submitted transaction                    hash=0xf1f145f4bbf17a7ba3ea7389f58dfa780c2fded46c67263c1401b5ccf1856bd4 from=0x92424e4F86201c931BA53EB48619D93244c18E13 nonce=280 recipient=0x80C933B0f51aD1f4423e429A853eC2C548Ee5A5B value=1
INFO [06-17|11:06:34.161] Submitted transaction                    hash=0xcbff8274140c46ff03b6edde7d7af6bd062917cca3aa9ea45bcc6dca72bf5456 from=0x92424e4F86201c931BA53EB48619D93244c18E13 nonce=281 recipient=0x4cD20b3F40038ea31c449c924Fd5b8bf6d3B64b4 value=1
INFO [06-17|11:06:34.189] Submitted transaction                    hash=0x213de5a8d51b1c2bf08230a2b4d8e66ca94126f7a91bd43dfd882e0939cd4fc6 from=0x92424e4F86201c931BA53EB48619D93244c18E13 nonce=282 recipient=0x638A404C63771e3b4f581A1A6a13160097730aaa value=1
INFO [06-17|11:06:34.216] Submitted transaction                    hash=0x814b19b92e58bf41f170d9fe14d3fc0cc4bd2f3fe46a2d1d4f9f894b98c146c0 from=0x92424e4F86201c931BA53EB48619D93244c18E13 nonce=283 recipient=0x27269491b47F8abBA623f206aF668688f27bD187 value=1
INFO [06-17|11:06:34.242] Submitted transaction                    hash=0x91cedfba752fdb63bb61a59bf9fab089818a1eeb8406ae370e50657114b75711 from=0x92424e4F86201c931BA53EB48619D93244c18E13 nonce=284 recipient=0x026C1e5d4A53CA46f0484942334b07664Fbad105 value=1
INFO [06-17|11:06:34.270] Submitted transaction                    hash=0xa2c87ba9c5fbeb17ee7e46fdbe19429caf7e5e6d30d281a5ef412d8d91916823 from=0x92424e4F86201c931BA53EB48619D93244c18E13 nonce=285 recipient=0x0A7f66ee5632B5857e3f884d523A7B224D734Ae0 value=1
INFO [06-17|11:06:34.296] Submitted transaction                    hash=0xca1f609c5369e1bf7b220b6eafd406efa3fc1f2c96b3314be46dfd0d0d9dcfe5 from=0x92424e4F86201c931BA53EB48619D93244c18E13 nonce=286 recipient=0xC5E5e6F12731E619226D413Fa43556B90780FDA0 value=1
INFO [06-17|11:06:34.323] Submitted transaction                    hash=0x2117b055ddce16018db54cbefc7ad76aac005913abb5a38a2c8ab17071c1519a from=0x92424e4F86201c931BA53EB48619D93244c18E13 nonce=287 recipient=0xB328DC152d911334510Bc144E3F8E0ab863ACDeB value=1
INFO [06-17|11:06:34.350] Submitted transaction                    hash=0x03305f777e3e411c501f96cab1b68aa1212e90aefc1a431160711d5bf741985c from=0x92424e4F86201c931BA53EB48619D93244c18E13 nonce=288 recipient=0x1655466a5c9bd33cb95Df7362D2ebe543764175C value=1
INFO [06-17|11:06:34.378] Submitted transaction                    hash=0x3dae1309b87db4035805346bd3c570c8feb7b812b3dfea976d9eed3744588728 from=0x92424e4F86201c931BA53EB48619D93244c18E13 nonce=289 recipient=0xF208B41961896d8a356eBdD5Cfd13Dae7752263A value=1
INFO [06-17|11:06:34.406] Submitted transaction                    hash=0x59d0432a55143e9c15443e40405155351787bc6121387fdb16a0b7b49c465441 from=0x92424e4F86201c931BA53EB48619D93244c18E13 nonce=290 recipient=0x1E180D55E78aab94bfF93882c06dBA1fE0Fb2BB2 value=1
INFO [06-17|11:06:34.432] Submitted transaction                    hash=0xa338efca120c4a6e6ca5ab90eb72e37c710372b331ec6f9bff0ee22fd971be6a from=0x92424e4F86201c931BA53EB48619D93244c18E13 nonce=291 recipient=0x2FA8Dcb90Ce2188E3aE3A243d59573850A715980 value=1
INFO [06-17|11:06:34.459] Submitted transaction                    hash=0x29ec32a8bc5eb08a3579bbf7f0f5981aaa9662a163878c7ec7f4a1cd6fe6ddd7 from=0x92424e4F86201c931BA53EB48619D93244c18E13 nonce=292 recipient=0x53C7Fb5488551e5c816455396E3DaCE0E88c56e9 value=1
INFO [06-17|11:06:34.486] Submitted transaction                    hash=0xb958b2f8bff7b3454f41c8cbb55f90d2fd2f38c6afe9acdd7f4a5fa4ea938d19 from=0x92424e4F86201c931BA53EB48619D93244c18E13 nonce=293 recipient=0xcDff054D63Cb3205329156F0A85a3Ed628942A0a value=1
INFO [06-17|11:06:34.513] Submitted transaction                    hash=0x48860b2af960ca66f0565b026bb982ae53fd88562e03813959b4e7eaaa2e796d from=0x92424e4F86201c931BA53EB48619D93244c18E13 nonce=294 recipient=0x1Ce0fc2Fe4D0cb1FFB9B2C7c0301D5FAFf9D0289 value=1
INFO [06-17|11:06:34.539] Submitted transaction                    hash=0x4016712895761274e897090d8f498e39c5952cf52a510f8b3bd26d9ae23a2a4d from=0x92424e4F86201c931BA53EB48619D93244c18E13 nonce=295 recipient=0x65ba55befed765C69653461E958ce747e91b8559 value=1
INFO [06-17|11:06:34.566] Submitted transaction                    hash=0xfb0b5c8efef40663f9d9c518f21d412b5deb86099d646749439762a7de060452 from=0x92424e4F86201c931BA53EB48619D93244c18E13 nonce=296 recipient=0x37923C4DB9623F08f0A215BDE266f6025eB26aF9 value=1
INFO [06-17|11:06:34.592] Submitted transaction                    hash=0xd7443819ac6bdf99c38fa31da7330f95266302227e1590226ffe3a4f02938692 from=0x92424e4F86201c931BA53EB48619D93244c18E13 nonce=297 recipient=0xF7C3AF91501c84Ee03dd48F9074C34Adfc948b88 value=1
INFO [06-17|11:06:34.616] Submitted transaction                    hash=0x5a6d9ddd97a095d5caeb55bf57bf1ca180dd0388d0180b3bfc5a11a1fad7d4ed from=0x92424e4F86201c931BA53EB48619D93244c18E13 nonce=298 recipient=0xA7d294F782bB7D7D2FDDDe767f6F981B5af11FbA value=1
INFO [06-17|11:06:34.646] Submitted transaction                    hash=0x55614fdd82f0cda365f163110ba20111c87d5831e2c148f7a1ccb828fa911eb0 from=0x92424e4F86201c931BA53EB48619D93244c18E13 nonce=299 recipient=0x20dA0D92b3dCc4d9E7a7815a866d590730c32128 value=1
INFO [06-17|11:06:34.673] Submitted transaction                    hash=0x45bbdacda9d0908f0fd8c9df24ab58a6ed480a732993bc3e91cd4b1419b554db from=0x92424e4F86201c931BA53EB48619D93244c18E13 nonce=300 recipient=0x431FCd062b7610e2267a2E49e1b6D27EE223C725 value=1
INFO [06-17|11:06:34.699] Submitted transaction                    hash=0xf2704e7d4b9138a8ca408fbfeefafa182cc9a77a6d86e9fc0bec0f7179fdf460 from=0x92424e4F86201c931BA53EB48619D93244c18E13 nonce=301 recipient=0x8b5fCB52b0f105E7E3BAA141b1EE2C9D54Be1CBA value=1
INFO [06-17|11:06:34.727] Submitted transaction                    hash=0x91bab7eab4f936cc5c09c8b0b23f63f198b8855559a5b7e846fdd44fa7e07b4c from=0x92424e4F86201c931BA53EB48619D93244c18E13 nonce=302 recipient=0x3443BfcFc8290D25C25eC8Dd347fF94dD275D71C value=1
INFO [06-17|11:06:34.753] Submitted transaction                    hash=0x4e457dd13b341b6c43fae4a28c822bc7e2589f075fec470e21ec5f70f0cbfb00 from=0x92424e4F86201c931BA53EB48619D93244c18E13 nonce=303 recipient=0x8C0fDb80373E0F71C3dF612b0C30c17aEc5d4015 value=1
INFO [06-17|11:06:34.781] Submitted transaction                    hash=0x225d55485655d58ec7051801a41d4d039ead6f3b1f9fc8cc6365e3fc97bb09e8 from=0x92424e4F86201c931BA53EB48619D93244c18E13 nonce=304 recipient=0x3da9e607819d89a2F28eb327aC3d59F69C44e0A1 value=1
INFO [06-17|11:06:34.807] Submitted transaction                    hash=0x41472d66ddf2b3be33a56588bc95b036850c1abeb2f2e1ea4a8f0024367e0885 from=0x92424e4F86201c931BA53EB48619D93244c18E13 nonce=305 recipient=0x6c0E80aEeB1eEb5ec7A10400888Aa5a41C457a13 value=1
INFO [06-17|11:06:34.835] Submitted transaction                    hash=0x90167713165bb0afc6deee135e6f71c3d1de761c9bc2ca5fadb361456918b99a from=0x92424e4F86201c931BA53EB48619D93244c18E13 nonce=306 recipient=0x0bB67F971Bc6F97FdE8CB77066ce396D76df6148 value=1
INFO [06-17|11:06:34.861] Submitted transaction                    hash=0xb96555bb6de55db7f2727e4185887eb05c5575819d848e8c55b622deec3275cd from=0x92424e4F86201c931BA53EB48619D93244c18E13 nonce=307 recipient=0x73a5D0344D163bC8deFE9e2e0eA8605F52c0a758 value=1
INFO [06-17|11:06:34.888] Submitted transaction                    hash=0xd3bf2504d35d8a99376dc30ab79090dc895a6b13d874168625861e99890068a5 from=0x92424e4F86201c931BA53EB48619D93244c18E13 nonce=308 recipient=0x6C4Db65CE24e3a9ae2B9f7afCdc8FECdD7bDccdC value=1
INFO [06-17|11:06:34.917] Submitted transaction                    hash=0x07aed303665bc748d227c695aec3ca2c678c8e2e257466fe9f3e9de7e77c2e5f from=0x92424e4F86201c931BA53EB48619D93244c18E13 nonce=309 recipient=0x1D6b90AE230aEb045C711633766FD3C5F9C7DeD5 value=1
INFO [06-17|11:06:34.942] Submitted transaction                    hash=0x589476388100134a639c26bf6abe17dc144183abce652501693dac9bd6bbdfe4 from=0x92424e4F86201c931BA53EB48619D93244c18E13 nonce=310 recipient=0x028973113679a20f84537d3A5fCEB8A5002add74 value=1
INFO [06-17|11:06:34.968] Submitted transaction                    hash=0x8376d8e077008e6f6cf2f0ea33ea74961fa2a004dac54f2ca1a0e6a8417a3369 from=0x92424e4F86201c931BA53EB48619D93244c18E13 nonce=311 recipient=0x038bb1a0BD3B9d488505050E73d91D4a5dD118a2 value=1
INFO [06-17|11:06:34.995] Submitted transaction                    hash=0xade1678a20044a0a04d5cbde9f1775f3257d36cb4fc9b559cc2d3d33536e1e76 from=0x92424e4F86201c931BA53EB48619D93244c18E13 nonce=312 recipient=0x004944A9b445255bBA1Ed20f56a3125B21D64Df4 value=1
INFO [06-17|11:06:35.023] Submitted transaction                    hash=0xd093e9f2c40c12877e435f2fd803327e2af1f1f93a9498a1a18ee54b95b4df68 from=0x92424e4F86201c931BA53EB48619D93244c18E13 nonce=313 recipient=0xCB7a1270Ad4a7EC400a532ec961a6a192DE285A1 value=1
INFO [06-17|11:06:35.050] Submitted transaction                    hash=0x377afbe79c0d3ee1029ab7e298f911aeb1ac9542c044b3e1d5726a297e8f3c7e from=0x92424e4F86201c931BA53EB48619D93244c18E13 nonce=314 recipient=0xB88d46bFD65a31e05d867462209C81E0296a0c9f value=1
INFO [06-17|11:06:35.078] Submitted transaction                    hash=0x1dfa3ce2bf9ca5e17d1a73a643ecf01d088171f2314d61b1aadd19a0c8d44f0d from=0x92424e4F86201c931BA53EB48619D93244c18E13 nonce=315 recipient=0xF6923BB5EAeef8301b2f0Efa3abc7a8A9a1c29d2 value=1
INFO [06-17|11:06:35.106] Submitted transaction                    hash=0x202b69f751fcce128bd7da5b5f2bc5c951ad1909507e8f6964248e31f5df81b7 from=0x92424e4F86201c931BA53EB48619D93244c18E13 nonce=316 recipient=0xeFc27e9b48601A2364816A4FBBC042b08d134ece value=1
INFO [06-17|11:06:35.132] Submitted transaction                    hash=0xb4748406d383ab91d1ebc0566f087f2928853ea6d79c633173726ee8093284f5 from=0x92424e4F86201c931BA53EB48619D93244c18E13 nonce=317 recipient=0x71d38c7282cB3617eA53d6fC15acc4a40E3A2E5B value=1
INFO [06-17|11:06:35.159] Submitted transaction                    hash=0xa44402cfb017c9a792078cb944ed4cba9f7dd77b95d0dac3574a7d8ded21486f from=0x92424e4F86201c931BA53EB48619D93244c18E13 nonce=318 recipient=0x23b59242F04664372FBd9BEB4E79a7ff65028721 value=1
INFO [06-17|11:06:35.185] Submitted transaction                    hash=0x7e0107c6beb57e41a7d31ae7f7f09ae53e9d2be906a27703de61eff416d9e43e from=0x92424e4F86201c931BA53EB48619D93244c18E13 nonce=319 recipient=0x0eE9179569A6Dad3a25696f1472F155480F405EB value=1
INFO [06-17|11:06:35.211] Submitted transaction                    hash=0x32ddc03f1df3930e244909e1f333fea382de353184f65b60fcb8e0994526f9ad from=0x92424e4F86201c931BA53EB48619D93244c18E13 nonce=320 recipient=0x50A4620994ba92264d56FC623CBe80c89B28ee23 value=1
INFO [06-17|11:06:35.238] Submitted transaction                    hash=0x20396326c10c963574b13330f6476cedb4d737b7a6de885e6e4d23834c5d7aaf from=0x92424e4F86201c931BA53EB48619D93244c18E13 nonce=321 recipient=0xbB354756873F04780B1cCa4181e51e4E7C868D7F value=1
INFO [06-17|11:06:35.264] Submitted transaction                    hash=0x089248a9c788f7e6778dddaf60eb5ecfe70a1419cd715b5012a39addf389ff44 from=0x92424e4F86201c931BA53EB48619D93244c18E13 nonce=322 recipient=0xdBe00896DCDa229fe5B653FF57B7a3EcaFeFfaC2 value=1
INFO [06-17|11:06:35.291] Submitted transaction                    hash=0x99c1f506a9011cb87c1bdc4fcba969e7cbc0648bae2e2a515ca695e7672b275f from=0x92424e4F86201c931BA53EB48619D93244c18E13 nonce=323 recipient=0x07aA00fF7E32c20Fd18c9641386AC4F233d21e4d value=1
INFO [06-17|11:06:35.317] Submitted transaction                    hash=0xec27698fdc115540827f0db606df145ce35f8f8e314fc6e34d2465ba1aa7f8e9 from=0x92424e4F86201c931BA53EB48619D93244c18E13 nonce=324 recipient=0x2Fd9Bf4253B955898605c86c58D864f61F575377 value=1
INFO [06-17|11:06:35.342] Commit new sealing work                  number=6 sealhash=92ea9b..ebdfa1 txs=161 gas=3,381,000 fees=0.003381 elapsed=16.168ms
INFO [06-17|11:06:35.344] Submitted transaction                    hash=0x27f777cfa8e68d141d9402517ee480f5203bcf37bd9e99657ce292ccd7278e3e from=0x92424e4F86201c931BA53EB48619D93244c18E13 nonce=325 recipient=0x215dCfd6fe2b724aC1BA8e32706c480513b9c7b0 value=1
INFO [06-17|11:06:35.371] Submitted transaction                    hash=0x597858e9181d347fed35cf51a6f56477e26c73278d5ecce7483707d34c7dc682 from=0x92424e4F86201c931BA53EB48619D93244c18E13 nonce=326 recipient=0x8894e0694C71F8DaDadCe495E025697F188b4Ea0 value=1
INFO [06-17|11:06:35.398] Submitted transaction                    hash=0x9de47e5209f5f6a0f43c1ab5d47e11f041b7fae9790fbccb198b56493e9ca189 from=0x92424e4F86201c931BA53EB48619D93244c18E13 nonce=327 recipient=0x5183B7511B9F5595436e0dD8BDDf85367d4c9668 value=1
INFO [06-17|11:06:35.425] Submitted transaction                    hash=0xfb06f72f68b2627f4b5af7922394f0cdf5043e25e3899c0b369a23cf8c8bbf4d from=0x92424e4F86201c931BA53EB48619D93244c18E13 nonce=328 recipient=0xaE07a33493b431939d04C3BF68Fb3750FC4D3579 value=1
INFO [06-17|11:06:35.452] Submitted transaction                    hash=0x56f27ff842b5e16530329cad0f0b8018efb442e019b5f98f91bf9c912afe0519 from=0x92424e4F86201c931BA53EB48619D93244c18E13 nonce=329 recipient=0x2345Ae46dEed167994B30d07F96294F306c83952 value=1
INFO [06-17|11:06:35.479] Submitted transaction                    hash=0x84380366233e9ae042e46d0d128a0441f1707de1aa18340945d3afe7fe429b5d from=0x92424e4F86201c931BA53EB48619D93244c18E13 nonce=330 recipient=0x150c7c3f779Daa6d91D456565B5565Bc47fDeC71 value=1
INFO [06-17|11:06:35.506] Submitted transaction                    hash=0xd091dc0a2e56bcd33c8b049a3b847b33ce5a99c788199dde6700a263eeb23db3 from=0x92424e4F86201c931BA53EB48619D93244c18E13 nonce=331 recipient=0xAD4ce22438D733E32fc1685588Acc228E759b612 value=1
INFO [06-17|11:06:35.534] Submitted transaction                    hash=0xe5e666405ff2600e0d4bcf250ad74d3c31654275c7b363ad1ade4837259e9a20 from=0x92424e4F86201c931BA53EB48619D93244c18E13 nonce=332 recipient=0x705CE1CB1E26bDE905229B6E87f5b4785e3a1790 value=1
INFO [06-17|11:06:35.560] Submitted transaction                    hash=0x768693aafb3076d7cf2066a853b05354b2681c48acf7da23d7cee12a79252b03 from=0x92424e4F86201c931BA53EB48619D93244c18E13 nonce=333 recipient=0x71FF9C8ad5fc49674dAf5691FC6CfaBA23ab1Cea value=1
INFO [06-17|11:06:35.587] Submitted transaction                    hash=0xc3e688098f818bcb142f0755521be4ca6a1bc64417e583318b0cee8e4f604481 from=0x92424e4F86201c931BA53EB48619D93244c18E13 nonce=334 recipient=0xDb03b3d7347aF224A7c4EE36f8E7753F067844A7 value=1
INFO [06-17|11:06:35.615] Submitted transaction                    hash=0xfb64388274958a4ab48d957e427da0106f2b588d39db952e4c5a6460568044da from=0x92424e4F86201c931BA53EB48619D93244c18E13 nonce=335 recipient=0x11AAE60C6a63d04F2D8Ff8FCA4Df1933EfF76DaC value=1
INFO [06-17|11:06:35.641] Submitted transaction                    hash=0x56bb2595e6571ae8fcb7df1459c020f5afd01683980033bfda604d0fe91cdbc1 from=0x92424e4F86201c931BA53EB48619D93244c18E13 nonce=336 recipient=0x6E6F7765cd99A51EF501E267b94C4D5cBE9cf70e value=1
INFO [06-17|11:06:35.669] Submitted transaction                    hash=0x315193d561c446cbb7d7ec367cfcfd5ec713dccc63a1e24a3321b41af0f0ba5a from=0x92424e4F86201c931BA53EB48619D93244c18E13 nonce=337 recipient=0xB84038fa9EE5E5dfdEEC8A54dc758C4Ef3c168fF value=1
INFO [06-17|11:06:35.695] Submitted transaction                    hash=0xaf6a6f0e7b4faf20fe672d6465e705a1985d7c8acb58b3ff56ddebc96c187c38 from=0x92424e4F86201c931BA53EB48619D93244c18E13 nonce=338 recipient=0xE959ef671A16D5449bE207abafc55438F5FB3638 value=1
INFO [06-17|11:06:35.722] Submitted transaction                    hash=0xf6c6a3e7ddbb5ceb8142d729490ef28b39f888aa36ab096285afb533d54ca9e0 from=0x92424e4F86201c931BA53EB48619D93244c18E13 nonce=339 recipient=0x965f779416B52165D8EcAc23d871a454d63CD933 value=1
INFO [06-17|11:06:35.750] Submitted transaction                    hash=0x50349e689aecb4c05412bd4ba33dbc33b1cdb97e1b8e50520e5b02370771a5cd from=0x92424e4F86201c931BA53EB48619D93244c18E13 nonce=340 recipient=0xa7BF99f4466C75654207fcAfE67f046FB5061059 value=1
INFO [06-17|11:06:35.776] Submitted transaction                    hash=0x7d662d498720370e58f631fbf0f804fb8862f515abde8a1e7dfa7a3bd3c05dd0 from=0x92424e4F86201c931BA53EB48619D93244c18E13 nonce=341 recipient=0xE45Fdd311c124F68551fc3A605dF5aDeb902E406 value=1
INFO [06-17|11:06:35.804] Submitted transaction                    hash=0xea6364a41c8cfc97f267cb7f626da4e22051b66da62a314be5823a1ab410f8ab from=0x92424e4F86201c931BA53EB48619D93244c18E13 nonce=342 recipient=0xc2480C818d2c9B4BDc3b8f08406C23d6d5e45D41 value=1
INFO [06-17|11:06:35.831] Submitted transaction                    hash=0xfdd9ba57afc7968198afe0c9d2ecdd892a2e71d3a532b5112cdcfa632031eb32 from=0x92424e4F86201c931BA53EB48619D93244c18E13 nonce=343 recipient=0x6b02caBcdDda4A12De79fcAb132A01E0C7Eb393F value=1
INFO [06-17|11:06:35.859] Submitted transaction                    hash=0xc4a20537f9d928527e0e84d1e4094cbcc2761a870bf8c2e8605a447aadb02a1d from=0x92424e4F86201c931BA53EB48619D93244c18E13 nonce=344 recipient=0x79E1B681F06C870933904cD97c559D8A42927420 value=1
INFO [06-17|11:06:35.886] Submitted transaction                    hash=0x353fbc2de0a3d554fa596e50a28ccf0230cc28c97fc0dd6d03e2b25131f51df4 from=0x92424e4F86201c931BA53EB48619D93244c18E13 nonce=345 recipient=0xCE18C4Dc084Ae1246De63f01729F2cB44AD19484 value=1
INFO [06-17|11:06:35.912] Submitted transaction                    hash=0xcc23195b70eb4fa366939cba5d8065f3872361b7dc9dc5e2b0e0a83e0b977c50 from=0x92424e4F86201c931BA53EB48619D93244c18E13 nonce=346 recipient=0xc7DEB7AE26CEAbF2d737930986638eE23AD4c9D7 value=1
INFO [06-17|11:06:35.939] Submitted transaction                    hash=0x8b84825fbbbd65c59f3ffa4af2e7f500abc9b2315e07639a74c2a90018c4155c from=0x92424e4F86201c931BA53EB48619D93244c18E13 nonce=347 recipient=0xeeD1D4Ff169d00ca43DC59d196e67bC8F12850AE value=1
INFO [06-17|11:06:35.967] Submitted transaction                    hash=0x840bd79230dcea8531310b3a97aa3bf6a1b424a9bf5a75c155c0157ad4c3477e from=0x92424e4F86201c931BA53EB48619D93244c18E13 nonce=348 recipient=0x55f27b9d6Ca182cb3F7739e980630A1DF2198484 value=1
INFO [06-17|11:06:35.993] Submitted transaction                    hash=0xd931d885fc953e623a811007eb494f96bbbd2c1aa75645da814addf1f02b4ff7 from=0x92424e4F86201c931BA53EB48619D93244c18E13 nonce=349 recipient=0x39cebAd261dC3362A2574f61dC383B6eEf158249 value=1
INFO [06-17|11:06:36.021] Submitted transaction                    hash=0xff52a9d4169d1f9455e44a5ee78939428a12fd86504b9f9c07016ea2e04fe951 from=0x92424e4F86201c931BA53EB48619D93244c18E13 nonce=350 recipient=0xbF4e75C8777Bfa46bfB620D462210864Aca9B5a4 value=1
INFO [06-17|11:06:36.047] Submitted transaction                    hash=0x5e321489bdc6431c81d42af9f36b6ea6f4930d1ed8d00d1095e0492b85689545 from=0x92424e4F86201c931BA53EB48619D93244c18E13 nonce=351 recipient=0x13c26C4C9e4a28E84d87CA679Aa8d8d4E6E66c75 value=1
INFO [06-17|11:06:36.075] Submitted transaction                    hash=0x26b0409a1884cc1df4a804f121274bc9c04b5a3c2be407f70490d59998a55e5b from=0x92424e4F86201c931BA53EB48619D93244c18E13 nonce=352 recipient=0x50Af7D5d427C34ef886BaB14B1017f4c32036E9B value=1
INFO [06-17|11:06:36.102] Submitted transaction                    hash=0x82be9af6b1171bdb4f63d2909b8c33f6d07fd87c821e24db7d9aa6fd313161d6 from=0x92424e4F86201c931BA53EB48619D93244c18E13 nonce=353 recipient=0x60ED22ea8E7306Fa22b6C0166AD83539E2D41931 value=1
INFO [06-17|11:06:36.128] Submitted transaction                    hash=0xe46f9861ad8b4da30f71be0af61941026615ea6fd2223c90333ee9c232367115 from=0x92424e4F86201c931BA53EB48619D93244c18E13 nonce=354 recipient=0xD4e6A7545f0264F30B79F650126f8b4d0ACA5E3e value=1
INFO [06-17|11:06:36.156] Submitted transaction                    hash=0x0cc9868b89037216ad68ed2a86e3ee05e272f741e00f2545eb8c127eb54ec44a from=0x92424e4F86201c931BA53EB48619D93244c18E13 nonce=355 recipient=0xc1890d94956214469F619d5412D3B6fD1105264E value=1
INFO [06-17|11:06:36.183] Submitted transaction                    hash=0xc34a3172b6bcbc8ab57b722875e72fa803dba28ff8abd214603f7bb01838734e from=0x92424e4F86201c931BA53EB48619D93244c18E13 nonce=356 recipient=0xB3F3cD736AeeaC1f7bedF1C2b347aFB4CF23fEc7 value=1
INFO [06-17|11:06:36.210] Submitted transaction                    hash=0x626a0b3797e7c73911556ed758781e0aac81182cdee030c4d9ee4a4a34e1b12c from=0x92424e4F86201c931BA53EB48619D93244c18E13 nonce=357 recipient=0xD933A048ffCcF9914B6738918432e0ed2368504F value=1
INFO [06-17|11:06:36.237] Submitted transaction                    hash=0xbd2521d50c5f0a4fc7704c9c9d5f45d2d41ef3e3b2ea5061a55e48132533ef6b from=0x92424e4F86201c931BA53EB48619D93244c18E13 nonce=358 recipient=0xbdCBeceeBeFCA6d3Ba96304243a65D3974897ed5 value=1
INFO [06-17|11:06:36.263] Submitted transaction                    hash=0x7414ea4fd63c1e49d64befe3ffa35936294ab84d5c6ba772e116f9686d8cb265 from=0x92424e4F86201c931BA53EB48619D93244c18E13 nonce=359 recipient=0x7Fcf6d60202b38EB563d3643Aa658E7De7077160 value=1
INFO [06-17|11:06:36.291] Submitted transaction                    hash=0xe687a6bc727cb5fe9a5e7030f2039020c36f399cae07bd8dbba18b0b01aa40c7 from=0x92424e4F86201c931BA53EB48619D93244c18E13 nonce=360 recipient=0x616B0a69d76864814032d1BdEB7163BFf7B28346 value=1
INFO [06-17|11:06:36.317] Submitted transaction                    hash=0x6164eff86c8910424b9054c06840423e0872c58fcc61b8bfc835576b694a448b from=0x92424e4F86201c931BA53EB48619D93244c18E13 nonce=361 recipient=0x8AA6eBcE5477a469c67B67e96d5C6B25D197CA21 value=1
INFO [06-17|11:06:36.344] Submitted transaction                    hash=0x3561e3e36e55c0bd3e774a62d954018e42e6ca8044db2fe55d80c1d3b81aa55b from=0x92424e4F86201c931BA53EB48619D93244c18E13 nonce=362 recipient=0xf7eb6DbeB81Ff5DDB2160E4e09b6A0e440cbE835 value=1
INFO [06-17|11:06:36.371] Submitted transaction                    hash=0x52341e8308209c1132e3c5b8548f7413c53c408578b318cb2a35fe168069052d from=0x92424e4F86201c931BA53EB48619D93244c18E13 nonce=363 recipient=0x459db5d8573eaE6e783bD47aff160797a3da3913 value=1
INFO [06-17|11:06:36.395] Submitted transaction                    hash=0xaa6b762ba27af0f1d4ddcf3437a84373774f564545a42684777a5c5e493f2664 from=0x92424e4F86201c931BA53EB48619D93244c18E13 nonce=364 recipient=0x6bd5514335654842adC0b71f635812506674F4B2 value=1
INFO [06-17|11:06:36.420] Submitted transaction                    hash=0xd10c3d0d791f4cded99ef211cf204f5a24e966807a42ec9b514694a50ea2074e from=0x92424e4F86201c931BA53EB48619D93244c18E13 nonce=365 recipient=0x625De9A7476B38EAB61c4a8342Af01C2726EdcaD value=1
INFO [06-17|11:06:36.448] Submitted transaction                    hash=0x50f93168b7b2b23a6649be4640d2cb1972ae2ce8e187e1095b2d9e441b31c753 from=0x92424e4F86201c931BA53EB48619D93244c18E13 nonce=366 recipient=0xeCe887e1c8aFdd51487ef20eB13Ba2C7F55f8299 value=1
INFO [06-17|11:06:36.475] Submitted transaction                    hash=0xaff41ee0508710121055ec9dfe44eafe72c5c41dccf989f7c489bdff4e82c8bc from=0x92424e4F86201c931BA53EB48619D93244c18E13 nonce=367 recipient=0x822d87Db19DFbD477add246aAAE6f3fD2DEbD33A value=1
INFO [06-17|11:06:36.502] Submitted transaction                    hash=0xc23a31cc9692265deb0ee5d10ef7740ac686a9cba4b748b3e503654f54bc649c from=0x92424e4F86201c931BA53EB48619D93244c18E13 nonce=368 recipient=0x2f8423cF306b579e2242aFE9e6C49d40807C86AE value=1
INFO [06-17|11:06:36.528] Submitted transaction                    hash=0xecb634a1b013ca84f3a4e5db1c97fcd282e5d3b7323cf2beb5046d09720af5dc from=0x92424e4F86201c931BA53EB48619D93244c18E13 nonce=369 recipient=0xC9430fE0812017a2658CbA8a8D118Ea25A55Ec2b value=1
INFO [06-17|11:06:36.556] Submitted transaction                    hash=0xe12e1082ac7f4dda28e0acb3f1e762eeee6d9e0b8987c463990cd0e2b18c742c from=0x92424e4F86201c931BA53EB48619D93244c18E13 nonce=370 recipient=0x5644c14593ae5dE45211F5F51F004F5303D554e9 value=1
INFO [06-17|11:06:36.584] Submitted transaction                    hash=0xbf1d88b043a7d23fc35aa0b43ff143eed5f8ec8934f74d1246d2e01bcd20a26f from=0x92424e4F86201c931BA53EB48619D93244c18E13 nonce=371 recipient=0xF3E5e48dCf24838787C65660E51814b1b01f6c90 value=1
INFO [06-17|11:06:36.609] Submitted transaction                    hash=0x280f9d5be2b6811cb0d6936150fbf4abe17fe7884a6fd7a6bdbeb0d57cabe833 from=0x92424e4F86201c931BA53EB48619D93244c18E13 nonce=372 recipient=0x6369125e3eBb3EFCaa133B4E0325bcf699F00Aa3 value=1
INFO [06-17|11:06:36.637] Submitted transaction                    hash=0x1af33381650e2267feec5c9c4a70dbacb98f161a08209260d7a15b6d7037ac0f from=0x92424e4F86201c931BA53EB48619D93244c18E13 nonce=373 recipient=0xDc1EecDC0FCa81d8d9bd099602873E176A12bD51 value=1
INFO [06-17|11:06:36.663] Submitted transaction                    hash=0x5d53ece32bf20002c545561e78f7c87e8f2e212276ff550f40d8843e5c993bf6 from=0x92424e4F86201c931BA53EB48619D93244c18E13 nonce=374 recipient=0x64c9590046825430cB6548Ae321C6a88A3df117c value=1
INFO [06-17|11:06:36.690] Submitted transaction                    hash=0xf74759326d5f5a1ff2c0cac84691e769dd9d340126c1b9b773bdebf61ff0062a from=0x92424e4F86201c931BA53EB48619D93244c18E13 nonce=375 recipient=0x693c52EFb2cb2ee4E65581d9cf9CC6C5F6ffC20c value=1
INFO [06-17|11:06:36.717] Submitted transaction                    hash=0xf2881bebc608af04d51410f23c1541bfac1b8dc536f7162590e33922e4ece93e from=0x92424e4F86201c931BA53EB48619D93244c18E13 nonce=376 recipient=0x3F35227431c79c8228305ACb104bDca562D5C998 value=1
INFO [06-17|11:06:36.744] Submitted transaction                    hash=0xc8036f178c23b0aa7c4b90e1a5199973c71b71c6d9ec86e4cc93738482c8b5fb from=0x92424e4F86201c931BA53EB48619D93244c18E13 nonce=377 recipient=0x3b3883eabE5eA6fc95865b1d18EAc99fB605Ab14 value=1
INFO [06-17|11:06:36.770] Submitted transaction                    hash=0xe88cc4fe7c64aac43d12d0a26ebb78b133858d506a1eaafe44880c0aa356fe55 from=0x92424e4F86201c931BA53EB48619D93244c18E13 nonce=378 recipient=0x9c4E30B1020169C6A60D80357E7f11E323adD1B4 value=1
INFO [06-17|11:06:36.797] Submitted transaction                    hash=0x77b05086de11dc5d4f85589cf1f107fe354a122d54525dc968b677e01baf47d1 from=0x92424e4F86201c931BA53EB48619D93244c18E13 nonce=379 recipient=0x1a10405195E5c03ce8585C914bE18191Df2f0613 value=1
INFO [06-17|11:06:36.820] Submitted transaction                    hash=0x83599eab80208882ea4982e9d632c0919a8daaba12f4a3afb79ab6f4d67a77f5 from=0x92424e4F86201c931BA53EB48619D93244c18E13 nonce=380 recipient=0x1492c9470e8206edD18afdd2b56f453cAeD286f8 value=1
INFO [06-17|11:06:36.846] Submitted transaction                    hash=0x66c31cc3ce43b4a5232520c7b5e44876f468a279fcbaa16a0d4bf63b0286a6b6 from=0x92424e4F86201c931BA53EB48619D93244c18E13 nonce=381 recipient=0xD501BD14bFC54F595a4b04d9bec0d01f1102151b value=1
INFO [06-17|11:06:36.861] Submitted transaction                    hash=0x8024c0435304554bbc1ad12b9bba3a81f244c87ca0f0ceb8313c74f2bbb11d1d from=0x92424e4F86201c931BA53EB48619D93244c18E13 nonce=382 recipient=0x3c57EcECd05E8f773D278994cdDb831ffd86f564 value=1
INFO [06-17|11:06:36.888] Submitted transaction                    hash=0xb69026f7f14614ac861c34d88991dd9875528c47206cffb5be09685ef1e545d3 from=0x92424e4F86201c931BA53EB48619D93244c18E13 nonce=383 recipient=0x3748beDFf84ae324654e6DfD6F2ADF2aBfce4bb5 value=1
INFO [06-17|11:06:36.915] Submitted transaction                    hash=0x931947ea40fdce5aeba1fef064dc5249bca2a5a94e268b0d92f808da4d22628c from=0x92424e4F86201c931BA53EB48619D93244c18E13 nonce=384 recipient=0xc7D34048B54F9245a26B56A8634AE76d22B6E4b0 value=1
INFO [06-17|11:06:36.941] Submitted transaction                    hash=0x57c5ff4df2db82303987e8b8589de074d28e8b8caba8d52b515b958705af72dc from=0x92424e4F86201c931BA53EB48619D93244c18E13 nonce=385 recipient=0xc1a3dbBC21fCFc5a74E8Daba327501E13E956018 value=1
INFO [06-17|11:06:36.969] Submitted transaction                    hash=0x6b1661927241fb6e66ee385c0f1c9637e9b3a4ac4ede192d801c51db2e9662d9 from=0x92424e4F86201c931BA53EB48619D93244c18E13 nonce=386 recipient=0xdb3f13bdd1c22798443B7c6ff29798Fa4dE1eA5B value=1
INFO [06-17|11:06:36.999] Submitted transaction                    hash=0x56feb03a02baceaa86e4436db9baf7d559a1cdd3f61e32183cb68a7fa6b906a4 from=0x92424e4F86201c931BA53EB48619D93244c18E13 nonce=387 recipient=0x2b9e89D82cA42680fca95b1872A408dC0b909626 value=1
INFO [06-17|11:06:37.025] Submitted transaction                    hash=0xe0302c7d8b362ed2dc36ed8f5d0844ff4776fa2eb6c5788966d4c7d8d108b6cf from=0x92424e4F86201c931BA53EB48619D93244c18E13 nonce=388 recipient=0x419354eBFdE38e9eAa3e2066816cF3182FA86C61 value=1
INFO [06-17|11:06:37.053] Submitted transaction                    hash=0x79de53dd779c643fa297b80f74f192337bd329d6c429710ff46bcac76c4c54d1 from=0x92424e4F86201c931BA53EB48619D93244c18E13 nonce=389 recipient=0xEEA198e6280b28AC8ee96591E5bD4fe84cE710a1 value=1
INFO [06-17|11:06:37.078] Submitted transaction                    hash=0xae30ab6d9505ea0d111a3437ad16fda66f489f4ef196cc15ba4c1d12c764872d from=0x92424e4F86201c931BA53EB48619D93244c18E13 nonce=390 recipient=0x76878080b0A0213c69f50c1b44bfd82589887eE4 value=1
INFO [06-17|11:06:37.105] Submitted transaction                    hash=0xe7868e3d10a4be718c6e8b3abdccc6d4d87d31724b7d98ae94aa4f0d98756426 from=0x92424e4F86201c931BA53EB48619D93244c18E13 nonce=391 recipient=0xc47E44280994ec0753c42365ED289d758A304C6B value=1
INFO [06-17|11:06:37.132] Submitted transaction                    hash=0x55d16228568ae6978ce3ef4243d050584fe447e97656c58848e03c0019cf3eff from=0x92424e4F86201c931BA53EB48619D93244c18E13 nonce=392 recipient=0xfCA9E37bBfb871C3f143269E74BF1445f7B2801a value=1
INFO [06-17|11:06:37.160] Submitted transaction                    hash=0x8bfbc008721baa0a2841678a772491f8ad5413dd74ac0c39eb075019eb324918 from=0x92424e4F86201c931BA53EB48619D93244c18E13 nonce=393 recipient=0xa6Fc6b3727FDc87f47e6A7Fafe6094ab88c68687 value=1
INFO [06-17|11:06:37.188] Submitted transaction                    hash=0xb5c3881c191eea9567036ade7d27d716f5bd40b412463f02f96d61a72093a7cd from=0x92424e4F86201c931BA53EB48619D93244c18E13 nonce=394 recipient=0xe97B70c2257077860c827C25BB19fD7126a23b26 value=1
INFO [06-17|11:06:37.214] Submitted transaction                    hash=0xff6dece5fa4f260ae18b0974613cc9a70dc0a129657dbc4a94e7b881aca98207 from=0x92424e4F86201c931BA53EB48619D93244c18E13 nonce=395 recipient=0xde81ec23a3D3ebf98F69349CC22F97A36656e432 value=1
INFO [06-17|11:06:37.241] Submitted transaction                    hash=0x6df53af4555108a601810e363828691a2b547867688ffeec7437b1aedebe37ec from=0x92424e4F86201c931BA53EB48619D93244c18E13 nonce=396 recipient=0xAaf4A96CF1933D75F35D28BC22D4a6F04a7D1284 value=1
INFO [06-17|11:06:37.268] Submitted transaction                    hash=0x58fbb67395fde269d20554831ae3095604407c602f4b517550b790f1190c89e1 from=0x92424e4F86201c931BA53EB48619D93244c18E13 nonce=397 recipient=0xe0465B3925213eB2639bF7bDf83fA6bFbe4A6D2f value=1
INFO [06-17|11:06:37.294] Submitted transaction                    hash=0x7a635c386860e6e6564a8043f413b35ebc23f31177816e0d6a858cca707d705e from=0x92424e4F86201c931BA53EB48619D93244c18E13 nonce=398 recipient=0x2Fa0A0A32c237a3BBd02EAbadCf225D808EDDd88 value=1
INFO [06-17|11:06:37.323] Submitted transaction                    hash=0x5035c0ed499c2e664f402f0a7862a0cee8e40d3b02f0c77550d20e035842c91d from=0x92424e4F86201c931BA53EB48619D93244c18E13 nonce=399 recipient=0x002AcDe399cb2c78C306243e98fc213029a46c23 value=1
INFO [06-17|11:06:37.350] Submitted transaction                    hash=0x00e327c600718bf362ac13996c6279a6e4dc56013d1c4727170f09608504e056 from=0x92424e4F86201c931BA53EB48619D93244c18E13 nonce=400 recipient=0xA5554225B8445c87a9ec30231260F4bAf758BAAa value=1
INFO [06-17|11:06:37.351] Commit new sealing work                  number=6 sealhash=8537a1..400620 txs=236 gas=4,956,000 fees=0.004956 elapsed=25.302ms
INFO [06-17|11:06:37.378] Submitted transaction                    hash=0x7ecdf98e972be2a6c37dcbd2f9cd21bedbaa44cde2a13688497e116aa5d89475 from=0x92424e4F86201c931BA53EB48619D93244c18E13 nonce=401 recipient=0x173e1b8EbFAd073027a293400A2D324B3f0A4a00 value=1
INFO [06-17|11:06:37.406] Submitted transaction                    hash=0xdd6285b8de365ed3e6a33ff8c11321508baf6eb02c041a3b79d09204ff99e28b from=0x92424e4F86201c931BA53EB48619D93244c18E13 nonce=402 recipient=0xc9EC05c1640987019f30C89EAc24111739d61e6E value=1
INFO [06-17|11:06:37.432] Submitted transaction                    hash=0x128c934f704e2af6709ff999bc45c7718e6fe22dd6a487b8eb6257b8b11b6a31 from=0x92424e4F86201c931BA53EB48619D93244c18E13 nonce=403 recipient=0xdf46611372A6632512Eb2ac67019711406CFA4B8 value=1
INFO [06-17|11:06:37.459] Submitted transaction                    hash=0x6ddc03d22ed566b71c778f4fc58fce18db96a242f8a4371d9e9b0199337bf7df from=0x92424e4F86201c931BA53EB48619D93244c18E13 nonce=404 recipient=0x7D6c450dcDB5B3718f4E8d742Da3636BD3bc999A value=1
INFO [06-17|11:06:37.485] Submitted transaction                    hash=0x0b3d8229108e9b331dd45ad8c6e44e3bc121fe6e3313c6a3138c1cccb2d5770c from=0x92424e4F86201c931BA53EB48619D93244c18E13 nonce=405 recipient=0x767f8c1aB0Fa4D30335802595eD0757508Ca1671 value=1
INFO [06-17|11:06:37.510] Submitted transaction                    hash=0xf1f43159070816e4d30997167233f1111163a4da92f0f598f58e748b95b4b6dd from=0x92424e4F86201c931BA53EB48619D93244c18E13 nonce=406 recipient=0x88DCC626F9d851d81c78Db7556c33b84EC8F0443 value=1
INFO [06-17|11:06:37.537] Submitted transaction                    hash=0xd50a43abd0240f47707663c93d7d50ddd6ed7818b03043b8b0c4b284a559efcb from=0x92424e4F86201c931BA53EB48619D93244c18E13 nonce=407 recipient=0xb5E4aE278Fb21019981Da63e74afBf403F2fE6A6 value=1
INFO [06-17|11:06:37.563] Submitted transaction                    hash=0x16c1b9b5e78e64168e8357c541d2ec162e51acdf1100dc136a94cfd487449356 from=0x92424e4F86201c931BA53EB48619D93244c18E13 nonce=408 recipient=0x1F45Ac253E4AF369C237D76aca4057B9c1aA9875 value=1
INFO [06-17|11:06:37.589] Submitted transaction                    hash=0x2e5d793fe05b28398129ed506551e160c2db2a5ceffa22c9fbfc578d34265980 from=0x92424e4F86201c931BA53EB48619D93244c18E13 nonce=409 recipient=0xba887BE39EA9304ae2b01225d88139446b64f428 value=1
INFO [06-17|11:06:37.617] Submitted transaction                    hash=0xd42d8843c8f15f0860f2da9214405fae68896ad562d046c388a8759c439858fe from=0x92424e4F86201c931BA53EB48619D93244c18E13 nonce=410 recipient=0x802967Ad8aCB18A4b3AF4216AcEfeB4993CAc528 value=1
INFO [06-17|11:06:37.644] Submitted transaction                    hash=0xdeb5fc674889f3c42c6301035b7ad0f83e6d6b7cf13b90c53478b3aed3bb1f0d from=0x92424e4F86201c931BA53EB48619D93244c18E13 nonce=411 recipient=0x8AaE3C8baa486096B2d4b96dAdBDAe024719c300 value=1
INFO [06-17|11:06:37.671] Submitted transaction                    hash=0xbc5e1b789ea8afbbdac85bb850c38f1e36f7e0b620b06904003a08c0ac6997d4 from=0x92424e4F86201c931BA53EB48619D93244c18E13 nonce=412 recipient=0xBF1Ea0DE276Af2D4B454E70234a1b98dC9a3D5FE value=1
INFO [06-17|11:06:37.697] Submitted transaction                    hash=0x4c246d1443e1db14860ed1ef0a828f3798ec179c45884a9e02d545573bb35464 from=0x92424e4F86201c931BA53EB48619D93244c18E13 nonce=413 recipient=0x2d1238c8dfF3F16A37FC3c0bAf245c25De10B3C1 value=1
INFO [06-17|11:06:37.723] Submitted transaction                    hash=0xd0684bde1e6f2b2b8c304033c21ddffa45ee85fee00c7406603ee892b36c1ba9 from=0x92424e4F86201c931BA53EB48619D93244c18E13 nonce=414 recipient=0xFEedD8109441ae3D293ceaE7E431a29707d51c1d value=1
INFO [06-17|11:06:37.747] Submitted transaction                    hash=0x5b40334ab03715b76748049217b8bb1314567add73c40522108cb84518577649 from=0x92424e4F86201c931BA53EB48619D93244c18E13 nonce=415 recipient=0x00dcF0cCFe79f1236f4AB5a74537e77b9DbA4110 value=1
INFO [06-17|11:06:37.774] Submitted transaction                    hash=0x292b9e8eebe1fa1e4399baa180f91ade5fb8a1dd07fb0d7aa9da6adf86942100 from=0x92424e4F86201c931BA53EB48619D93244c18E13 nonce=416 recipient=0xfB11a74ca76c8703e2A4E26fEA33788ec58b0765 value=1
INFO [06-17|11:06:37.801] Submitted transaction                    hash=0x83294ced26507e5e8518f3dcad2abd9401064ec272d3b08eaf6261764dc45ec8 from=0x92424e4F86201c931BA53EB48619D93244c18E13 nonce=417 recipient=0x8Cc28614462929D888b2BE506bc19574097ee24A value=1
INFO [06-17|11:06:37.828] Submitted transaction                    hash=0x40a64806167b75d02eb781af149e661621056622eff6e736e5681666adf6742d from=0x92424e4F86201c931BA53EB48619D93244c18E13 nonce=418 recipient=0x0bc6a060c18DdedC62252406A23B2052564c5063 value=1
INFO [06-17|11:06:37.855] Submitted transaction                    hash=0x65ea653c031b8c232a33627f10816331456b972bc69ef637fd82124b253bb7fa from=0x92424e4F86201c931BA53EB48619D93244c18E13 nonce=419 recipient=0xA1206340254FE9FEF81839297e50837eF9bd5891 value=1
INFO [06-17|11:06:37.882] Submitted transaction                    hash=0xb2674293c185cb41a628e66ba5f96d2daf319369fc67d3dd57c0062952a4f43d from=0x92424e4F86201c931BA53EB48619D93244c18E13 nonce=420 recipient=0x89ef161F8d1Ec037108420aD32F688ef2F879491 value=1
INFO [06-17|11:06:37.909] Submitted transaction                    hash=0x8dc6e080a137c2b51ea1f07324784a96f7f74f6dc6bf7dde78d83f94e29f9008 from=0x92424e4F86201c931BA53EB48619D93244c18E13 nonce=421 recipient=0x4AAF8466F824819452FD452590973F664977Ab99 value=1
INFO [06-17|11:06:37.932] Submitted transaction                    hash=0x15632f6eadd5511776a020ab0a6007e1fb4a3fe0557182629753cd93e81b0883 from=0x92424e4F86201c931BA53EB48619D93244c18E13 nonce=422 recipient=0xB3C7D0867b04820E71b595F039123b68978f29B0 value=1
INFO [06-17|11:06:37.952] Submitted transaction                    hash=0x87ad0a63d622cc4179762f1c45f401dc21b2483c3a191dc1ab3c460174a53412 from=0x92424e4F86201c931BA53EB48619D93244c18E13 nonce=423 recipient=0x7E6f09d7C09A4B1087ce6169b9b33B1c2C4d2691 value=1
INFO [06-17|11:06:37.979] Submitted transaction                    hash=0x92a9213feac511d36a0906e77e6c0e1b637b00364adf474b0d04a808bc931b73 from=0x92424e4F86201c931BA53EB48619D93244c18E13 nonce=424 recipient=0x325346803Fb3Ec5D3Abf46F6a3486326b73E9f72 value=1
INFO [06-17|11:06:38.005] Submitted transaction                    hash=0xae851c316a723b8f81d44f8db472a4c2096f908666e0d2cec1182d3e233a4fd5 from=0x92424e4F86201c931BA53EB48619D93244c18E13 nonce=425 recipient=0xcB6733e3170c61e67D63e4da3Dd02eB1F8fCA992 value=1
INFO [06-17|11:06:38.033] Submitted transaction                    hash=0x7ecb6b2ef15cfed6a6ee268987f3f78fd46352d00634d7b25fa68965c1afafa9 from=0x92424e4F86201c931BA53EB48619D93244c18E13 nonce=426 recipient=0x6eEA688Ca72Cf5845cb09C412B1EFe027813001a value=1
INFO [06-17|11:06:38.059] Submitted transaction                    hash=0x87403759e414730be129bc517e6f1c1fbe8b19c0c768ae38786a39fdcac96c96 from=0x92424e4F86201c931BA53EB48619D93244c18E13 nonce=427 recipient=0x2c8d0a06C0EC772538d63C9505C13320103E6C29 value=1
INFO [06-17|11:06:38.086] Submitted transaction                    hash=0x62b92cd88110fa7369c04a6e5b9196254173790f5a7c9f18d5679b553cd783be from=0x92424e4F86201c931BA53EB48619D93244c18E13 nonce=428 recipient=0xc5a561DeE29BF55ed4C779425E8AE123895Cf6a2 value=1
INFO [06-17|11:06:38.112] Submitted transaction                    hash=0x77252c62ef87c0b1477194ae693c4d7d64f104ef1ac927922d4d8e49b58395e4 from=0x92424e4F86201c931BA53EB48619D93244c18E13 nonce=429 recipient=0x15ca47C408E05718b40D08d5fDc858F3700011c5 value=1
INFO [06-17|11:06:38.139] Submitted transaction                    hash=0x3c0c3e459f547a360cbf83b7553bca76b58718739428c7f094c9aa62582ee6c3 from=0x92424e4F86201c931BA53EB48619D93244c18E13 nonce=430 recipient=0x67750BE7EEd1342CC4154c9cc5e617138179D5A6 value=1
INFO [06-17|11:06:38.165] Submitted transaction                    hash=0x417d39eb53a3c1dd9da3d9d01b252eb82fa6a5c3f8223c6314d5b7c4ce4f6863 from=0x92424e4F86201c931BA53EB48619D93244c18E13 nonce=431 recipient=0xc30C1aE9EE1365cba0ffB9070d5FC882ad4C2561 value=1
INFO [06-17|11:06:38.192] Submitted transaction                    hash=0xcd802609390976ea5ac61b802c3227908694bc50b632e6e382431bac2f0902eb from=0x92424e4F86201c931BA53EB48619D93244c18E13 nonce=432 recipient=0xaEBE74AFC0ab33398b32B596bC3dc89B142A4d64 value=1
INFO [06-17|11:06:38.219] Submitted transaction                    hash=0x9ddbedcd923a20a7098b080f0630e5b3f6bd2c900ebf10d8ed6bfea0dfdeffe3 from=0x92424e4F86201c931BA53EB48619D93244c18E13 nonce=433 recipient=0x21101203a9f77B0abda6F586E0402DEeF57F16F0 value=1
INFO [06-17|11:06:38.245] Submitted transaction                    hash=0x7765f3dbca72c19bf99ae63af116dd375776fedd634d6da17cb04b1686dc255d from=0x92424e4F86201c931BA53EB48619D93244c18E13 nonce=434 recipient=0x3ad383620f6f600d8811cFF7a2dC4979A2A217Ce value=1
INFO [06-17|11:06:38.271] Submitted transaction                    hash=0xc3f5870ddf75879429e5d58e10e24905a657858dbd02bb8670dcd0a7e613fd55 from=0x92424e4F86201c931BA53EB48619D93244c18E13 nonce=435 recipient=0x55cac95eC3c3A9f5fdc84097D6aD086F8656eAA7 value=1
INFO [06-17|11:06:38.299] Submitted transaction                    hash=0x419921fd724e5bddff5bb0c1dec3c202316512d1a6c04148de7396a933710963 from=0x92424e4F86201c931BA53EB48619D93244c18E13 nonce=436 recipient=0xdC3BADb301505eB387aEceb5A24FC09d28B80058 value=1
INFO [06-17|11:06:38.326] Submitted transaction                    hash=0xb81c8865b30a7c8c938cfd7a053cfea53e2a32da786e682b6696cea5b3a11d50 from=0x92424e4F86201c931BA53EB48619D93244c18E13 nonce=437 recipient=0x5C45D692499ce68F1E962c12688D2B27877746c6 value=1
INFO [06-17|11:06:38.353] Submitted transaction                    hash=0x49f067dd41f9eba5aed5fbd15fb6766a3293163a562a53f2c9ceed43c6a35745 from=0x92424e4F86201c931BA53EB48619D93244c18E13 nonce=438 recipient=0xAf952C8b50e86F20Ab29065E0aC8D1C38AFbf153 value=1
INFO [06-17|11:06:38.380] Submitted transaction                    hash=0x17e79da364d713fc4abf71ea2c6233a05380581972e9571250c2cd03bc9c073b from=0x92424e4F86201c931BA53EB48619D93244c18E13 nonce=439 recipient=0xA760756b1CfbF5Ad75ff097bF58dF28524F79450 value=1
INFO [06-17|11:06:38.408] Submitted transaction                    hash=0xf96738f949f3ab9265d44b959c14d22ad5a45691fc42bbcd6e2d81c1dc7aefe7 from=0x92424e4F86201c931BA53EB48619D93244c18E13 nonce=440 recipient=0xd33470E6a9D913B6E4bfF9A434b6687C5C869E06 value=1
INFO [06-17|11:06:38.434] Submitted transaction                    hash=0xb16c1200ec65f24421b8711274c73c0f1f2aefd1cee70b01acb7734b7d0a8244 from=0x92424e4F86201c931BA53EB48619D93244c18E13 nonce=441 recipient=0x709Af6F4594c264fab70af27d28f929A6cb556CA value=1
INFO [06-17|11:06:38.461] Submitted transaction                    hash=0xfd865b21b7361334577a8e5bd03e1663898955232019ed6e011bf00db61304b8 from=0x92424e4F86201c931BA53EB48619D93244c18E13 nonce=442 recipient=0xe82e861ffcEaBdE0f3C3C28F938FFf21241d7c14 value=1
INFO [06-17|11:06:38.487] Submitted transaction                    hash=0xce105bc89b3acecad39feb176dfd54888a93ec1af2f06e63d5f50ceb4e58cb19 from=0x92424e4F86201c931BA53EB48619D93244c18E13 nonce=443 recipient=0xadAB9d2Fc00fAfe7A7f022f0211c6BbDB377932e value=1
INFO [06-17|11:06:38.514] Submitted transaction                    hash=0x1c635d0a927590b11621d4ff2387106ebd4d2bbef9157fb0f6d684e8c2dcac9e from=0x92424e4F86201c931BA53EB48619D93244c18E13 nonce=444 recipient=0xcB6FA04D8cB5CC2819d81aA5A151810C31c029f5 value=1
INFO [06-17|11:06:38.542] Submitted transaction                    hash=0x45aaeb40c4d418a0183037cef08e4d4101d4007a743d8ced2358071f4d9af449 from=0x92424e4F86201c931BA53EB48619D93244c18E13 nonce=445 recipient=0xf2e3197c74ebf0A48a45c8E8Aac8E0678C968611 value=1
INFO [06-17|11:06:38.569] Submitted transaction                    hash=0xfc5b64d01a4d332ff3471ebd02be8c6bf341f52181cd7413cfdd5788fe2d4e19 from=0x92424e4F86201c931BA53EB48619D93244c18E13 nonce=446 recipient=0xc9028aEEf4dDfA245327C7f8B280953a80808381 value=1
INFO [06-17|11:06:38.596] Submitted transaction                    hash=0xb3dc3ecdb46c4fd3645f6bbf0eff011df3084f3f9815e134eb8065df4ce7606c from=0x92424e4F86201c931BA53EB48619D93244c18E13 nonce=447 recipient=0x201210C6E5E88CF805D6121aC03322a189F30420 value=1
INFO [06-17|11:06:38.623] Submitted transaction                    hash=0x549184175fdf8700ca0f12af5f252fa35cf984ff5257ff7bd6a98501211f3fb4 from=0x92424e4F86201c931BA53EB48619D93244c18E13 nonce=448 recipient=0xe382FF3DBbB61dE0899028b17513fa870b13e07E value=1
INFO [06-17|11:06:38.650] Submitted transaction                    hash=0xd5355b2ca58279ae4b0b5712d4e765a97521509d41d9ceb4f260d853f55c2e39 from=0x92424e4F86201c931BA53EB48619D93244c18E13 nonce=449 recipient=0x70E8fc6b83a0E7ccDFf8B1e6BC2A4148609a5638 value=1
INFO [06-17|11:06:38.677] Submitted transaction                    hash=0x6dea1b4da67f95c5f3f644f40de2c9a4671924d15bf0a07503719a62d6726166 from=0x92424e4F86201c931BA53EB48619D93244c18E13 nonce=450 recipient=0x3ca45d7BE7B72fAceFe69c86D189775b9Ce39004 value=1
INFO [06-17|11:06:38.704] Submitted transaction                    hash=0xdb6d59516ec016d7dd96970c5cedcaf6c3532018249a5c9af95bafede6ccd40f from=0x92424e4F86201c931BA53EB48619D93244c18E13 nonce=451 recipient=0x187DB3e538bC0D0Bd8538c53444c9D2d41790652 value=1
INFO [06-17|11:06:38.732] Submitted transaction                    hash=0x8ce89fe2b71f2bc82f497a50c87b14e04599dbee8cd3377ab6246e096adc3210 from=0x92424e4F86201c931BA53EB48619D93244c18E13 nonce=452 recipient=0xC442444862cF08F3fE27b348Dfe2f5a84bCCbe3a value=1
INFO [06-17|11:06:38.758] Submitted transaction                    hash=0x9ec14c6f63082753023c41dc9f743e28bb3236300f9731677f4a2a26f765e494 from=0x92424e4F86201c931BA53EB48619D93244c18E13 nonce=453 recipient=0x9A7A3592D1BDFBEd9190D0992D38ea2C3110Aaea value=1
INFO [06-17|11:06:38.785] Submitted transaction                    hash=0x8d6189eb81ad95325a534c89ce6e15730ecba14b661f56861feafbaa978503e1 from=0x92424e4F86201c931BA53EB48619D93244c18E13 nonce=454 recipient=0x11904821D59E677B30363d9Ce3EC62F934416949 value=1
INFO [06-17|11:06:38.811] Submitted transaction                    hash=0x84c997d57690c7ecc86df4ed3d6c44014df54fbd84957304af913e4d61f36f1a from=0x92424e4F86201c931BA53EB48619D93244c18E13 nonce=455 recipient=0x2401599472C2805c381698Ffa330eE97b6BE8d8B value=1
INFO [06-17|11:06:38.838] Submitted transaction                    hash=0xe8c5aeeaaa1c27f551f0442db4684145f1cf854edd9b9a5f534bd63768330e12 from=0x92424e4F86201c931BA53EB48619D93244c18E13 nonce=456 recipient=0xA8e15318344a4534d24191fb7f1E7A68fD9eD68c value=1
INFO [06-17|11:06:38.864] Submitted transaction                    hash=0xeeaf4570ef825cedced4a0c83b66f264bc5182051ade64de337cbaa260387297 from=0x92424e4F86201c931BA53EB48619D93244c18E13 nonce=457 recipient=0xBD113971C8E1Aff2eb05a3967C42A7d1d9780E64 value=1
INFO [06-17|11:06:38.892] Submitted transaction                    hash=0x1b04ad764b3c6ec4f7e54f1000e3ab29afb260765c3704494c3806910a7ec5f6 from=0x92424e4F86201c931BA53EB48619D93244c18E13 nonce=458 recipient=0x64E7a02dCF8eB34f97Ee27679869cDEE3836A9BA value=1
INFO [06-17|11:06:38.920] Submitted transaction                    hash=0x0f5638f0114f5915dc86c35cfa8c5186eb8d48ad3facd24b91e44c470e246001 from=0x92424e4F86201c931BA53EB48619D93244c18E13 nonce=459 recipient=0x5B418d4bC7677e3A15841FE7615036Fd5d2bc6b4 value=1
INFO [06-17|11:06:38.945] Submitted transaction                    hash=0x24eb2066ae4c57e8e7327cec4012753edf70e65cc1b28a4ac6a245e45b3e4276 from=0x92424e4F86201c931BA53EB48619D93244c18E13 nonce=460 recipient=0xBd1E684B79d42Ea6850950b21c9324768e462E6B value=1
INFO [06-17|11:06:38.972] Submitted transaction                    hash=0x630ff721755156e041c02e6dd8fdbcb8f758fbf7fdac87fa671ab33675f14c4f from=0x92424e4F86201c931BA53EB48619D93244c18E13 nonce=461 recipient=0xA2E3a5CC8500f71ca7758e99c31C0a9D7588A085 value=1
INFO [06-17|11:06:38.999] Submitted transaction                    hash=0x9f2fd863644c9ce058d9ecf796ab7751bc724ffc5697af2b20348571d7f2247d from=0x92424e4F86201c931BA53EB48619D93244c18E13 nonce=462 recipient=0xc263b9330545334D8cEa3F794CCBE09d1CEe02Ec value=1
INFO [06-17|11:06:39.025] Submitted transaction                    hash=0xb72de512e845e886aaa83113520f7fc05832d08c27507a1bdbef66da4574944f from=0x92424e4F86201c931BA53EB48619D93244c18E13 nonce=463 recipient=0x8aaF7018F2B4a0F9b418049EB621321A22f413f5 value=1
INFO [06-17|11:06:39.053] Submitted transaction                    hash=0xf2952f7cb5e042743928689610da42dda2ec5542d19907bf83b1c3914ddf0d52 from=0x92424e4F86201c931BA53EB48619D93244c18E13 nonce=464 recipient=0x1494AB0a3cb52e117Efc568bfC9D50A1DB07F377 value=1
INFO [06-17|11:06:39.080] Submitted transaction                    hash=0x2a0ef3c9e0945263f4e74208ef80d1e2bac0e50c98aa5be45b568288a53c9a69 from=0x92424e4F86201c931BA53EB48619D93244c18E13 nonce=465 recipient=0x563AeC25b55C253e8d9DC081Fc1102D9f0084b49 value=1
INFO [06-17|11:06:39.106] Submitted transaction                    hash=0x66abbde1382e52e6505e0a2fdeb1b6cbd3b731676d9026fffebe1bafec2bb7d4 from=0x92424e4F86201c931BA53EB48619D93244c18E13 nonce=466 recipient=0x45913D7Bf2cCA966f6510740b64a3F1c0d810e3E value=1
INFO [06-17|11:06:39.132] Submitted transaction                    hash=0xde44b1b7bf01e6742ca2526f14ff88722a92c5a98cbb5442c61e0bf532bc88e3 from=0x92424e4F86201c931BA53EB48619D93244c18E13 nonce=467 recipient=0xcbB05F209EA3C167506f2b287B6ec0009fc88594 value=1
INFO [06-17|11:06:39.159] Submitted transaction                    hash=0x0355bd492bdd3d5aa03ee6d274242743a90ce51688a3675d3ee3efa994aab573 from=0x92424e4F86201c931BA53EB48619D93244c18E13 nonce=468 recipient=0x9E66858C4AbFa9e66cB9460b504DAD71FF3Dd4b4 value=1
INFO [06-17|11:06:39.184] Submitted transaction                    hash=0xf580f4b1e3e9d249b6f778e328690119d92e971e99c065f950a8fa120921b894 from=0x92424e4F86201c931BA53EB48619D93244c18E13 nonce=469 recipient=0xB2CF1e7C20D0e147a1990873D9f541d1dBE56aB2 value=1
INFO [06-17|11:06:39.211] Submitted transaction                    hash=0x3a323c5078319cfa405c4e5c42fd758c8b812f3b01f8e80f12ec7df835407a38 from=0x92424e4F86201c931BA53EB48619D93244c18E13 nonce=470 recipient=0xb24b6C24De76EBbcA217e87B2872771aF2821ec7 value=1
INFO [06-17|11:06:39.239] Submitted transaction                    hash=0x58b596ca22e1a69ddd98ede70b5b5b9231411b90a31badf61ab599634a21d39d from=0x92424e4F86201c931BA53EB48619D93244c18E13 nonce=471 recipient=0x785fB139A92e0b1df8fb79ab4138bF8d8f861BC8 value=1
INFO [06-17|11:06:39.265] Submitted transaction                    hash=0xe3ba96fb187bd17cba91a7ea65cd9a10826f16f93b558c40c22c532e9fbceac4 from=0x92424e4F86201c931BA53EB48619D93244c18E13 nonce=472 recipient=0x413bCB07cD7CA3A85636aFFe68152dC01FeD16f8 value=1
INFO [06-17|11:06:39.293] Submitted transaction                    hash=0x3aeb7d9a5a84d6ea9848f420403068971c4031ef24da0e4f026b7314555e6810 from=0x92424e4F86201c931BA53EB48619D93244c18E13 nonce=473 recipient=0xa994f7C3dE39B4db5770bA1c5df16BA50512B001 value=1
INFO [06-17|11:06:39.319] Submitted transaction                    hash=0x044063633e1c48dc78e5941946fec8d25345b105c063e18d06f31800b06724e2 from=0x92424e4F86201c931BA53EB48619D93244c18E13 nonce=474 recipient=0x7AA165c81bdCFfe50063dfb94c7F976B512ef28C value=1
INFO [06-17|11:06:39.342] Submitted transaction                    hash=0xb38dc11e8af50b9a55a4c5838a5c77c96f94017a7b4a37c5f1abf148e060ae5d from=0x92424e4F86201c931BA53EB48619D93244c18E13 nonce=475 recipient=0x78aACa5a28F5b810973e1990d542Bb41fabC2c52 value=1
INFO [06-17|11:06:39.353] Commit new sealing work                  number=6 sealhash=7e8dfb..9dfcf9 txs=311 gas=6,531,000 fees=0.006531 elapsed=26.701ms
INFO [06-17|11:06:39.369] Submitted transaction                    hash=0xcb9125dbec59cd6c330709461fa00fed2e9ee6e4ad7aa1cdc24c2397dbb33c6c from=0x92424e4F86201c931BA53EB48619D93244c18E13 nonce=476 recipient=0x4e5903bD00f0d25302464b3604147c6E0B4920e0 value=1
INFO [06-17|11:06:39.397] Submitted transaction                    hash=0xaf02a269d543ccdccc4fcaaf17c8ee9eda38218d7a6f66b076556f8a8e9493e4 from=0x92424e4F86201c931BA53EB48619D93244c18E13 nonce=477 recipient=0xCaa3571C95e34DDb929759A7932D91228DeF5e0C value=1
INFO [06-17|11:06:39.423] Submitted transaction                    hash=0x91dc145f05e6f3970876cd4d0d3cc3980108af24b2b1406e5ac0c492e1d25faa from=0x92424e4F86201c931BA53EB48619D93244c18E13 nonce=478 recipient=0x1e3eFCcf35241b6B6bB1C384587A6403763DEFeA value=1
INFO [06-17|11:06:39.450] Submitted transaction                    hash=0x7a6ceb5c757b2d7f46eebebfed08a9773641e3b6365738bea5636f5a5188c411 from=0x92424e4F86201c931BA53EB48619D93244c18E13 nonce=479 recipient=0x3Ce22ad9D1C1A2Ec17990aB947EbE8f4Abe48a66 value=1
INFO [06-17|11:06:39.477] Submitted transaction                    hash=0xc68e64ad3ca8270c7ec17dbb53e709835565eb92248e7ea1d7e1b1517026c24c from=0x92424e4F86201c931BA53EB48619D93244c18E13 nonce=480 recipient=0x5E74086F780d27Fd6bDCEE36e6EBD9c86E4E4143 value=1
INFO [06-17|11:06:39.504] Submitted transaction                    hash=0x5ba1a24d9ffd4a3c475c3b2d070f58d179dfd29787815954284c57dd9f4f2b54 from=0x92424e4F86201c931BA53EB48619D93244c18E13 nonce=481 recipient=0xa0C8938AE9D62E8162f3f89CB53298eCf51F7481 value=1
INFO [06-17|11:06:39.532] Submitted transaction                    hash=0x6a699d6f2e3111289c82a663d778fa39094d33e1e8b63321350ce6ac3a9cca63 from=0x92424e4F86201c931BA53EB48619D93244c18E13 nonce=482 recipient=0xCfC0d93d673396525B286CEb1777160C92d88754 value=1
INFO [06-17|11:06:39.558] Submitted transaction                    hash=0x793a11bc7e369f1d0d96102bcda05e4a408ba449962e8353d6d9731baf4c8ecb from=0x92424e4F86201c931BA53EB48619D93244c18E13 nonce=483 recipient=0x79c476cc8c6f335baec76502bc56Df5c766f1D87 value=1
INFO [06-17|11:06:39.586] Submitted transaction                    hash=0x352dbf1f1f94611dd1521e2abba35bc09e2be5361f8c5de06ac7e8224106fc3e from=0x92424e4F86201c931BA53EB48619D93244c18E13 nonce=484 recipient=0xA93966dd761b86DAcE81bfCeA839966E40CBCB94 value=1
INFO [06-17|11:06:39.613] Submitted transaction                    hash=0x4c1470ef9a78029faa68efec31674b87a96ad25685c394eeb700d0003728f7c2 from=0x92424e4F86201c931BA53EB48619D93244c18E13 nonce=485 recipient=0x3d5f663F460A8727Ff96a935cAd4Dc8eBAcFd902 value=1
INFO [06-17|11:06:39.640] Submitted transaction                    hash=0xe650666e9a75d7873f9fdda91f7680e5e27badc4a1b3c5b8dd938affbf4b7aca from=0x92424e4F86201c931BA53EB48619D93244c18E13 nonce=486 recipient=0xCb799b0AAb2B0B105A23744F5B9cF7Ef063c10B9 value=1
INFO [06-17|11:06:39.667] Submitted transaction                    hash=0x5587b27e030737580905ac6fb190b1a9241e60b01ffc25744882ffce0f3f8e51 from=0x92424e4F86201c931BA53EB48619D93244c18E13 nonce=487 recipient=0xb87F5f1553a17B8C547b717B438bf18e636A840c value=1
INFO [06-17|11:06:39.695] Submitted transaction                    hash=0x03f3c14ed253a6331d7c3e428e1effad6616c6dbd4756f16681478c85ec3b58a from=0x92424e4F86201c931BA53EB48619D93244c18E13 nonce=488 recipient=0xCF3709Ff884878cbDEDFfdA559497C2852373843 value=1
INFO [06-17|11:06:39.722] Submitted transaction                    hash=0xf75db9ec3577b78678c9a0909625b7b4fd6ff8ecdff7faac33a6efb066652818 from=0x92424e4F86201c931BA53EB48619D93244c18E13 nonce=489 recipient=0x518BbDf6a3Bef10e475f4F3A1cE9F0a1CD52918E value=1
INFO [06-17|11:06:39.749] Submitted transaction                    hash=0x61dbeafa8ece313a071a492dc01deb0a405b26b826236c59a7ea4e84bc8f783c from=0x92424e4F86201c931BA53EB48619D93244c18E13 nonce=490 recipient=0x6cFB37a9eB3EC398840E523E3d6b64AF06330C03 value=1
INFO [06-17|11:06:39.777] Submitted transaction                    hash=0x8041cf8a9ec208abf3309e819917f71d328f2d62d7b9a54185f2f39a1b9ae58b from=0x92424e4F86201c931BA53EB48619D93244c18E13 nonce=491 recipient=0xB64B1040311D8a6601268C3c5B47a9E778F94Fef value=1
INFO [06-17|11:06:39.805] Submitted transaction                    hash=0x40289641f35f99dc2eddb96ff1e4af6b1c26218d615fed798e03edb8164357bc from=0x92424e4F86201c931BA53EB48619D93244c18E13 nonce=492 recipient=0xa9BdEFb238455d6Bdd016FA338d7818b8f0e0bCC value=1
INFO [06-17|11:06:39.833] Submitted transaction                    hash=0x70e2a181963377b5654c1fb7ba39b64162fcadc070be7f527bb81a22478b27ef from=0x92424e4F86201c931BA53EB48619D93244c18E13 nonce=493 recipient=0x637C090E0defdB53E66C37d30af17ab46CD89D56 value=1
INFO [06-17|11:06:39.859] Submitted transaction                    hash=0x78ec8862b60802c70f026bfaf6fa612883658521cad6131379d5afa3ce539b1b from=0x92424e4F86201c931BA53EB48619D93244c18E13 nonce=494 recipient=0xB379B4de10cE65B1332ba4b94085736bA529b5C4 value=1
INFO [06-17|11:06:39.886] Submitted transaction                    hash=0x6410c9d3c8e2f09d21d6d2d8df170006c474da0c324159795582b4ce17939dc3 from=0x92424e4F86201c931BA53EB48619D93244c18E13 nonce=495 recipient=0x7520dC03D93f287f8c4DE210E6859a6c43959bB2 value=1
INFO [06-17|11:06:39.913] Submitted transaction                    hash=0x57d93681adff5e0a745ca04e778e6ff6c14d00520e119cd0f585e062faec15a3 from=0x92424e4F86201c931BA53EB48619D93244c18E13 nonce=496 recipient=0xA2d064C60d02262df3c5279a7f15b4aa63591710 value=1
INFO [06-17|11:06:39.940] Submitted transaction                    hash=0xf873af038fbd27044faccedc24821a5356513e1e3e4a9ca6c0d8f1e49e382e45 from=0x92424e4F86201c931BA53EB48619D93244c18E13 nonce=497 recipient=0x57Bd4966E6755E5b3402EA285317cc676fb09dD8 value=1
INFO [06-17|11:06:39.967] Submitted transaction                    hash=0xdfe5a0f1efbd6790b6582f0fa3c0594718045c36fdb4b4c3c27e082d38d68b06 from=0x92424e4F86201c931BA53EB48619D93244c18E13 nonce=498 recipient=0xaeac25a258aDC61eE9Bc34043e300394DF5192dD value=1
INFO [06-17|11:06:39.993] Submitted transaction                    hash=0x7f390dd59c003a3af26ba1f98578b5144bfe87a514d2d6acbf714b9d0ea2d14c from=0x92424e4F86201c931BA53EB48619D93244c18E13 nonce=499 recipient=0x14cB0957999D1D32C8C9eA3abb4208C86615dcE7 value=1
INFO [06-17|11:06:41.363] Commit new sealing work                  number=6 sealhash=0fad23..be4f66 txs=336 gas=7,056,000 fees=0.007056 elapsed=36.486ms
INFO [06-17|11:07:04.397] Partitioned MPT shadow update complete   block=6 root=0x9c9c58d6137895637bf69b22f0f6cb8f06a3c0b69e76fed860cb2c52145f1cac changedPaths=415 partitions=4 localViews=1
INFO [06-17|11:07:04.397] Successfully sealed new block            number=6 sealhash=0fad23..be4f66 hash=1b47c2..242ae3 elapsed=23.034s
INFO [06-17|11:07:04.398] Commit new sealing work                  number=7 sealhash=a87979..9c43e1 txs=0   gas=0         fees=0        elapsed=1.126ms
INFO [06-17|11:07:33.001] Successfully sealed new block            number=7 sealhash=a87979..9c43e1 hash=66df4a..325347 elapsed=28.602s
INFO [06-17|11:07:33.002] Commit new sealing work                  number=8 sealhash=44d41f..4b9a38 txs=0   gas=0         fees=0        elapsed="712.629µs"
INFO [06-17|11:08:03.002] Successfully sealed new block            number=8 sealhash=44d41f..4b9a38 hash=904dc7..ed577d elapsed=29.999s
INFO [06-17|11:08:03.002] Commit new sealing work                  number=9 sealhash=b62064..31f8d2 txs=0   gas=0         fees=0        elapsed="678.486µs"
INFO [06-17|11:08:33.001] Successfully sealed new block            number=9 sealhash=b62064..31f8d2 hash=5ff756..37abfb elapsed=29.998s
INFO [06-17|11:08:33.002] Commit new sealing work                  number=10 sealhash=cf9e6b..c78fce txs=0   gas=0         fees=0        elapsed="641.63µs"
INFO [06-17|11:09:03.001] Successfully sealed new block            number=10 sealhash=cf9e6b..c78fce hash=65350e..1777b2 elapsed=29.999s
INFO [06-17|11:09:03.002] Commit new sealing work                  number=11 sealhash=b8b15f..1d36bb txs=0   gas=0         fees=0        elapsed="811.738µs"
INFO [06-17|11:09:33.001] Successfully sealed new block            number=11 sealhash=b8b15f..1d36bb hash=426873..880fae elapsed=29.998s
INFO [06-17|11:09:33.002] Commit new sealing work                  number=12 sealhash=e5c18c..eaa9f2 txs=0   gas=0         fees=0        elapsed="922.969µs"
INFO [06-17|11:10:03.002] Successfully sealed new block            number=12 sealhash=e5c18c..eaa9f2 hash=061d19..5bd943 elapsed=29.999s
INFO [06-17|11:10:03.003] Commit new sealing work                  number=13 sealhash=ab6d95..385863 txs=0   gas=0         fees=0        elapsed="672.58µs"
INFO [06-17|11:10:33.001] Successfully sealed new block            number=13 sealhash=ab6d95..385863 hash=911f34..e96145 elapsed=29.998s
INFO [06-17|11:10:33.002] Commit new sealing work                  number=14 sealhash=76ab0c..ef91ec txs=0   gas=0         fees=0        elapsed="510.97µs"
INFO [06-17|11:10:36.579] Got interrupt, shutting down...
INFO [06-17|11:10:36.579] HTTP server stopped                      endpoint=127.0.0.1:8545
INFO [06-17|11:10:36.580] HTTP server stopped                      endpoint=127.0.0.1:8551
INFO [06-17|11:10:36.580] IPC endpoint closed                      url=/root/qqf/raptorq-geth/data/node1/geth.ipc
INFO [06-17|11:10:36.580] Ethereum protocol stopped
INFO [06-17|11:10:36.580] Transaction pool stopped
INFO [06-17|11:10:36.580] Looking for peers                        peercount=2 tried=0 static=3
INFO [06-17|11:10:36.582] Writing cached state to disk             block=13 hash=911f34..e96145 root=9c9c58..5f1cac
INFO [06-17|11:10:36.585] Persisted trie from memory database      nodes=698 size=99.41KiB time=2.457891ms gcnodes=0 gcsize=0.00B gctime=0s livenodes=176 livesize=30.08KiB
INFO [06-17|11:10:36.585] Writing cached state to disk             block=12 hash=061d19..5bd943 root=9c9c58..5f1cac
INFO [06-17|11:10:36.585] Persisted trie from memory database      nodes=0   size=0.00B    time="4.46µs"   gcnodes=0 gcsize=0.00B gctime=0s livenodes=176 livesize=30.08KiB
INFO [06-17|11:10:36.585] Writing snapshot state to disk           root=38eb50..9b0d65
INFO [06-17|11:10:36.585] Persisted trie from memory database      nodes=0   size=0.00B    time=995ns      gcnodes=0 gcsize=0.00B gctime=0s livenodes=176 livesize=30.08KiB
INFO [06-17|11:10:36.585] Blockchain stopped
